iNeuron,jNeuron,weight
0,0,0
0,1,1
0,2,0.957812
0,3,0.555214
0,4,0.429149
0,5,1
0,6,1
0,7,1
0,8,1
0,9,0.629463
0,10,0.761543
0,11,1
0,12,0.823141
0,13,0.66957
0,14,1
0,15,1
0,16,0.508215
0,17,1
0,18,0.759203
0,19,1
0,20,0.66233
0,21,0.527558
0,22,0.388135
0,23,0.623252
0,24,0.878561
0,25,0.935582
0,26,1
0,27,0.561706
0,28,1
0,29,0.743209
0,30,1
0,31,0.898912
0,32,0.614246
0,33,0.657435
0,34,0.994886
0,35,0.576521
0,36,0.488103
0,37,0.644679
0,38,0.18488
0,39,0.345234
0,40,0.797166
0,41,0.477342
0,42,0.151817
0,43,0.172319
0,44,0.663498
0,45,0.96743
0,46,0.834524
0,47,0.766168
0,48,0.635484
0,49,0.186318
0,50,0.68004
0,51,0.88446
0,52,0.317029
0,53,0.69143
0,54,0.159387
0,55,0.836587
0,56,0.289025
0,57,0.92087
0,58,0.0840683
0,59,0.0806866
0,60,0.404323
0,61,0.0619627
0,62,0.73242
0,63,0.770208
0,64,0.413551
0,65,0.525563
0,66,0.158842
0,67,0.742242
0,68,0.0599105
0,69,0.218343
0,70,0.0578867
0,71,0.743754
0,72,0.623353
0,73,0.0743201
0,74,0.857266
0,75,0.271326
0,76,0.0606478
0,77,0.672957
0,78,0.0519917
0,79,0.70316
0,80,0.865026
0,81,0.717675
0,82,0.641774
0,83,0.215641
0,84,0.458306
0,85,0.84582
0,86,0.0964998
0,87,0.806311
0,88,0.838715
0,89,0.230201
0,90,0.0482156
0,91,0.307283
0,92,0.271985
0,93,0.751836
0,94,0.148092
0,95,0.760187
0,96,0.36341
0,97,0.390541
0,98,0.590753
0,99,0.484017
0,100,0.701231
0,101,0.663252
0,102,0.324679
0,103,0.41058
0,104,0.824877
0,105,0.273532
0,106,0.780683
0,107,0.0445686
0,108,0.0576025
0,109,0.0445686
0,110,0.805751
0,111,0.0445686
0,112,0.746735
0,113,0.552395
0,114,0.362173
0,115,0.314939
0,116,0.521703
0,117,0.56857
0,118,0.247161
0,119,0.485494
0,120,0.0427949
0,121,0.32607
0,122,0.0427949
0,123,0.336329
0,124,0.21111
0,125,0.199984
0,126,0.223564
0,127,0.698326
0,128,0.716736
0,129,0.0410551
0,130,0.317957
0,131,0.553581
0,132,0.749631
0,133,0.779083
0,134,0.107799
0,135,0.720559
0,136,0.190174
0,137,0.0393498
0,138,0.0393498
0,139,0.393871
0,140,0.0817919
0,141,0.799177
0,142,0.57451
0,143,0.0393498
0,144,0.505542
0,145,0.0835718
0,146,0.445918
0,147,0.181193
0,148,0.799368
0,149,0.0376795
0,150,0.0376795
0,151,0.0376795
0,152,0.322779
0,153,0.0376795
0,154,0.380469
0,155,0.688667
0,156,0.247048
0,157,0.768211
0,158,0.553621
0,159,0.130412
0,160,0.0360447
0,161,0.0360447
0,162,0.0360447
0,163,0.795281
0,164,0.0360447
0,165,0.1193
0,166,0.680847
0,167,0.341841
0,168,0.318839
0,169,0.704961
0,170,0.0360447
0,171,0.577378
0,172,0.674442
0,173,0.657274
0,174,0.687823
0,175,0.320658
0,176,0
0,177,0.30886
0,178,0.681873
0,179,0
0,180,0.33591
0,181,0.685811
0,182,0
0,183,0
0,184,0
0,185,0.502129
0,186,0.716922
0,187,0.194711
0,188,0.46036
0,189,0.460563
0,190,0.515143
0,191,0.535983
0,192,0.689622
0,193,0.556617
0,194,0.528698
0,195,0
0,196,0
0,197,0.401524
0,198,0.399044
0,199,0.384168
1,0,0.178581
1,1,0
1,2,0.752355
1,3,0.379385
1,4,0.392215
1,5,0.551473
1,6,0.244942
1,7,0
1,8,0.637282
1,9,0.766438
1,10,0.778182
1,11,0.69075
1,12,0.288564
1,13,0.657786
1,14,0
1,15,0.325091
1,16,0.617667
1,17,0.536553
1,18,0.251874
1,19,0.0174427
1,20,0.208089
1,21,0
1,22,0
1,23,0
1,24,0
1,25,0.525909
1,26,0
1,27,0
1,28,0
1,29,0.352429
1,30,0.565912
1,31,0.258048
1,32,0
1,33,0.327175
1,34,0
1,35,0.349055
1,36,0
1,37,0.0191331
1,38,0.363462
1,39,0
1,40,0
1,41,0.307469
1,42,0
1,43,0.419753
1,44,0.189638
1,45,0
1,46,0
1,47,0.0634701
1,48,0.49443
1,49,0.552995
1,50,0.403612
1,51,0.0326016
1,52,0
1,53,0.502462
1,54,0.350813
1,55,0.0190309
1,56,0.410927
1,57,0.448665
1,58,0.339277
1,59,0.439668
1,60,0.203732
1,61,0.315643
1,62,0.110854
1,63,0.532881
1,64,0.0653283
1,65,0.210262
1,66,0.30701
1,67,0.449116
1,68,0
1,69,0.0936941
1,70,0.596245
1,71,0.00459822
1,72,0
1,73,0.612568
1,74,0
1,75,0.409847
1,76,0
1,77,0.246722
1,78,0
1,79,0.584273
1,80,0.194274
1,81,0
1,82,0
1,83,0.39756
1,84,0.568504
1,85,0
1,86,0
1,87,0.357194
1,88,0.555229
1,89,0.525942
1,90,0.170551
1,91,0.134558
1,92,0.21522
1,93,0.00656866
1,94,0.0418555
1,95,0.649807
1,96,0.235673
1,97,0.00656866
1,98,0.465266
1,99,0.254569
1,100,0.170654
1,101,0.423132
1,102,0.61997
1,103,0.354008
1,104,0.401591
1,105,0.00686176
1,106,0.122172
1,107,0.449744
1,108,0.421573
1,109,0.359799
1,110,0.386641
1,111,0.00686176
1,112,0.390694
1,113,0.00717308
1,114,0.00686176
1,115,0.312799
1,116,0.00717308
1,117,0.00717308
1,118,0.0166462
1,119,0.00717308
1,120,0.00717308
1,121,0.534323
1,122,0.204928
1,123,0.301882
1,124,0.535448
1,125,0.588149
1,126,0.298263
1,127,0.117824
1,128,0.649371
1,129,0.104766
1,130,0.0075018
1,131,0.161738
1,132,0.0075018
1,133,0.675315
1,134,0.0075018
1,135,0.607351
1,136,0.00784707
1,137,0.314617
1,138,0.397934
1,139,0.59502
1,140,0.0108629
1,141,0.121501
1,142,0.00784707
1,143,0.00784707
1,144,0.194465
1,145,0.00784707
1,146,0.380984
1,147,0.346181
1,148,0.170263
1,149,0.00820802
1,150,0.405568
1,151,0.246035
1,152,0.59846
1,153,0.00820802
1,154,0.00820802
1,155,0.463831
1,156,0.00820802
1,157,0.500758
1,158,0.00820802
1,159,0.00820802
1,160,0.00858381
1,161,0.00858381
1,162,0.32521
1,163,0.130191
1,164,0.00858381
1,165,0.500995
1,166,0.0616942
1,167,0.106777
1,168,0.135075
1,169,0.00858381
1,170,0.0205213
1,171,0.464663
1,172,0.225141
1,173,0.245606
1,174,0.517931
1,175,0
1,176,0.511612
1,177,0.217176
1,178,0.393431
1,179,0
1,180,0.263516
1,181,0.111679
1,182,0.552787
1,183,0.174173
1,184,0.370773
1,185,0
1,186,0
1,187,0.542143
1,188,0.561901
1,189,0.174832
1,190,0.68748
1,191,0
1,192,0.431695
1,193,0.318734
1,194,0.240582
1,195,0.688052
1,196,0.131727
1,197,0.614402
1,198,0.106954
1,199,0.572975
2,0,0.608735
2,1,0.717516
2,2,0
2,3,0.609481
2,4,0.478366
2,5,0.204946
2,6,0.374947
2,7,0.462729
2,8,0
2,9,0.8007
2,10,0.119757
2,11,0.229849
2,12,0.382662
2,13,0.483061
2,14,0.0407156
2,15,0
2,16,0.105504
2,17,0.0460474
2,18,0.0261274
2,19,0
2,20,0
2,21,0.463448
2,22,0
2,23,0
2,24,0.165612
2,25,0.44287
2,26,0.449125
2,27,0.127803
2,28,0
2,29,0.338589
2,30,0.509287
2,31,0
2,32,0.323365
2,33,0.227299
2,34,0.328567
2,35,0
2,36,0.496193
2,37,0
2,38,0.393429
2,39,0
2,40,0
2,41,0
2,42,0.00125516
2,43,0.361263
2,44,0.351687
2,45,0.274601
2,46,0.414121
2,47,0
2,48,0.588713
2,49,0
2,50,0
2,51,0
2,52,0.522474
2,53,0.112955
2,54,0.065678
2,55,0.0471564
2,56,0
2,57,0
2,58,0.562515
2,59,0.174381
2,60,0
2,61,0.478769
2,62,0.284863
2,63,0.374918
2,64,0.127102
2,65,0.042377
2,66,0
2,67,0.0494199
2,68,0.259132
2,69,0.452873
2,70,0.0696996
2,71,0.475025
2,72,0.529075
2,73,0.485506
2,74,0.252997
2,75,0.290321
2,76,0.166217
2,77,0.0819197
2,78,0.407951
2,79,0.158157
2,80,0.213227
2,81,0
2,82,0.322325
2,83,0.129379
2,84,0.228703
2,85,0
2,86,0.569832
2,87,0.5451
2,88,0.0562639
2,89,0.522222
2,90,0.100107
2,91,0.0724501
2,92,0.381587
2,93,0.00629461
2,94,0.00629461
2,95,0.00629461
2,96,0.185565
2,97,0.00629461
2,98,0.308176
2,99,0.00629461
2,100,0.00629461
2,101,0.00629461
2,102,0.00629461
2,103,0.563111
2,104,0.605751
2,105,0.285958
2,106,0.219303
2,107,0.135486
2,108,0.00656866
2,109,0.00656866
2,110,0.654067
2,111,0.304253
2,112,0.0711113
2,113,0.343072
2,114,0.00656866
2,115,0.00686176
2,116,0.476277
2,117,0.00686176
2,118,0.560988
2,119,0.00686176
2,120,0.598424
2,121,0.0162435
2,122,0.314819
2,123,0.329544
2,124,0.135998
2,125,0.493172
2,126,0.56925
2,127,0.00717308
2,128,0.00717308
2,129,0.226881
2,130,0.00717308
2,131,0.00717308
2,132,0.323801
2,133,0.00717308
2,134,0.600472
2,135,0.274096
2,136,0.491022
2,137,0.168857
2,138,0.0075018
2,139,0.565551
2,140,0.502762
2,141,0.0075018
2,142,0.214363
2,143,0.0075018
2,144,0.439871
2,145,0.353418
2,146,0.0075018
2,147,0.255025
2,148,0.424074
2,149,0.00784707
2,150,0.486858
2,151,0.361544
2,152,0.179406
2,153,0.140723
2,154,0.0296526
2,155,0.653855
2,156,0.00784707
2,157,0.00784707
2,158,0.663516
2,159,0.00784707
2,160,0.498575
2,161,0.00820802
2,162,0.0221244
2,163,0.15529
2,164,0.0361387
2,165,0.00820802
2,166,0.00820802
2,167,0.00820802
2,168,0.452671
2,169,0.00820802
2,170,0.00820802
2,171,0.283043
2,172,0.00858381
2,173,0.296319
2,174,0.526221
2,175,0
2,176,0
2,177,0
2,178,0.281361
2,179,0
2,180,0
2,181,0.0899289
2,182,0.396815
2,183,0.41846
2,184,0.557747
2,185,0
2,186,0.399541
2,187,0
2,188,0.00709741
2,189,0.3844
2,190,0.162723
2,191,0
2,192,0.546853
2,193,0.500057
2,194,0.291382
2,195,0
2,196,0
2,197,0.374856
2,198,0.0749116
2,199,0.544692
3,0,0.457712
3,1,0.438994
3,2,0.448079
3,3,0
3,4,0.075178
3,5,0.00408673
3,6,0.226039
3,7,0.0413489
3,8,0.251347
3,9,0.284066
3,10,0.594666
3,11,0.222885
3,12,0.459489
3,13,0
3,14,0
3,15,0.138875
3,16,0.717577
3,17,0
3,18,0
3,19,0
3,20,0.176499
3,21,0.458249
3,22,0.305538
3,23,0.265242
3,24,0.282324
3,25,0.0828602
3,26,0
3,27,0.460611
3,28,0.139177
3,29,0.493105
3,30,0
3,31,0
3,32,0.324542
3,33,0.245052
3,34,0.40274
3,35,0.406335
3,36,0.284835
3,37,0
3,38,0.514059
3,39,0
3,40,0.0718509
3,41,0.226248
3,42,0
3,43,0
3,44,0.353348
3,45,0.0849738
3,46,0.0520809
3,47,0.337154
3,48,0.233889
3,49,0.126643
3,50,0.500809
3,51,0
3,52,0
3,53,0.131753
3,54,0.313214
3,55,0.518439
3,56,0.575745
3,57,0.517955
3,58,0.353503
3,59,0.0982105
3,60,0.400252
3,61,0.566814
3,62,0.469256
3,63,0.134241
3,64,0.226513
3,65,0.295428
3,66,0
3,67,0
3,68,0.40718
3,69,0
3,70,0
3,71,0
3,72,0.544466
3,73,0.39095
3,74,0.0214984
3,75,0.311981
3,76,0
3,77,0.492822
3,78,0.0686843
3,79,0.52997
3,80,0.0251589
3,81,0
3,82,0
3,83,0.319166
3,84,0.50614
3,85,0.34616
3,86,0.238211
3,87,0.474427
3,88,0.25391
3,89,0.005595
3,90,0.00540529
3,91,0.0448022
3,92,0.005595
3,93,0.005595
3,94,0.568957
3,95,0.55648
3,96,0.501802
3,97,0.005595
3,98,0.005595
3,99,0.291648
3,100,0.18936
3,101,0.2331
3,102,0.576329
3,103,0.117988
3,104,0.00649069
3,105,0.00580698
3,106,0.00580698
3,107,0.267179
3,108,0.00580698
3,109,0.246126
3,110,0.167821
3,111,0.239762
3,112,0.589801
3,113,0.179161
3,114,0.00580698
3,115,0.467445
3,116,0.00604045
3,117,0.540143
3,118,0.307277
3,119,0.510118
3,120,0.00604045
3,121,0.634685
3,122,0.00604045
3,123,0.195776
3,124,0.00604045
3,125,0.00604045
3,126,0.117668
3,127,0.00629461
3,128,0.126823
3,129,0.352094
3,130,0.339375
3,131,0.00629461
3,132,0.00629461
3,133,0.276264
3,134,0.150771
3,135,0.308708
3,136,0.614844
3,137,0.316512
3,138,0.00656866
3,139,0.00656866
3,140,0.00656866
3,141,0.460718
3,142,0.410027
3,143,0.00656866
3,144,0.00656866
3,145,0.00656866
3,146,0.00656866
3,147,0.231293
3,148,0.592116
3,149,0.346289
3,150,0.0971663
3,151,0.00686176
3,152,0.331835
3,153,0.368352
3,154,0.379432
3,155,0.501539
3,156,0.568356
3,157,0.00686176
3,158,0.53378
3,159,0.0407147
3,160,0.545993
3,161,0.224157
3,162,0.0689204
3,163,0.00717308
3,164,0.00717308
3,165,0.564765
3,166,0.490907
3,167,0.00717308
3,168,0.221948
3,169,0.00717308
3,170,0.00717308
3,171,0.480967
3,172,0.574209
3,173,0.0075018
3,174,0
3,175,0
3,176,0
3,177,0
3,178,0.467708
3,179,0.665603
3,180,0.387174
3,181,0
3,182,0
3,183,0.0530281
3,184,0.607475
3,185,0.55201
3,186,0
3,187,0.509982
3,188,0
3,189,0
3,190,0
3,191,0.602952
3,192,0.314906
3,193,0.282131
3,194,0
3,195,0.488694
3,196,0.180977
3,197,0.593646
3,198,0.623915
3,199,0
4,0,0
4,1,0.214808
4,2,0.854551
4,3,0.893354
4,4,0
4,5,0.225699
4,6,0.820109
4,7,0.0760238
4,8,0.258957
4,9,0.825933
4,10,0.822445
4,11,0.193777
4,12,0.482272
4,13,0
4,14,0.303703
4,15,0
4,16,0
4,17,0.1305
4,18,0
4,19,0.657982
4,20,0.137411
4,21,0.0222542
4,22,0
4,23,0.0189147
4,24,0.625643
4,25,0.393961
4,26,0.0788534
4,27,0.405031
4,28,0
4,29,0
4,30,0.320481
4,31,0
4,32,0
4,33,0.528769
4,34,0
4,35,0
4,36,0
4,37,0
4,38,0
4,39,0.103791
4,40,0.507796
4,41,0
4,42,0.430264
4,43,0.139422
4,44,0.0683459
4,45,0
4,46,0.150451
4,47,0.155209
4,48,0.290361
4,49,0.387769
4,50,0.0916265
4,51,0
4,52,0
4,53,0.230776
4,54,0.063919
4,55,0
4,56,0
4,57,0.503067
4,58,0.439393
4,59,0.220605
4,60,0
4,61,0.152067
4,62,0.511363
4,63,0.21504
4,64,0.0926335
4,65,0
4,66,0.481133
4,67,0.291285
4,68,0
4,69,0
4,70,0
4,71,0
4,72,0.20369
4,73,0
4,74,0.189142
4,75,0
4,76,0.0132241
4,77,0
4,78,0.269455
4,79,0
4,80,0.561409
4,81,0
4,82,0
4,83,0
4,84,0.408255
4,85,0.302401
4,86,0.00509583
4,87,0.00523865
4,88,0.20188
4,89,0.592063
4,90,0.401018
4,91,0.450785
4,92,0.139678
4,93,0.312421
4,94,0.062429
4,95,0.624083
4,96,0.369109
4,97,0.00540529
4,98,0.305269
4,99,0.448873
4,100,0.197824
4,101,0.511938
4,102,0.461574
4,103,0.005595
4,104,0.572951
4,105,0.0383456
4,106,0.005595
4,107,0.005595
4,108,0.180771
4,109,0.515048
4,110,0.0625984
4,111,0.121236
4,112,0.005595
4,113,0.280887
4,114,0.175782
4,115,0.450734
4,116,0.00580698
4,117,0.303888
4,118,0.608946
4,119,0.531693
4,120,0.264902
4,121,0.383635
4,122,0.355745
4,123,0.00580698
4,124,0.0646034
4,125,0.00580698
4,126,0.00604045
4,127,0.00604045
4,128,0.0925812
4,129,0.444492
4,130,0.624897
4,131,0.00604045
4,132,0.325502
4,133,0.45513
4,134,0.00604045
4,135,0.262729
4,136,0.00629461
4,137,0.0505576
4,138,0.598088
4,139,0.407245
4,140,0.00629461
4,141,0.0257125
4,142,0.00629461
4,143,0.00629461
4,144,0.00629461
4,145,0.432443
4,146,0.00629461
4,147,0.00629461
4,148,0.100653
4,149,0.00656866
4,150,0.00656866
4,151,0.00656866
4,152,0.484277
4,153,0.591729
4,154,0.00656866
4,155,0.00656866
4,156,0.00656866
4,157,0.00656866
4,158,0.0687781
4,159,0.183977
4,160,0.00686176
4,161,0.0532887
4,162,0.203067
4,163,0.465403
4,164,0.00686176
4,165,0.372927
4,166,0.0817733
4,167,0.0736454
4,168,0.00686176
4,169,0.0295807
4,170,0.00686176
4,171,0.0522192
4,172,0.40974
4,173,0.0771094
4,174,0.35743
4,175,0.416522
4,176,0
4,177,0.47387
4,178,0
4,179,0.295052
4,180,0.558744
4,181,0
4,182,0.363137
4,183,0.386191
4,184,0
4,185,0.568809
4,186,0.6427
4,187,0
4,188,0
4,189,0.0548832
4,190,0.514684
4,191,0.0174575
4,192,0.445795
4,193,0.0553749
4,194,0
4,195,0.64567
4,196,0
4,197,0.245699
4,198,0.0627577
4,199,0
5,0,0.553549
5,1,0.554512
5,2,0.604106
5,3,0.681226
5,4,0.970011
5,5,0
5,6,0.270135
5,7,0.41084
5,8,0.116695
5,9,0.0965018
5,10,0.451282
5,11,0.689646
5,12,0
5,13,0.696242
5,14,0.337702
5,15,0.557621
5,16,0
5,17,0.188778
5,18,0.485487
5,19,0.147573
5,20,0.367824
5,21,0
5,22,0
5,23,0.655938
5,24,0.568613
5,25,0.299636
5,26,0
5,27,0.511102
5,28,0.368359
5,29,0.332671
5,30,0
5,31,0.553205
5,32,0.256077
5,33,0.408397
5,34,0.132529
5,35,0
5,36,0.359558
5,37,0.417241
5,38,0.348136
5,39,0.513313
5,40,0.522802
5,41,0
5,42,0.304371
5,43,0.534271
5,44,0
5,45,0
5,46,0.266484
5,47,0
5,48,0.200745
5,49,0
5,50,0.168415
5,51,0
5,52,0.0860967
5,53,0.411537
5,54,0
5,55,0
5,56,0.0453561
5,57,0
5,58,0
5,59,0
5,60,0
5,61,0.079435
5,62,0
5,63,0.295185
5,64,0
5,65,0.259556
5,66,0
5,67,0
5,68,0.0956027
5,69,0.394215
5,70,0.602307
5,71,0.0461262
5,72,0
5,73,0.327242
5,74,0.00266308
5,75,0
5,76,0.550071
5,77,0
5,78,0.0016151
5,79,0.168407
5,80,0.0936221
5,81,0.587278
5,82,0.407548
5,83,0.591054
5,84,0.408355
5,85,0.00488465
5,86,0.00481775
5,87,0.00488465
5,88,0.00488465
5,89,0.209674
5,90,0.0372766
5,91,0.0240602
5,92,0.00497758
5,93,0.158704
5,94,0.00497758
5,95,0.00497758
5,96,0.00497758
5,97,0.00497758
5,98,0.0443087
5,99,0.307849
5,100,0.533724
5,101,0.0405914
5,102,0.00497758
5,103,0.617541
5,104,0.00509583
5,105,0.145908
5,106,0.00509583
5,107,0.00509583
5,108,0.229426
5,109,0.206632
5,110,0.260685
5,111,0.00509583
5,112,0.177904
5,113,0.0610445
5,114,0.00509583
5,115,0.00523865
5,116,0.0721767
5,117,0.0494765
5,118,0.216475
5,119,0.430139
5,120,0.00523865
5,121,0.00523865
5,122,0.00523865
5,123,0.00523865
5,124,0.174579
5,125,0.00523865
5,126,0.072144
5,127,0.372643
5,128,0.0669158
5,129,0.495357
5,130,0.059827
5,131,0.00540529
5,132,0.00540529
5,133,0.186201
5,134,0.00540529
5,135,0.0555162
5,136,0.005595
5,137,0.167041
5,138,0.139061
5,139,0.315515
5,140,0.005595
5,141,0.005595
5,142,0.401763
5,143,0.301878
5,144,0.206457
5,145,0.466803
5,146,0.005595
5,147,0.005595
5,148,0.00580698
5,149,0.238251
5,150,0.453916
5,151,0.00580698
5,152,0.245993
5,153,0.00580698
5,154,0.00580698
5,155,0.00580698
5,156,0.00580698
5,157,0.416312
5,158,0.528754
5,159,0.402952
5,160,0.283046
5,161,0.00604045
5,162,0.00604045
5,163,0.563733
5,164,0.511133
5,165,0.0911882
5,166,0.00604045
5,167,0.583307
5,168,0.619593
5,169,0.485078
5,170,0.259823
5,171,0.00604045
5,172,0.62675
5,173,0.0277933
5,174,0.391335
5,175,0.187184
5,176,0
5,177,0.39832
5,178,0.196881
5,179,0.0959144
5,180,0
5,181,0.00679667
5,182,0.351571
5,183,0.594117
5,184,0.0295051
5,185,0
5,186,0
5,187,0.355389
5,188,0.463301
5,189,0.630234
5,190,0.11427
5,191,0.0967347
5,192,0
5,193,0.218531
5,194,0.0108562
5,195,0
5,196,0
5,197,0.351245
5,198,0
5,199,0.635768
6,0,0.140466
6,1,0.688671
6,2,0.107568
6,3,0.499554
6,4,0.107657
6,5,0.795066
6,6,0
6,7,0.105439
6,8,0.245738
6,9,0.516868
6,10,0.53652
6,11,0.6327
6,12,0.798896
6,13,0.810174
6,14,0.280711
6,15,0.684122
6,16,0.152091
6,17,0.265362
6,18,0.726162
6,19,0
6,20,0.0249581
6,21,0.654251
6,22,0.210257
6,23,0.416894
6,24,0
6,25,0
6,26,0
6,27,0.00954658
6,28,0
6,29,0.396541
6,30,0.0588808
6,31,0
6,32,0
6,33,0
6,34,0
6,35,0.382677
6,36,0
6,37,0.473749
6,38,0.40801
6,39,0.0322138
6,40,0.0162783
6,41,0
6,42,0
6,43,0
6,44,0
6,45,0.160075
6,46,0
6,47,0.253543
6,48,0
6,49,0
6,50,0.284453
6,51,0
6,52,0
6,53,0
6,54,0
6,55,0
6,56,0
6,57,0
6,58,0.141676
6,59,0
6,60,0.415581
6,61,0.568505
6,62,0
6,63,0
6,64,0
6,65,0.00847046
6,66,0.491001
6,67,0
6,68,0
6,69,0.316484
6,70,0.326644
6,71,0.339789
6,72,0
6,73,0.489597
6,74,0
6,75,0.0861939
6,76,0.0723957
6,77,0
6,78,0
6,79,0.107757
6,80,0
6,81,0.472703
6,82,0.403655
6,83,0.00478027
6,84,0.00476487
6,85,0.412205
6,86,0.180343
6,87,0.00477759
6,88,0.480376
6,89,0.00481775
6,90,0.182735
6,91,0.30511
6,92,0.00481775
6,93,0.508921
6,94,0.418638
6,95,0.00481775
6,96,0.00481775
6,97,0.311974
6,98,0.0848958
6,99,0.220912
6,100,0.0298533
6,101,0.00481775
6,102,0.00481775
6,103,0.162364
6,104,0.00488465
6,105,0.0373182
6,106,0.00488465
6,107,0.17408
6,108,0.283575
6,109,0.00488465
6,110,0.00488465
6,111,0.00488465
6,112,0.00488465
6,113,0.47987
6,114,0.00488465
6,115,0.00497758
6,116,0.282164
6,117,0.573308
6,118,0.0107991
6,119,0.153672
6,120,0.00497758
6,121,0.584666
6,122,0.00497758
6,123,0.00497758
6,124,0.480216
6,125,0.00497758
6,126,0.00509583
6,127,0.00509583
6,128,0.358025
6,129,0.466107
6,130,0.39952
6,131,0.00509583
6,132,0.00509583
6,133,0.00509583
6,134,0.320379
6,135,0.00509583
6,136,0.171452
6,137,0.353713
6,138,0.315119
6,139,0.00523865
6,140,0.547145
6,141,0.375738
6,142,0.00523865
6,143,0.604487
6,144,0.234269
6,145,0.23713
6,146,0.00523865
6,147,0.00523865
6,148,0.193987
6,149,0.105218
6,150,0.432558
6,151,0.270086
6,152,0.0692201
6,153,0.00540529
6,154,0.445317
6,155,0.00540529
6,156,0.00540529
6,157,0.00540529
6,158,0.0940813
6,159,0.427646
6,160,0.005595
6,161,0.005595
6,162,0.582813
6,163,0.005595
6,164,0.005595
6,165,0.277774
6,166,0.005595
6,167,0.537573
6,168,0.005595
6,169,0.515234
6,170,0.005595
6,171,0.005595
6,172,0.266482
6,173,0.00580698
6,174,0
6,175,0
6,176,0.579661
6,177,0
6,178,0.130466
6,179,0.139484
6,180,0.445702
6,181,0
6,182,0
6,183,0
6,184,0
6,185,0.590671
6,186,0.179047
6,187,0.021144
6,188,0
6,189,0.638998
6,190,0
6,191,0
6,192,0
6,193,0
6,194,0
6,195,0.228983
6,196,0.40176
6,197,0.047832
6,198,0.132641
6,199,0
7,0,0
7,1,0.569783
7,2,0.382885
7,3,0.879385
7,4,0.91474
7,5,0.632679
7,6,0.101063
7,7,0
7,8,0.848484
7,9,0.873992
7,10,0.568976
7,11,0.29187
7,12,0.704902
7,13,0.798273
7,14,0.373123
7,15,0
7,16,0.0580007
7,17,0.26722
7,18,0.371493
7,19,0.379689
7,20,0.344015
7,21,0.318088
7,22,0.501926
7,23,0.440555
7,24,0.507503
7,25,0.575033
7,26,0.611756
7,27,0.0531632
7,28,0.294406
7,29,0
7,30,0.503958
7,31,0.381976
7,32,0.233822
7,33,0.0705777
7,34,0
7,35,0.10864
7,36,0
7,37,0.391044
7,38,0.218622
7,39,0
7,40,0.37198
7,41,0
7,42,0.202091
7,43,0.170042
7,44,0
7,45,0
7,46,0.204759
7,47,0
7,48,0.161858
7,49,0
7,50,0.565021
7,51,0
7,52,0.357496
7,53,0.341373
7,54,0.479588
7,55,0.159843
7,56,0.234335
7,57,0.418758
7,58,0.548887
7,59,0
7,60,0
7,61,0.420452
7,62,0
7,63,0.374016
7,64,0
7,65,0
7,66,0
7,67,0.274615
7,68,0
7,69,0.524969
7,70,0.534133
7,71,0.403031
7,72,0
7,73,0.159479
7,74,0
7,75,0
7,76,0.29362
7,77,0
7,78,0.324099
7,79,0
7,80,0
7,81,0.313242
7,82,0.0421913
7,83,0
7,84,0.072167
7,85,0
7,86,0.195313
7,87,0.00464043
7,88,0.00464043
7,89,0.161978
7,90,0.00924248
7,91,0.00464043
7,92,0.00470265
7,93,0.0602112
7,94,0.00470265
7,95,0.287207
7,96,0.262232
7,97,0.0198797
7,98,0.00470265
7,99,0.271627
7,100,0.00470265
7,101,0.00470265
7,102,0.0782485
7,103,0.135184
7,104,0.474119
7,105,0.481652
7,106,0.4744
7,107,0.167691
7,108,0.513752
7,109,0.197755
7,110,0.445182
7,111,0.0047908
7,112,0.0047908
7,113,0.00490416
7,114,0.0047908
7,115,0.376851
7,116,0.223797
7,117,0.359772
7,118,0.491398
7,119,0.389243
7,120,0.00490416
7,121,0.00490416
7,122,0.00490416
7,123,0.296261
7,124,0.345675
7,125,0.00490416
7,126,0.00504199
7,127,0.00504199
7,128,0.25489
7,129,0.337874
7,130,0.00504199
7,131,0.595585
7,132,0.00504199
7,133,0.133387
7,134,0.117126
7,135,0.497618
7,136,0.00550426
7,137,0.00520355
7,138,0.0557738
7,139,0.00520355
7,140,0.56711
7,141,0.00520355
7,142,0.0453766
7,143,0.00520355
7,144,0.161694
7,145,0.197862
7,146,0.620115
7,147,0.00520355
7,148,0.00538805
7,149,0.498742
7,150,0.544604
7,151,0.24024
7,152,0.00538805
7,153,0.00538805
7,154,0.00538805
7,155,0.504901
7,156,0.00538805
7,157,0.275325
7,158,0.00538805
7,159,0.507058
7,160,0.00559472
7,161,0.00559472
7,162,0.486329
7,163,0.0120791
7,164,0.445631
7,165,0.00559472
7,166,0.00559472
7,167,0.00559472
7,168,0.338367
7,169,0.318392
7,170,0.106647
7,171,0.279829
7,172,0.586488
7,173,0.531388
7,174,0.513604
7,175,0.115878
7,176,0.0969463
7,177,0.507237
7,178,0.258338
7,179,0.411551
7,180,0.37572
7,181,0.172684
7,182,0.0211103
7,183,0.522134
7,184,0.198347
7,185,0.314487
7,186,0.40178
7,187,0.441184
7,188,0
7,189,0
7,190,0.318072
7,191,0.321453
7,192,0
7,193,0.168928
7,194,0
7,195,0
7,196,0.520674
7,197,0
7,198,0
7,199,0.223701
8,0,0.611501
8,1,0.758714
8,2,0.202071
8,3,0.91477
8,4,0.660767
8,5,0.0811978
8,6,0.394784
8,7,0.129941
8,8,0
8,9,0.879778
8,10,0.0739873
8,11,0.84533
8,12,0.640119
8,13,0.490336
8,14,0.187888
8,15,0.466487
8,16,0
8,17,0.755557
8,18,0.177848
8,19,0.732104
8,20,0.0779279
8,21,0.14568
8,22,0.363994
8,23,0.672664
8,24,0.420603
8,25,0
8,26,0
8,27,0.505667
8,28,0
8,29,0.00340106
8,30,0
8,31,0.240959
8,32,0
8,33,0.549615
8,34,0.438467
8,35,0
8,36,0.207251
8,37,0.52426
8,38,0.29957
8,39,0.341406
8,40,0.49076
8,41,0.338462
8,42,0.255889
8,43,0.209595
8,44,0
8,45,0.560828
8,46,0
8,47,0.0620464
8,48,0.544258
8,49,0.184968
8,50,0.0142071
8,51,0
8,52,0.572566
8,53,0
8,54,0
8,55,0.277947
8,56,0
8,57,0
8,58,0.111039
8,59,0
8,60,0.240686
8,61,0.259842
8,62,0.444508
8,63,0
8,64,0.198465
8,65,0.284608
8,66,0
8,67,0
8,68,0.22277
8,69,0
8,70,0.577778
8,71,0.140723
8,72,0.366079
8,73,0.257094
8,74,0
8,75,0
8,76,0.246534
8,77,0.0168568
8,78,0.20879
8,79,0.216749
8,80,0
8,81,0
8,82,0.486783
8,83,0
8,84,0
8,85,0
8,86,0.319298
8,87,0.00359755
8,88,0.0480823
8,89,0.00369258
8,90,0.178418
8,91,0.00359755
8,92,0.52536
8,93,0.0418598
8,94,0.00369258
8,95,0.13533
8,96,0.00369258
8,97,0.0133079
8,98,0.36204
8,99,0.368968
8,100,0.0267447
8,101,0.347585
8,102,0.00369258
8,103,0.00381426
8,104,0.0153384
8,105,0.101308
8,106,0.00381426
8,107,0.00381426
8,108,0.52137
8,109,0.537321
8,110,0.284508
8,111,0.54845
8,112,0.586025
8,113,0.178493
8,114,0.569567
8,115,0.00396187
8,116,0.323709
8,117,0.291433
8,118,0.0288491
8,119,0.00396187
8,120,0.537269
8,121,0.606132
8,122,0.00396187
8,123,0.457123
8,124,0.0424861
8,125,0.00396187
8,126,0.00413465
8,127,0.17711
8,128,0.395962
8,129,0.00413465
8,130,0.00413465
8,131,0.00413465
8,132,0.491389
8,133,0.253648
8,134,0.0143382
8,135,0.00413465
8,136,0.00433185
8,137,0.334664
8,138,0.00433185
8,139,0.00433185
8,140,0.264073
8,141,0.00433185
8,142,0.60368
8,143,0.241914
8,144,0.201731
8,145,0.564696
8,146,0.330374
8,147,0.00433185
8,148,0.248113
8,149,0.00455269
8,150,0.075687
8,151,0.173367
8,152,0.00455269
8,153,0.337267
8,154,0.0180975
8,155,0.174775
8,156,0.00455269
8,157,0.392606
8,158,0.00455269
8,159,0.487681
8,160,0.530125
8,161,0.0661359
8,162,0.0047964
8,163,0.405082
8,164,0.0047964
8,165,0.0925446
8,166,0.0047964
8,167,0.0047964
8,168,0.0047964
8,169,0.0260451
8,170,0.0047964
8,171,0.450731
8,172,0.0468624
8,173,0.00506218
8,174,0.0722894
8,175,0.622315
8,176,0
8,177,0
8,178,0
8,179,0.42639
8,180,0
8,181,0.366029
8,182,0
8,183,0.0282038
8,184,0.0834245
8,185,0.372396
8,186,0.58324
8,187,0.166278
8,188,0.140567
8,189,0
8,190,0.0295254
8,191,0.04102
8,192,0.131076
8,193,0.0944908
8,194,0
8,195,0.204755
8,196,0.562666
8,197,0
8,198,0.413571
8,199,0
9,0,0.257035
9,1,0.0918359
9,2,0.893117
9,3,0.0918359
9,4,0.225375
9,5,0.332041
9,6,0.0804027
9,7,0.408929
9,8,0.506083
9,9,0
9,10,0.306327
9,11,0.173816
9,12,0.734113
9,13,0
9,14,0.464914
9,15,0.0717802
9,16,0.376177
9,17,0.148871
9,18,0
9,19,0
9,20,0.603367
9,21,0
9,22,0.195153
9,23,0
9,24,0.434378
9,25,0.611847
9,26,0.0981791
9,27,0
9,28,0.499143
9,29,0.30272
9,30,0
9,31,0.568931
9,32,0
9,33,0
9,34,0.463604
9,35,0
9,36,0
9,37,0
9,38,0
9,39,0.338547
9,40,0.317647
9,41,0.285335
9,42,0.55549
9,43,0.115532
9,44,0.347641
9,45,0.121706
9,46,0.306463
9,47,0
9,48,0.431338
9,49,0.459145
9,50,0
9,51,0.251066
9,52,0
9,53,0.360248
9,54,0.476982
9,55,0.374832
9,56,0.269843
9,57,0
9,58,0
9,59,0.101166
9,60,0.530364
9,61,0
9,62,0.0319131
9,63,0
9,64,0
9,65,0
9,66,0.153219
9,67,0.112516
9,68,0.111784
9,69,0.531891
9,70,0
9,71,0
9,72,0.238495
9,73,0
9,74,0.393689
9,75,0.0139067
9,76,0.398139
9,77,0.131725
9,78,0.305911
9,79,0.256487
9,80,0.0142643
9,81,0
9,82,0
9,83,0.105032
9,84,0.430672
9,85,0
9,86,0.00461641
9,87,0.119974
9,88,0.129867
9,89,0.00460486
9,90,0.00459663
9,91,0.0787663
9,92,0.108601
9,93,0.0921083
9,94,0.315459
9,95,0.30835
9,96,0.396753
9,97,0.00460486
9,98,0.00460486
9,99,0.00460486
9,100,0.00460486
9,101,0.11648
9,102,0.187483
9,103,0.480057
9,104,0.378006
9,105,0.00464043
9,106,0.00464043
9,107,0.184188
9,108,0.533473
9,109,0.00464043
9,110,0.00464043
9,111,0.00464043
9,112,0.00464043
9,113,0.186446
9,114,0.467362
9,115,0.505668
9,116,0.416667
9,117,0.00470265
9,118,0.0290024
9,119,0.00470265
9,120,0.162243
9,121,0.0712053
9,122,0.432372
9,123,0.00470265
9,124,0.562951
9,125,0.147468
9,126,0.382451
9,127,0.36274
9,128,0.432783
9,129,0.0047908
9,130,0.0047908
9,131,0.0047908
9,132,0.135384
9,133,0.272883
9,134,0.535403
9,135,0.0047908
9,136,0.00490416
9,137,0.00490416
9,138,0.49497
9,139,0.598132
9,140,0.00490416
9,141,0.00490416
9,142,0.00490416
9,143,0.00490416
9,144,0.319355
9,145,0.00490416
9,146,0.00490416
9,147,0.128995
9,148,0.00504199
9,149,0.243659
9,150,0.477002
9,151,0.547462
9,152,0.00504199
9,153,0.303073
9,154,0.611253
9,155,0.00504199
9,156,0.00504199
9,157,0.382973
9,158,0.416832
9,159,0.00504199
9,160,0.396187
9,161,0.496542
9,162,0.00520355
9,163,0.00520355
9,164,0.158972
9,165,0.00520355
9,166,0.220664
9,167,0.212125
9,168,0.00520355
9,169,0.102203
9,170,0.196221
9,171,0.107605
9,172,0.232978
9,173,0.537342
9,174,0.410827
9,175,0
9,176,0
9,177,0.61309
9,178,0.447245
9,179,0.104972
9,180,0.238571
9,181,0.30607
9,182,0.0338668
9,183,0.328568
9,184,0
9,185,0.0310896
9,186,0.379361
9,187,0.220397
9,188,0
9,189,0.17827
9,190,0.268376
9,191,0.569418
9,192,0.0519035
9,193,0.364906
9,194,0
9,195,0.587967
9,196,0.391539
9,197,0.470669
9,198,0.182469
9,199,0
10,0,0
10,1,0.0918359
10,2,0.458118
10,3,0.887264
10,4,0.0941581
10,5,0.242975
10,6,0.197695
10,7,0.1254
10,8,0.258982
10,9,0.102571
10,10,0
10,11,0.594084
10,12,0.842825
10,13,0.683097
10,14,0
10,15,0.488915
10,16,0
10,17,0.303872
10,18,0.189547
10,19,0.528297
10,20,0.420391
10,21,0.689319
10,22,0.117557
10,23,0.307594
10,24,0.0715265
10,25,0
10,26,0.506818
10,27,0
10,28,0.532957
10,29,0.30922
10,30,0.501981
10,31,0.506266
10,32,0.604832
10,33,0.596268
10,34,0
10,35,0.501288
10,36,0
10,37,0.227095
10,38,0
10,39,0
10,40,0.486204
10,41,0
10,42,0.359166
10,43,0.374923
10,44,0.506538
10,45,0.394812
10,46,0
10,47,0
10,48,0
10,49,0.318921
10,50,0.331574
10,51,0.461093
10,52,0.220567
10,53,0
10,54,0.0235951
10,55,0.549768
10,56,0
10,57,0
10,58,0
10,59,0
10,60,0.46725
10,61,0
10,62,0.488923
10,63,0.431445
10,64,0
10,65,0
10,66,0.31993
10,67,0
10,68,0.474984
10,69,0.444109
10,70,0
10,71,0.381578
10,72,0
10,73,0
10,74,0.176985
10,75,0.561124
10,76,0.411896
10,77,0.570382
10,78,0
10,79,0
10,80,0.311715
10,81,0.368399
10,82,0.562033
10,83,0.00485038
10,84,0.476163
10,85,0.0088662
10,86,0.00474266
10,87,0.00466487
10,88,0.254007
10,89,0.19694
10,90,0.00466487
10,91,0.140867
10,92,0.30137
10,93,0.00461641
10,94,0.00461641
10,95,0.372833
10,96,0.00461641
10,97,0.00461641
10,98,0.448253
10,99,0.00461641
10,100,0.585764
10,101,0.00461641
10,102,0.580759
10,103,0.00459663
10,104,0.00459663
10,105,0.172781
10,106,0.00459663
10,107,0.500448
10,108,0.153611
10,109,0.00459663
10,110,0.589707
10,111,0.00459663
10,112,0.399842
10,113,0.565621
10,114,0.241024
10,115,0.285735
10,116,0.00460486
10,117,0.58161
10,118,0.367444
10,119,0.00460486
10,120,0.182094
10,121,0.499482
10,122,0.188739
10,123,0.00460486
10,124,0.539425
10,125,0.584683
10,126,0.00464043
10,127,0.00464043
10,128,0.00464043
10,129,0.518482
10,130,0.0312147
10,131,0.00464043
10,132,0.595392
10,133,0.0158214
10,134,0.00464043
10,135,0.00464043
10,136,0.592453
10,137,0.00470265
10,138,0.578868
10,139,0.147479
10,140,0.00470265
10,141,0.570385
10,142,0.42413
10,143,0.577064
10,144,0.533055
10,145,0.0659861
10,146,0.260767
10,147,0.00470265
10,148,0.0490022
10,149,0.0296168
10,150,0.0047908
10,151,0.0047908
10,152,0.0047908
10,153,0.540253
10,154,0.0047908
10,155,0.0047908
10,156,0.521795
10,157,0.0047908
10,158,0.0992682
10,159,0.0047908
10,160,0.00490416
10,161,0.529428
10,162,0.00490416
10,163,0.00490416
10,164,0.00490416
10,165,0.00490416
10,166,0.00490416
10,167,0.00490416
10,168,0.0198741
10,169,0.00490416
10,170,0.461047
10,171,0.186779
10,172,0.00504199
10,173,0.280621
10,174,0.154246
10,175,0
10,176,0
10,177,0
10,178,0.104738
10,179,0.167505
10,180,0.221568
10,181,0.445319
10,182,0.18328
10,183,0.535344
10,184,0.377149
10,185,0.487596
10,186,0
10,187,0.285745
10,188,0
10,189,0.277125
10,190,0.308584
10,191,0.122499
10,192,0.18918
10,193,0.434666
10,194,0.386017
10,195,0.511217
10,196,0
10,197,0
10,198,0
10,199,0.104023
11,0,0.018589
11,1,0.0918359
11,2,0.0941581
11,3,0.633956
11,4,0.677289
11,5,0.55693
11,6,0.821034
11,7,0.803856
11,8,0.771691
11,9,0.342399
11,10,0.3707
11,11,0
11,12,0.361819
11,13,0.135128
11,14,0.852645
11,15,0.222597
11,16,0.819945
11,17,0.688038
11,18,0.338895
11,19,0.437575
11,20,0
11,21,0
11,22,0.070501
11,23,0.304626
11,24,0.464825
11,25,0
11,26,0.0256436
11,27,0.308056
11,28,0
11,29,0.0831163
11,30,0.463517
11,31,0.314621
11,32,0.456996
11,33,0.469637
11,34,0.329379
11,35,0.0882479
11,36,0.139182
11,37,0
11,38,0
11,39,0
11,40,0
11,41,0.240093
11,42,0.29471
11,43,0.0284078
11,44,0.398612
11,45,0.219178
11,46,0.31859
11,47,0.321365
11,48,0.0218197
11,49,0
11,50,0
11,51,0.0528461
11,52,0
11,53,0.192784
11,54,0
11,55,0
11,56,0.289281
11,57,0
11,58,0.206886
11,59,0.461058
11,60,0.28273
11,61,0
11,62,0.109614
11,63,0.0818886
11,64,0
11,65,0
11,66,0.544596
11,67,0.347793
11,68,0.0981575
11,69,0
11,70,0
11,71,0.161944
11,72,0.511113
11,73,0.40388
11,74,0
11,75,0.334937
11,76,0.0517174
11,77,0.354132
11,78,0.084753
11,79,0.500261
11,80,0.570965
11,81,0.427103
11,82,0.00515808
11,83,0.00515808
11,84,0.0463777
11,85,0.00485038
11,86,0.00498866
11,87,0.00485038
11,88,0.300819
11,89,0.00474266
11,90,0.00485038
11,91,0.00721244
11,92,0.011422
11,93,0.18007
11,94,0.514045
11,95,0.253409
11,96,0.412747
11,97,0.478268
11,98,0.0233436
11,99,0.00474266
11,100,0.00474266
11,101,0.136239
11,102,0.512266
11,103,0.00466487
11,104,0.00466487
11,105,0.540009
11,106,0.44327
11,107,0.430387
11,108,0.31126
11,109,0.00466487
11,110,0.346862
11,111,0.299085
11,112,0.00466487
11,113,0.00461641
11,114,0.00466487
11,115,0.249091
11,116,0.148907
11,117,0.00998379
11,118,0.422986
11,119,0.00461641
11,120,0.0166418
11,121,0.480962
11,122,0.285595
11,123,0.439204
11,124,0.0721725
11,125,0.21078
11,126,0.107195
11,127,0.00459663
11,128,0.10387
11,129,0.542559
11,130,0.241787
11,131,0.272845
11,132,0.09111
11,133,0.166074
11,134,0.372573
11,135,0.462716
11,136,0.118223
11,137,0.227983
11,138,0.305244
11,139,0.00460486
11,140,0.583245
11,141,0.0625332
11,142,0.548615
11,143,0.00460486
11,144,0.213363
11,145,0.590334
11,146,0.43583
11,147,0.00460486
11,148,0.0105466
11,149,0.269045
11,150,0.043682
11,151,0.434501
11,152,0.15732
11,153,0.00464043
11,154,0.280697
11,155,0.00464043
11,156,0.353498
11,157,0.00464043
11,158,0.00464043
11,159,0.00464043
11,160,0.00470265
11,161,0.588956
11,162,0.543142
11,163,0.238057
11,164,0.159169
11,165,0.319855
11,166,0.104094
11,167,0.00470265
11,168,0.00470265
11,169,0.00470265
11,170,0.00470265
11,171,0.00470265
11,172,0.279336
11,173,0.0047908
11,174,0.113787
11,175,0
11,176,0
11,177,0
11,178,0.058807
11,179,0.268123
11,180,0
11,181,0.500595
11,182,0.100409
11,183,0.172166
11,184,0
11,185,0
11,186,0.210264
11,187,0.390945
11,188,0
11,189,0.547583
11,190,0
11,191,0.109925
11,192,0.530829
11,193,0.588824
11,194,0
11,195,0.0842885
11,196,0.307656
11,197,0.245475
11,198,0.161848
11,199,0
12,0,0.460894
12,1,0.823365
12,2,0.334507
12,3,0.472704
12,4,0.098738
12,5,0.839748
12,6,0.757063
12,7,0.365421
12,8,0.211905
12,9,0.245785
12,10,0.105565
12,11,0.224421
12,12,0
12,13,0.123824
12,14,0.50153
12,15,0.740796
12,16,0.0988111
12,17,0.621069
12,18,0.289432
12,19,0.792963
12,20,0
12,21,0.174174
12,22,0
12,23,0.372691
12,24,0.0510303
12,25,0.704205
12,26,0.46146
12,27,0.478499
12,28,0.393676
12,29,0.0532738
12,30,0
12,31,0.394609
12,32,0
12,33,0
12,34,0
12,35,0.340644
12,36,0
12,37,0.575468
12,38,0.107842
12,39,0.27691
12,40,0
12,41,0.341224
12,42,0.311542
12,43,0.0118647
12,44,0.474194
12,45,0
12,46,0
12,47,0
12,48,0.565226
12,49,0.214648
12,50,0
12,51,0
12,52,0.55847
12,53,0
12,54,0.239299
12,55,0
12,56,0
12,57,0
12,58,0
12,59,0.280634
12,60,0.31769
12,61,0
12,62,0
12,63,0.515353
12,64,0.0367933
12,65,0.0898251
12,66,0.222589
12,67,0.327055
12,68,0.0548796
12,69,0
12,70,0.0046631
12,71,0.243959
12,72,0.474306
12,73,0
12,74,0
12,75,0.37177
12,76,0.000718291
12,77,0
12,78,0.446663
12,79,0
12,80,0.536455
12,81,0.483256
12,82,0.0664463
12,83,0.520249
12,84,0.521659
12,85,0.00515808
12,86,0.0053592
12,87,0.545194
12,88,0.118278
12,89,0.00498866
12,90,0.249693
12,91,0.00515808
12,92,0.078723
12,93,0.00498866
12,94,0.00498866
12,95,0.538031
12,96,0.189309
12,97,0.446112
12,98,0.289021
12,99,0.00498866
12,100,0.00498866
12,101,0.00498866
12,102,0.331531
12,103,0.491584
12,104,0.00485038
12,105,0.42354
12,106,0.28317
12,107,0.288029
12,108,0.00485038
12,109,0.14973
12,110,0.00485038
12,111,0.00485038
12,112,0.0501742
12,113,0.187768
12,114,0.00485038
12,115,0.00474266
12,116,0.3364
12,117,0.00474266
12,118,0.00474266
12,119,0.00474266
12,120,0.0307807
12,121,0.00474266
12,122,0.150485
12,123,0.524262
12,124,0.00474266
12,125,0.367289
12,126,0.480143
12,127,0.319046
12,128,0.231503
12,129,0.18479
12,130,0.400866
12,131,0.23985
12,132,0.316111
12,133,0.148024
12,134,0.144189
12,135,0.00466487
12,136,0.00461641
12,137,0.00461641
12,138,0.301555
12,139,0.144701
12,140,0.406918
12,141,0.414554
12,142,0.257974
12,143,0.00461641
12,144,0.0128398
12,145,0.310805
12,146,0.273558
12,147,0.00461641
12,148,0.560311
12,149,0.00459663
12,150,0.0471155
12,151,0.00459663
12,152,0.00459663
12,153,0.00459663
12,154,0.00459663
12,155,0.00459663
12,156,0.386894
12,157,0.00459663
12,158,0.525387
12,159,0.0274406
12,160,0.424429
12,161,0.339045
12,162,0.00460486
12,163,0.149282
12,164,0.00460486
12,165,0.233013
12,166,0.154933
12,167,0.289129
12,168,0.482128
12,169,0.00460486
12,170,0.00460486
12,171,0.295356
12,172,0.00464043
12,173,0.508323
12,174,0.571899
12,175,0.101445
12,176,0.219704
12,177,0.250672
12,178,0.268229
12,179,0.183368
12,180,0.295452
12,181,0
12,182,0.58908
12,183,0.372611
12,184,0
12,185,0
12,186,0.577379
12,187,0.525283
12,188,0.164337
12,189,0.506649
12,190,0
12,191,0
12,192,0.245527
12,193,0.0365217
12,194,0.537713
12,195,0.541169
12,196,0
12,197,0.0970622
12,198,0.234714
12,199,0.555911
13,0,0.380278
13,1,0.823936
13,2,0.608273
13,3,0.797898
13,4,0.739834
13,5,0.577346
13,6,0.301192
13,7,0.372423
13,8,0.255904
13,9,0.1036
13,10,0.977134
13,11,0.955552
13,12,0.124321
13,13,0
13,14,0.877118
13,15,0.695894
13,16,0.20516
13,17,0.222335
13,18,0.618407
13,19,0.0675916
13,20,0.728387
13,21,0.467429
13,22,0.365092
13,23,0.0543254
13,24,0.0640353
13,25,0.715089
13,26,0
13,27,0
13,28,0
13,29,0.391519
13,30,0.537896
13,31,0.651514
13,32,0.117908
13,33,0.368839
13,34,0.292518
13,35,0
13,36,0.108679
13,37,0
13,38,0.234891
13,39,0.486387
13,40,0.13328
13,41,0.230635
13,42,0.45196
13,43,0.097537
13,44,0.349081
13,45,0.410028
13,46,0
13,47,0
13,48,0
13,49,0.549217
13,50,0
13,51,0
13,52,0.169088
13,53,0.344376
13,54,0
13,55,0.435699
13,56,0.325152
13,57,0.0231591
13,58,0
13,59,0.373992
13,60,0
13,61,0.480981
13,62,0.370336
13,63,0.14398
13,64,0.188276
13,65,0.0167014
13,66,0.421486
13,67,0
13,68,0.280526
13,69,0.0421141
13,70,0.548535
13,71,0
13,72,0
13,73,0.407691
13,74,0.321901
13,75,0.443975
13,76,0.241331
13,77,0.571262
13,78,0.478957
13,79,0.378031
13,80,0.53903
13,81,0.00599075
13,82,0.380862
13,83,0.131019
13,84,0.474711
13,85,0.00572827
13,86,0.00599075
13,87,0.223294
13,88,0.0879317
13,89,0.0626064
13,90,0.0198607
13,91,0.217281
13,92,0.00549865
13,93,0.00549865
13,94,0.00549865
13,95,0.576441
13,96,0.255465
13,97,0.00549865
13,98,0.00549865
13,99,0.00549865
13,100,0.0924551
13,101,0.00549865
13,102,0.194779
13,103,0.192463
13,104,0.469121
13,105,0.00530137
13,106,0.0561041
13,107,0.129984
13,108,0.00530137
13,109,0.00530137
13,110,0.00530137
13,111,0.00530137
13,112,0.0783439
13,113,0.00513588
13,114,0.440312
13,115,0.00513588
13,116,0.00513588
13,117,0.00513588
13,118,0.00513588
13,119,0.294788
13,120,0.331589
13,121,0.05237
13,122,0.00513588
13,123,0.00513588
13,124,0.284906
13,125,0.132292
13,126,0.00500163
13,127,0.00500163
13,128,0.179685
13,129,0.00500163
13,130,0.331941
13,131,0.00500163
13,132,0.00500163
13,133,0.00500163
13,134,0.295758
13,135,0.00500163
13,136,0.299449
13,137,0.00489801
13,138,0.281439
13,139,0.00489801
13,140,0.139559
13,141,0.00489801
13,142,0.00489801
13,143,0.00489801
13,144,0.00489801
13,145,0.00489801
13,146,0.0190707
13,147,0.00489801
13,148,0.0741411
13,149,0.0487942
13,150,0.00482443
13,151,0.00482443
13,152,0.514566
13,153,0.0236199
13,154,0.00482443
13,155,0.211633
13,156,0.568073
13,157,0.06574
13,158,0.58089
13,159,0.158942
13,160,0.275315
13,161,0.327571
13,162,0.262854
13,163,0.536338
13,164,0.00478027
13,165,0.00478027
13,166,0.00478027
13,167,0.389792
13,168,0.146703
13,169,0.371556
13,170,0.443971
13,171,0.00478027
13,172,0.408721
13,173,0.00476487
13,174,0
13,175,0.579537
13,176,0.0149223
13,177,0.162737
13,178,0
13,179,0.495222
13,180,0
13,181,0.0437615
13,182,0
13,183,0.538124
13,184,0.477395
13,185,0.0757196
13,186,0.159901
13,187,0.451467
13,188,0.548278
13,189,0.147609
13,190,0.0172265
13,191,0.226597
13,192,0
13,193,0
13,194,0.165939
13,195,0
13,196,0.0599094
13,197,0.254216
13,198,0
13,199,0
14,0,0.0529236
14,1,0.0918549
14,2,0.0941765
14,3,0.197352
14,4,0.180906
14,5,0.208436
14,6,0.182439
14,7,0.612425
14,8,0.802761
14,9,0.57979
14,10,0.533059
14,11,0.829639
14,12,0.103252
14,13,0.658106
14,14,0
14,15,0.757027
14,16,0.863685
14,17,0.0800752
14,18,0.268544
14,19,0.668371
14,20,0
14,21,0.761527
14,22,0.0291459
14,23,0.539897
14,24,0
14,25,0.0626703
14,26,0.059531
14,27,0.306679
14,28,0.475388
14,29,0.66707
14,30,0.419337
14,31,0.441836
14,32,0.0646627
14,33,0.384612
14,34,0.508201
14,35,0.262106
14,36,0.560171
14,37,0
14,38,0.451705
14,39,0.173081
14,40,0.516585
14,41,0.0170392
14,42,0
14,43,0.349917
14,44,0.0330362
14,45,0.331996
14,46,0.116968
14,47,0
14,48,0.470089
14,49,0.464265
14,50,0
14,51,0.554961
14,52,0.353827
14,53,0
14,54,0.273826
14,55,0.527259
14,56,0.163057
14,57,0.557321
14,58,0.0685659
14,59,0
14,60,0.497774
14,61,0
14,62,0
14,63,0
14,64,0.476273
14,65,0.477704
14,66,0.469529
14,67,0.395472
14,68,0.570361
14,69,0.29592
14,70,0
14,71,0.481716
14,72,0
14,73,0.0409684
14,74,0.231999
14,75,0.154667
14,76,0
14,77,0
14,78,0.515013
14,79,0.00698032
14,80,0.00698032
14,81,0.00661631
14,82,0.00698032
14,83,0.418131
14,84,0.00661631
14,85,0.352976
14,86,0.369582
14,87,0.542693
14,88,0.33385
14,89,0.00599075
14,90,0.00628661
14,91,0.253577
14,92,0.052475
14,93,0.00599075
14,94,0.542651
14,95,0.00599075
14,96,0.00599075
14,97,0.432582
14,98,0.00599075
14,99,0.00599075
14,100,0.150465
14,101,0.141569
14,102,0.00599075
14,103,0.282245
14,104,0.00572827
14,105,0.363386
14,106,0.00572827
14,107,0.00572827
14,108,0.550109
14,109,0.00572827
14,110,0.00572827
14,111,0.00572827
14,112,0.00572827
14,113,0.00549865
14,114,0.454359
14,115,0.234391
14,116,0.00549865
14,117,0.244283
14,118,0.197053
14,119,0.524989
14,120,0.523941
14,121,0.475465
14,122,0.198535
14,123,0.00549865
14,124,0.00549865
14,125,0.159058
14,126,0.364171
14,127,0.0402591
14,128,0.0122856
14,129,0.551386
14,130,0.265153
14,131,0.582021
14,132,0.112225
14,133,0.393256
14,134,0.281005
14,135,0.135526
14,136,0.175906
14,137,0.557203
14,138,0.372583
14,139,0.144272
14,140,0.00513588
14,141,0.00513588
14,142,0.177636
14,143,0.0429209
14,144,0.124517
14,145,0.0498251
14,146,0.00513588
14,147,0.310944
14,148,0.00500163
14,149,0.309473
14,150,0.255327
14,151,0.00500163
14,152,0.201613
14,153,0.00500163
14,154,0.0638906
14,155,0.424337
14,156,0.444896
14,157,0.00500163
14,158,0.00500163
14,159,0.00500163
14,160,0.00489801
14,161,0.562893
14,162,0.00489801
14,163,0.338685
14,164,0.370861
14,165,0.568062
14,166,0.00489801
14,167,0.00489801
14,168,0.537704
14,169,0.00489801
14,170,0.516537
14,171,0.00489801
14,172,0.00482443
14,173,0.110625
14,174,0.173886
14,175,0.331778
14,176,0.567414
14,177,0.279606
14,178,0.0566496
14,179,0
14,180,3.36888e-06
14,181,0
14,182,0
14,183,0
14,184,0.00796015
14,185,0.23224
14,186,0.451246
14,187,0
14,188,0.485901
14,189,0
14,190,0.147497
14,191,0
14,192,0
14,193,0.428101
14,194,0.45285
14,195,0.492803
14,196,0.408449
14,197,0
14,198,0
14,199,0.35454
15,0,0
15,1,0.151202
15,2,0.85207
15,3,0.407294
15,4,0.678634
15,5,0.4325
15,6,0.150549
15,7,0.668586
15,8,0.14967
15,9,0.652811
15,10,0.790897
15,11,0.565131
15,12,0.789994
15,13,0.959485
15,14,0.593719
15,15,0
15,16,0.189218
15,17,0.562133
15,18,0.403136
15,19,0.403546
15,20,0.400213
15,21,0.49701
15,22,0
15,23,0.4511
15,24,0.570028
15,25,0.683664
15,26,0.262726
15,27,0.417517
15,28,0.449999
15,29,0.374204
15,30,0.639204
15,31,0.166097
15,32,0.583738
15,33,0
15,34,0.0113026
15,35,0
15,36,0.462104
15,37,0.449155
15,38,0.144879
15,39,0.129617
15,40,0.587032
15,41,0
15,42,0
15,43,0.154873
15,44,0.55363
15,45,0
15,46,0
15,47,0
15,48,0.44065
15,49,0.195917
15,50,0.236017
15,51,0
15,52,0
15,53,0.269305
15,54,0.539507
15,55,0.528389
15,56,0.142478
15,57,0.00721925
15,58,0.161749
15,59,0
15,60,0
15,61,0.0652439
15,62,0.275586
15,63,0.508888
15,64,0.164288
15,65,0
15,66,0
15,67,0
15,68,0.420793
15,69,0.336998
15,70,0.477322
15,71,0.392523
15,72,0.506083
15,73,0
15,74,0
15,75,0.468693
15,76,0.0286698
15,77,0.0881815
15,78,0.00769812
15,79,0.00769812
15,80,0.00769812
15,81,0.294652
15,82,0.233211
15,83,0.00769812
15,84,0.00726093
15,85,0.193005
15,86,0.00726093
15,87,0.548209
15,88,0.00685882
15,89,0.445571
15,90,0.00685882
15,91,0.00685882
15,92,0.00649138
15,93,0.49942
15,94,0.00649138
15,95,0.516873
15,96,0.533251
15,97,0.00649138
15,98,0.00649138
15,99,0.374414
15,100,0.00649138
15,101,0.00649138
15,102,0.18946
15,103,0.552726
15,104,0.00926742
15,105,0.55324
15,106,0.44247
15,107,0.459371
15,108,0.064109
15,109,0.505412
15,110,0.00615817
15,111,0.181399
15,112,0.221207
15,113,0.422848
15,114,0.515437
15,115,0.00585873
15,116,0.0368126
15,117,0.00585873
15,118,0.00585873
15,119,0.0824125
15,120,0.00585873
15,121,0.00585873
15,122,0.187293
15,123,0.0184552
15,124,0.00585873
15,125,0.222725
15,126,0.00559258
15,127,0.00559258
15,128,0.508593
15,129,0.294123
15,130,0.491706
15,131,0.553007
15,132,0.529814
15,133,0.102979
15,134,0.525678
15,135,0.00559258
15,136,0.07833
15,137,0.390259
15,138,0.0053592
15,139,0.563952
15,140,0.317184
15,141,0.0285955
15,142,0.166682
15,143,0.0053592
15,144,0.0053592
15,145,0.103244
15,146,0.00818476
15,147,0.326517
15,148,0.324457
15,149,0.0285523
15,150,0.00515808
15,151,0.410589
15,152,0.269441
15,153,0.439433
15,154,0.00515808
15,155,0.428979
15,156,0.0812255
15,157,0.22544
15,158,0.543462
15,159,0.00900723
15,160,0.00498866
15,161,0.457202
15,162,0.00498866
15,163,0.00498866
15,164,0.00498866
15,165,0.00498866
15,166,0.26888
15,167,0.4746
15,168,0.00498866
15,169,0.528882
15,170,0.45633
15,171,0.471036
15,172,0.00485038
15,173,0.0438075
15,174,0
15,175,0.260472
15,176,0.558738
15,177,0.271425
15,178,0.0057248
15,179,0.299319
15,180,0
15,181,0.253578
15,182,0.125808
15,183,0.401442
15,184,0.112432
15,185,0.393469
15,186,0.24997
15,187,0
15,188,0.0359301
15,189,0.210453
15,190,0.0357141
15,191,0.391703
15,192,0.0816454
15,193,0.433752
15,194,0
15,195,0.474819
15,196,0
15,197,0.382968
15,198,0.367213
15,199,0
16,0,0.364345
16,1,0.599461
16,2,0.185206
16,3,0.087885
16,4,0.0902006
16,5,0.444697
16,6,0.760095
16,7,0.0948842
16,8,0.15991
16,9,0.217635
16,10,0.790668
16,11,0.297774
16,12,0.892089
16,13,0.337816
16,14,0.124818
16,15,0.417162
16,16,0
16,17,0.12622
16,18,0.757442
16,19,0.390836
16,20,0.523675
16,21,0.326711
16,22,0.781849
16,23,0.266314
16,24,0.773805
16,25,0.577078
16,26,0.327219
16,27,0.608884
16,28,0.721067
16,29,0.0743758
16,30,0.339221
16,31,0.0187055
16,32,0
16,33,0
16,34,0.202528
16,35,0
16,36,0.00861956
16,37,0
16,38,0.612556
16,39,0.0668416
16,40,0
16,41,0
16,42,0
16,43,0.117967
16,44,0
16,45,0.165525
16,46,0.232876
16,47,0.148969
16,48,0.317146
16,49,0.0326223
16,50,0
16,51,0
16,52,0.450102
16,53,0.496172
16,54,0.324587
16,55,0.368552
16,56,0.248716
16,57,0
16,58,0.179871
16,59,0.195321
16,60,0.1628
16,61,0
16,62,0.481574
16,63,0.218565
16,64,0.0137221
16,65,0
16,66,0.404325
16,67,0.361231
16,68,0.00912873
16,69,0.397755
16,70,0
16,71,0.198841
16,72,0
16,73,0.0280049
16,74,0
16,75,0
16,76,0
16,77,0.345631
16,78,0.306874
16,79,0.33438
16,80,0.00668206
16,81,0.31883
16,82,0.00668206
16,83,0.00668206
16,84,0.234646
16,85,0.410349
16,86,0.441114
16,87,0.00581359
16,88,0.00581359
16,89,0.0414109
16,90,0.518361
16,91,0.258945
16,92,0.233483
16,93,0.423359
16,94,0.00543328
16,95,0.00543328
16,96,0.00543328
16,97,0.00543328
16,98,0.451974
16,99,0.27359
16,100,0.545471
16,101,0.00543328
16,102,0.00543328
16,103,0.00508838
16,104,0.120648
16,105,0.0235187
16,106,0.00508838
16,107,0.148456
16,108,0.00508838
16,109,0.494938
16,110,0.00508838
16,111,0.00508838
16,112,0.236031
16,113,0.00477845
16,114,0.0774971
16,115,0.00477845
16,116,0.00477845
16,117,0.00477845
16,118,0.219971
16,119,0.00477845
16,120,0.405027
16,121,0.162009
16,122,0.00477845
16,123,0.0606734
16,124,0.00753177
16,125,0.00477845
16,126,0.152006
16,127,0.274652
16,128,0.0840746
16,129,0.0274296
16,130,0.00450303
16,131,0.0531749
16,132,0.120691
16,133,0.29058
16,134,0.0676903
16,135,0.00450303
16,136,0.00426163
16,137,0.256103
16,138,0.236886
16,139,0.00426163
16,140,0.174491
16,141,0.566384
16,142,0.379457
16,143,0.00426163
16,144,0.00426163
16,145,0.00426163
16,146,0.149913
16,147,0.237606
16,148,0.24519
16,149,0.00405375
16,150,0.00405375
16,151,0.0729815
16,152,0.378475
16,153,0.00405375
16,154,0.556202
16,155,0.00405375
16,156,0.00405375
16,157,0.128943
16,158,0.503941
16,159,0.489955
16,160,0.581002
16,161,0.00387886
16,162,0.00387886
16,163,0.12341
16,164,0.00387886
16,165,0.456988
16,166,0.208611
16,167,0.00387886
16,168,0.133129
16,169,0.00387886
16,170,0.145356
16,171,0.00387886
16,172,0.00373641
16,173,0.00373641
16,174,0
16,175,0.258096
16,176,0.244284
16,177,0.551607
16,178,0
16,179,0
16,180,0
16,181,0
16,182,0.401294
16,183,0.562622
16,184,0
16,185,0.379008
16,186,0
16,187,0.383303
16,188,0
16,189,0
16,190,0.293731
16,191,0
16,192,0.0351047
16,193,0
16,194,0.468316
16,195,0.0654048
16,196,0.557176
16,197,0.0981916
16,198,0.257191
16,199,0.108174
17,0,0.425152
17,1,0.185128
17,2,0.627118
17,3,0.0895305
17,4,0.560574
17,5,0.0895305
17,6,0.702811
17,7,0.23661
17,8,0.101217
17,9,0.101217
17,10,0.586229
17,11,0.213013
17,12,0.428681
17,13,0.41223
17,14,0.205539
17,15,0.827543
17,16,0.210635
17,17,0
17,18,0.402087
17,19,0.595978
17,20,0.5041
17,21,0.483944
17,22,0.248945
17,23,0.785055
17,24,0
17,25,0.291888
17,26,0.620326
17,27,0.315031
17,28,0.215295
17,29,0.0849421
17,30,0
17,31,0.692842
17,32,0
17,33,0.127074
17,34,0.317275
17,35,0
17,36,0
17,37,0.35142
17,38,0.587443
17,39,0
17,40,0.366959
17,41,0
17,42,0.495607
17,43,0.588305
17,44,0.0641334
17,45,0
17,46,0
17,47,0
17,48,0.103882
17,49,0.206783
17,50,0.529594
17,51,0
17,52,0
17,53,0
17,54,0.567362
17,55,0
17,56,0.32209
17,57,0.359299
17,58,0.267868
17,59,0
17,60,0
17,61,0.439808
17,62,0
17,63,0
17,64,0
17,65,0.304188
17,66,0
17,67,0
17,68,0
17,69,0
17,70,0.13767
17,71,0
17,72,0
17,73,0.0126204
17,74,0
17,75,0.379169
17,76,0.307121
17,77,0.00922403
17,78,0.00922403
17,79,0.00922403
17,80,0.48733
17,81,0.00867931
17,82,0.00922403
17,83,0.00922403
17,84,0.00867931
17,85,0.00817079
17,86,0.00867931
17,87,0.00817079
17,88,0.00817079
17,89,0.527346
17,90,0.00817079
17,91,0.00817079
17,92,0.384381
17,93,0.00769812
17,94,0.00769812
17,95,0.00769812
17,96,0.00769812
17,97,0.315751
17,98,0.00769812
17,99,0.0507193
17,100,0.00769812
17,101,0.487009
17,102,0.201243
17,103,0.00726093
17,104,0.00726093
17,105,0.319265
17,106,0.00726093
17,107,0.00726093
17,108,0.00726093
17,109,0.00726093
17,110,0.00726093
17,111,0.529412
17,112,0.00726093
17,113,0.198161
17,114,0.00726093
17,115,0.236288
17,116,0.490541
17,117,0.00685882
17,118,0.305605
17,119,0.562643
17,120,0.00685882
17,121,0.535755
17,122,0.00685882
17,123,0.00685882
17,124,0.00685882
17,125,0.0813814
17,126,0.00649138
17,127,0.00649138
17,128,0.00649138
17,129,0.0545082
17,130,0.406104
17,131,0.00649138
17,132,0.00649138
17,133,0.0305309
17,134,0.264105
17,135,0.308367
17,136,0.00615817
17,137,0.454571
17,138,0.379508
17,139,0.00615817
17,140,0.00615817
17,141,0.00615817
17,142,0.00615817
17,143,0.0752972
17,144,0.308886
17,145,0.00615817
17,146,0.00615817
17,147,0.221531
17,148,0.0995785
17,149,0.464641
17,150,0.209399
17,151,0.34558
17,152,0.423847
17,153,0.355752
17,154,0.397563
17,155,0.00585873
17,156,0.00585873
17,157,0.521573
17,158,0.0730638
17,159,0.102825
17,160,0.00559258
17,161,0.00559258
17,162,0.401942
17,163,0.389263
17,164,0.357897
17,165,0.0889748
17,166,0.119352
17,167,0.552873
17,168,0.00559258
17,169,0.00559258
17,170,0.00559258
17,171,0.132923
17,172,0.0352498
17,173,0.0053592
17,174,0
17,175,0
17,176,0.205607
17,177,0
17,178,0.405092
17,179,0
17,180,0
17,181,0.0361523
17,182,0.49391
17,183,0.515516
17,184,0
17,185,0.314785
17,186,0
17,187,0.097102
17,188,0.259085
17,189,0.153802
17,190,0
17,191,0
17,192,0.478625
17,193,0.444982
17,194,0.49061
17,195,0.256906
17,196,0
17,197,0.0335898
17,198,0.233407
17,199,0.34308
18,0,0.426507
18,1,0.813732
18,2,0.271639
18,3,0.201271
18,4,0.231461
18,5,0.319903
18,6,0.386777
18,7,0.87362
18,8,0.555311
18,9,0.251407
18,10,0.101233
18,11,0.65508
18,12,0.716325
18,13,0.969368
18,14,0.605671
18,15,0.958047
18,16,0.711782
18,17,0.691471
18,18,0
18,19,0.463349
18,20,0.358875
18,21,0.217841
18,22,0.453027
18,23,0.399524
18,24,0.0697533
18,25,0.266455
18,26,0.261539
18,27,0.693285
18,28,0.594665
18,29,0.665973
18,30,0.296354
18,31,0.311411
18,32,0.428832
18,33,0.115974
18,34,0.581822
18,35,0.633704
18,36,0.344956
18,37,0
18,38,0.0296823
18,39,0.223317
18,40,0.460809
18,41,0.271071
18,42,0.25606
18,43,0.12644
18,44,0
18,45,0.20699
18,46,0
18,47,0
18,48,0
18,49,0.419092
18,50,0.420498
18,51,0.3134
18,52,0
18,53,0
18,54,0
18,55,0
18,56,0.353629
18,57,0.233234
18,58,0
18,59,0.138097
18,60,0.110394
18,61,0.23242
18,62,0
18,63,0
18,64,0
18,65,0.550597
18,66,0
18,67,0.272517
18,68,0
18,69,0.0687597
18,70,0
18,71,0
18,72,0
18,73,0.46643
18,74,0.10412
18,75,0.0648127
18,76,0.0721627
18,77,0.216957
18,78,0.39677
18,79,0.39376
18,80,0.0307113
18,81,0.221026
18,82,0.116834
18,83,0.121443
18,84,0.00990783
18,85,0.343801
18,86,0.391882
18,87,0.346251
18,88,0.00932957
18,89,0.520806
18,90,0.00932957
18,91,0.513763
18,92,0.165921
18,93,0.0087879
18,94,0.0087879
18,95,0.193848
18,96,0.0087879
18,97,0.0087879
18,98,0.0087879
18,99,0.164735
18,100,0.314992
18,101,0.140462
18,102,0.189841
18,103,0.434453
18,104,0.023489
18,105,0.00828249
18,106,0.00828249
18,107,0.512853
18,108,0.346984
18,109,0.00828249
18,110,0.325411
18,111,0.00828249
18,112,0.370961
18,113,0.00781301
18,114,0.337278
18,115,0.37099
18,116,0.00781301
18,117,0.14744
18,118,0.137719
18,119,0.0372172
18,120,0.088142
18,121,0.454438
18,122,0.00781301
18,123,0.00781301
18,124,0.00781301
18,125,0.101073
18,126,0.288885
18,127,0.250165
18,128,0.35177
18,129,0.00737909
18,130,0.00737909
18,131,0.0882026
18,132,0.155642
18,133,0.447518
18,134,0.00737909
18,135,0.00737909
18,136,0.00698032
18,137,0.280289
18,138,0.535804
18,139,0.349392
18,140,0.433697
18,141,0.283507
18,142,0.568216
18,143,0.226717
18,144,0.56676
18,145,0.327432
18,146,0.0200645
18,147,0.00698032
18,148,0.00661631
18,149,0.00661631
18,150,0.0740761
18,151,0.408081
18,152,0.457288
18,153,0.467951
18,154,0.504236
18,155,0.00661631
18,156,0.00661631
18,157,0.21425
18,158,0.420249
18,159,0.00661631
18,160,0.232461
18,161,0.00628661
18,162,0.276772
18,163,0.00628661
18,164,0.550831
18,165,0.00628661
18,166,0.00628661
18,167,0.552313
18,168,0.343792
18,169,0.00628661
18,170,0.324005
18,171,0.199788
18,172,0.498901
18,173,0.316622
18,174,0
18,175,0.480602
18,176,0.0589962
18,177,0.285913
18,178,0.51707
18,179,0.378403
18,180,0.288232
18,181,0.0130325
18,182,0.208229
18,183,0.167265
18,184,0
18,185,0.135698
18,186,0.339452
18,187,0.317262
18,188,0
18,189,0.182773
18,190,0.504535
18,191,0.426541
18,192,0.284789
18,193,0.202366
18,194,0
18,195,0.256679
18,196,0.268545
18,197,0
18,198,0.233039
18,199,0.0335203
19,0,0.182242
19,1,0.347964
19,2,0.0918549
19,3,0.419737
19,4,0.0958621
19,5,0.299298
19,6,0.327698
19,7,0.593197
19,8,0.101233
19,9,0.306118
19,10,0.418824
19,11,0.758121
19,12,0.749748
19,13,0.101233
19,14,0.362345
19,15,0.101221
19,16,0.625208
19,17,0.134815
19,18,0.83253
19,19,0
19,20,0.806206
19,21,0.71004
19,22,0.705466
19,23,0.597057
19,24,0.371023
19,25,0.278021
19,26,0.627874
19,27,0
19,28,0
19,29,0
19,30,0.599395
19,31,0.326984
19,32,0.4303
19,33,0
19,34,0.35605
19,35,0
19,36,0.0427818
19,37,0.651009
19,38,0.186281
19,39,0.63265
19,40,0
19,41,0.48053
19,42,0.0425857
19,43,0.461125
19,44,0.212716
19,45,0.0798636
19,46,0
19,47,0.304982
19,48,0
19,49,0
19,50,0.130494
19,51,0.524745
19,52,0
19,53,0
19,54,0.205261
19,55,0.138057
19,56,0.283181
19,57,0
19,58,0.277194
19,59,0.371493
19,60,0.0718428
19,61,0.0748675
19,62,0
19,63,0
19,64,0.275291
19,65,0.537201
19,66,0
19,67,0
19,68,0.513892
19,69,0.355549
19,70,0.573488
19,71,0.550707
19,72,0.185798
19,73,0.0133574
19,74,0.369853
19,75,0.0125923
19,76,0.454172
19,77,0.561932
19,78,0.465344
19,79,0.55146
19,80,0.011865
19,81,0.0111753
19,82,0.478966
19,83,0.011865
19,84,0.284622
19,85,0.0855193
19,86,0.518664
19,87,0.010523
19,88,0.458959
19,89,0.199396
19,90,0.010523
19,91,0.010523
19,92,0.00990783
19,93,0.071295
19,94,0.06964
19,95,0.362519
19,96,0.0184086
19,97,0.328451
19,98,0.388645
19,99,0.00990783
19,100,0.0955758
19,101,0.384026
19,102,0.00990783
19,103,0.00932957
19,104,0.00932957
19,105,0.00932957
19,106,0.00932957
19,107,0.00932957
19,108,0.00932957
19,109,0.00932957
19,110,0.00932957
19,111,0.00932957
19,112,0.169518
19,113,0.507224
19,114,0.363913
19,115,0.0087879
19,116,0.0087879
19,117,0.296444
19,118,0.256847
19,119,0.0087879
19,120,0.0087879
19,121,0.4227
19,122,0.236909
19,123,0.00970984
19,124,0.0087879
19,125,0.0087879
19,126,0.00828249
19,127,0.344861
19,128,0.469157
19,129,0.00828249
19,130,0.00828249
19,131,0.00828249
19,132,0.398993
19,133,0.0238548
19,134,0.0941867
19,135,0.00828249
19,136,0.126807
19,137,0.396308
19,138,0.00781301
19,139,0.207333
19,140,0.00781301
19,141,0.00781301
19,142,0.00781301
19,143,0.168381
19,144,0.00781301
19,145,0.381454
19,146,0.456619
19,147,0.0486419
19,148,0.0979222
19,149,0.13349
19,150,0.353985
19,151,0.430721
19,152,0.00737909
19,153,0.0111893
19,154,0.00737909
19,155,0.305713
19,156,0.152971
19,157,0.0696779
19,158,0.0713911
19,159,0.0429447
19,160,0.0888099
19,161,0.196708
19,162,0.448397
19,163,0.00698032
19,164,0.00698032
19,165,0.00698032
19,166,0.00698032
19,167,0.187984
19,168,0.00698032
19,169,0.0111183
19,170,0.00698032
19,171,0.00698032
19,172,0.130136
19,173,0.00661631
19,174,0.364736
19,175,0.165073
19,176,0
19,177,0.240968
19,178,0
19,179,0.151181
19,180,0
19,181,0.411429
19,182,0.00295381
19,183,0.193206
19,184,0
19,185,0.285661
19,186,0
19,187,0.420253
19,188,0
19,189,0.416448
19,190,0
19,191,0.287513
19,192,0.0339961
19,193,0
19,194,0
19,195,0.0961004
19,196,0.141702
19,197,0
19,198,0
19,199,0.342171
20,0,0.456465
20,1,0.312167
20,2,0.918161
20,3,0.320182
20,4,0.581251
20,5,0.706013
20,6,0.91364
20,7,0.652641
20,8,0.40127
20,9,0.101233
20,10,0.252018
20,11,0.629348
20,12,0.855213
20,13,0.687372
20,14,0.260486
20,15,0.130412
20,16,0.405854
20,17,0.618711
20,18,0.987459
20,19,0.610246
20,20,0
20,21,0.446956
20,22,0.260825
20,23,0.267762
20,24,0.846643
20,25,0.38833
20,26,0.258704
20,27,0.326226
20,28,0
20,29,0.59831
20,30,0.4057
20,31,0.620855
20,32,0.386608
20,33,0.710811
20,34,0.539137
20,35,0.690754
20,36,0.304615
20,37,0.256234
20,38,0.634535
20,39,0
20,40,0.636409
20,41,0.631001
20,42,0.203051
20,43,0.294265
20,44,0.478091
20,45,0
20,46,0.544926
20,47,0.60786
20,48,0.28486
20,49,0.169214
20,50,0.596195
20,51,0
20,52,0
20,53,0
20,54,0.225185
20,55,0.553076
20,56,0.386751
20,57,0
20,58,0.00557305
20,59,0.442985
20,60,0.37308
20,61,0.580851
20,62,0.263694
20,63,0
20,64,0.552674
20,65,0.0555675
20,66,0
20,67,0.140676
20,68,0
20,69,0
20,70,0.423274
20,71,0
20,72,0.0158812
20,73,0.0150017
20,74,0.240106
20,75,0.0141605
20,76,0.229456
20,77,0.158568
20,78,0.0133574
20,79,0.0133574
20,80,0.0133574
20,81,0.0125923
20,82,0.185597
20,83,0.0133574
20,84,0.0125923
20,85,0.011865
20,86,0.0125923
20,87,0.011865
20,88,0.011865
20,89,0.0795869
20,90,0.011865
20,91,0.58326
20,92,0.0750467
20,93,0.293434
20,94,0.0111753
20,95,0.0303418
20,96,0.0111753
20,97,0.29716
20,98,0.579228
20,99,0.0111753
20,100,0.0111753
20,101,0.410805
20,102,0.0111753
20,103,0.010523
20,104,0.010523
20,105,0.427063
20,106,0.010523
20,107,0.433268
20,108,0.010523
20,109,0.0843378
20,110,0.010523
20,111,0.116949
20,112,0.193397
20,113,0.340351
20,114,0.254605
20,115,0.00990783
20,116,0.560599
20,117,0.341795
20,118,0.00990783
20,119,0.00990783
20,120,0.00990783
20,121,0.00990783
20,122,0.00990783
20,123,0.326882
20,124,0.546933
20,125,0.152879
20,126,0.00932957
20,127,0.00932957
20,128,0.00932957
20,129,0.00932957
20,130,0.00932957
20,131,0.00932957
20,132,0.00932957
20,133,0.100966
20,134,0.136037
20,135,0.00932957
20,136,0.0087879
20,137,0.521213
20,138,0.0087879
20,139,0.362162
20,140,0.0241714
20,141,0.0087879
20,142,0.0087879
20,143,0.0087879
20,144,0.0087879
20,145,0.570692
20,146,0.0087879
20,147,0.558183
20,148,0.33167
20,149,0.00828249
20,150,0.00828249
20,151,0.00828249
20,152,0.130962
20,153,0.00828249
20,154,0.334726
20,155,0.0961858
20,156,0.538359
20,157,0.527155
20,158,0.233465
20,159,0.00828249
20,160,0.00781301
20,161,0.560966
20,162,0.115
20,163,0.00781301
20,164,0.0826847
20,165,0.00781301
20,166,0.00781301
20,167,0.448515
20,168,0.00781301
20,169,0.0466117
20,170,0.232243
20,171,0.059062
20,172,0.290358
20,173,0.552812
20,174,0.110709
20,175,0.282432
20,176,0.536264
20,177,0.187173
20,178,0.263607
20,179,0.290013
20,180,0.482116
20,181,0.449605
20,182,0.300117
20,183,0.0350762
20,184,0
20,185,0.0575625
20,186,0.555428
20,187,0
20,188,0.00816225
20,189,0.212338
20,190,0.0497886
20,191,0.148781
20,192,0.195533
20,193,0
20,194,0.307138
20,195,0
20,196,0
20,197,0
20,198,0
20,199,0
21,0,0.226077
21,1,0.595254
21,2,0.575356
21,3,0.24917
21,4,0.581385
21,5,0.111772
21,6,0.0872429
21,7,0.559553
21,8,0.755807
21,9,0.691056
21,10,0.300346
21,11,0.672907
21,12,0.574824
21,13,0.0988494
21,14,0.148495
21,15,0.847712
21,16,0.528804
21,17,0.142889
21,18,0.101131
21,19,0.969492
21,20,0.7887
21,21,0
21,22,0.548204
21,23,0.508855
21,24,0.37032
21,25,0.513304
21,26,0.193748
21,27,0.441982
21,28,0.572283
21,29,0.265733
21,30,0.389637
21,31,0.668964
21,32,0
21,33,0
21,34,0.246077
21,35,0.0786845
21,36,0.574784
21,37,0.370297
21,38,0.0517166
21,39,0.141789
21,40,0.121673
21,41,0
21,42,0.431229
21,43,0
21,44,0.295886
21,45,0.448794
21,46,0
21,47,0.161376
21,48,0
21,49,0.100511
21,50,0.244746
21,51,0
21,52,0
21,53,0
21,54,0.509232
21,55,0.298819
21,56,0.404698
21,57,0
21,58,0
21,59,0.112145
21,60,0.223679
21,61,0.40285
21,62,0
21,63,0.236957
21,64,0
21,65,0.447321
21,66,0.560628
21,67,0.45892
21,68,0.105648
21,69,0
21,70,0
21,71,0.548024
21,72,0.01672
21,73,0.0157999
21,74,0.014918
21,75,0.014918
21,76,0.501141
21,77,0.0140743
21,78,0.156342
21,79,0.0140743
21,80,0.482363
21,81,0.0132686
21,82,0.207433
21,83,0.0140743
21,84,0.0132686
21,85,0.106414
21,86,0.440559
21,87,0.0125009
21,88,0.304217
21,89,0.0117709
21,90,0.294431
21,91,0.0125009
21,92,0.481088
21,93,0.0117709
21,94,0.559434
21,95,0.493646
21,96,0.50637
21,97,0.520251
21,98,0.356381
21,99,0.0117709
21,100,0.0117709
21,101,0.0117709
21,102,0.0117709
21,103,0.20566
21,104,0.0110784
21,105,0.0647016
21,106,0.240806
21,107,0.0110784
21,108,0.484474
21,109,0.0110784
21,110,0.0110784
21,111,0.3759
21,112,0.0110784
21,113,0.545938
21,114,0.535596
21,115,0.394547
21,116,0.0630337
21,117,0.384261
21,118,0.0104233
21,119,0.0104233
21,120,0.478422
21,121,0.300102
21,122,0.115295
21,123,0.372335
21,124,0.370044
21,125,0.0875534
21,126,0.279134
21,127,0.287758
21,128,0.0208901
21,129,0.0501496
21,130,0.00980525
21,131,0.266284
21,132,0.133204
21,133,0.0925176
21,134,0.00980525
21,135,0.299518
21,136,0.57247
21,137,0.542897
21,138,0.371919
21,139,0.473708
21,140,0.00922403
21,141,0.00922403
21,142,0.266276
21,143,0.181022
21,144,0.00922403
21,145,0.218522
21,146,0.00922403
21,147,0.160684
21,148,0.0201618
21,149,0.00867931
21,150,0.35923
21,151,0.00867931
21,152,0.00867931
21,153,0.00867931
21,154,0.00867931
21,155,0.510126
21,156,0.397393
21,157,0.405246
21,158,0.217764
21,159,0.00867931
21,160,0.00817079
21,161,0.351998
21,162,0.525161
21,163,0.429195
21,164,0.00817079
21,165,0.00817079
21,166,0.147111
21,167,0.00817079
21,168,0.00817079
21,169,0.00817079
21,170,0.00817079
21,171,0.00817079
21,172,0.0806201
21,173,0.439883
21,174,0
21,175,0.173417
21,176,0.0703629
21,177,0
21,178,0
21,179,0.512623
21,180,0.417326
21,181,0.538095
21,182,0
21,183,0.562592
21,184,0
21,185,0
21,186,0.496606
21,187,0
21,188,0
21,189,0.137953
21,190,0
21,191,0.109513
21,192,0
21,193,0
21,194,0
21,195,0.199855
21,196,0.140592
21,197,0.533337
21,198,0.481241
21,199,0.357995
22,0,0
22,1,0.0895503
22,2,0.142867
22,3,0.776925
22,4,0.90238
22,5,0.146836
22,6,0.382671
22,7,0.416029
22,8,0.595632
22,9,0.605696
22,10,0.380794
22,11,0.449312
22,12,0.579332
22,13,0.668843
22,14,0.453781
22,15,0.867924
22,16,0.103613
22,17,0.391208
22,18,0.985461
22,19,0.334502
22,20,0.967459
22,21,0.356871
22,22,0
22,23,0.854232
22,24,0.285914
22,25,0.617036
22,26,0.197899
22,27,0.833344
22,28,0.135148
22,29,0.108107
22,30,0.716193
22,31,0
22,32,0.398023
22,33,0.740927
22,34,0.0117296
22,35,0.176137
22,36,0.645113
22,37,0.165683
22,38,0.563663
22,39,0.0635158
22,40,0
22,41,0.157054
22,42,0.428038
22,43,0.211648
22,44,0
22,45,0.0730238
22,46,0
22,47,0.598404
22,48,0.167857
22,49,0.0467501
22,50,0.571894
22,51,0.490811
22,52,0.00121096
22,53,0
22,54,0.37066
22,55,0.306705
22,56,0.588599
22,57,0
22,58,0.24829
22,59,0
22,60,0
22,61,0.104894
22,62,0
22,63,0.446322
22,64,0.0486551
22,65,0.0918286
22,66,0
22,67,0
22,68,0.526038
22,69,0.0197828
22,70,0.294038
22,71,0.579927
22,72,0.152712
22,73,0.0446087
22,74,0.113242
22,75,0.217526
22,76,0.477925
22,77,0.114831
22,78,0.165207
22,79,0.016799
22,80,0.519054
22,81,0.105404
22,82,0.016799
22,83,0.016799
22,84,0.405292
22,85,0.0150017
22,86,0.578376
22,87,0.376843
22,88,0.0150017
22,89,0.207513
22,90,0.0150017
22,91,0.0150017
22,92,0.0141605
22,93,0.0141605
22,94,0.0141605
22,95,0.135338
22,96,0.334338
22,97,0.0141605
22,98,0.472052
22,99,0.249785
22,100,0.0717171
22,101,0.161341
22,102,0.226105
22,103,0.0133574
22,104,0.0133574
22,105,0.0133574
22,106,0.232202
22,107,0.47571
22,108,0.250313
22,109,0.0133574
22,110,0.0133574
22,111,0.170479
22,112,0.306189
22,113,0.16225
22,114,0.463999
22,115,0.111565
22,116,0.192714
22,117,0.442459
22,118,0.0125923
22,119,0.2524
22,120,0.0560712
22,121,0.0125923
22,122,0.579254
22,123,0.161175
22,124,0.151436
22,125,0.0125923
22,126,0.011865
22,127,0.011865
22,128,0.140935
22,129,0.582716
22,130,0.547743
22,131,0.011865
22,132,0.1521
22,133,0.181937
22,134,0.011865
22,135,0.162532
22,136,0.325151
22,137,0.289301
22,138,0.0469953
22,139,0.0111753
22,140,0.498491
22,141,0.341132
22,142,0.567372
22,143,0.215349
22,144,0.0111753
22,145,0.442064
22,146,0.0111753
22,147,0.518646
22,148,0.295947
22,149,0.0449323
22,150,0.184174
22,151,0.010523
22,152,0.353255
22,153,0.176456
22,154,0.339254
22,155,0.010523
22,156,0.329987
22,157,0.45529
22,158,0.221098
22,159,0.010523
22,160,0.453385
22,161,0.184266
22,162,0.00990783
22,163,0.0205912
22,164,0.00990783
22,165,0.00990783
22,166,0.00990783
22,167,0.521855
22,168,0.00990783
22,169,0.0606192
22,170,0.00990783
22,171,0.00990783
22,172,0.00932957
22,173,0.00932957
22,174,0.229112
22,175,0.139876
22,176,0
22,177,0.384382
22,178,0.0770727
22,179,0.472327
22,180,0
22,181,0
22,182,0
22,183,0
22,184,0.275928
22,185,0.413372
22,186,0
22,187,0.0244868
22,188,0.288719
22,189,0
22,190,0.330526
22,191,0.161841
22,192,0.200648
22,193,0
22,194,0
22,195,0.401695
22,196,0.0791577
22,197,0
22,198,0.344901
22,199,0.189261
23,0,0.16441
23,1,0.0895503
23,2,0.595577
23,3,0.717581
23,4,0.404338
23,5,0.250897
23,6,0.289064
23,7,0.604828
23,8,0.101233
23,9,0.831674
23,10,0.528574
23,11,0.376191
23,12,0.946194
23,13,0.620028
23,14,0.436827
23,15,0.655561
23,16,0.470763
23,17,0.832892
23,18,0.122998
23,19,0.195153
23,20,0.868862
23,21,0.891583
23,22,0.788862
23,23,0
23,24,0.492925
23,25,0.870048
23,26,0.772421
23,27,0.270856
23,28,0.415194
23,29,0.769387
23,30,0
23,31,0
23,32,0.263054
23,33,0.0561335
23,34,0.5737
23,35,0
23,36,0.452946
23,37,0
23,38,0.272147
23,39,0.0584905
23,40,0
23,41,0.0898247
23,42,0.568887
23,43,0.296953
23,44,0.0128447
23,45,0.1625
23,46,0
23,47,0
23,48,0.624476
23,49,0.554285
23,50,0
23,51,0
23,52,0.407725
23,53,0
23,54,0.602221
23,55,0
23,56,0
23,57,0.433896
23,58,0.230696
23,59,0.162848
23,60,0.317308
23,61,0.340349
23,62,0.283792
23,63,0
23,64,0.571459
23,65,0.0519477
23,66,0
23,67,0.254336
23,68,0.132944
23,69,0.438463
23,70,0.584343
23,71,0.330011
23,72,0.0219641
23,73,0.461112
23,74,0.0197828
23,75,0.173569
23,76,0.0197828
23,77,0.0187498
23,78,0.192687
23,79,0.0187498
23,80,0.0187498
23,81,0.341907
23,82,0.151835
23,83,0.0187498
23,84,0.38285
23,85,0.132554
23,86,0.0177551
23,87,0.414854
23,88,0.016799
23,89,0.527363
23,90,0.016799
23,91,0.016799
23,92,0.244916
23,93,0.0158812
23,94,0.0158812
23,95,0.195123
23,96,0.0517073
23,97,0.0339661
23,98,0.0158812
23,99,0.565332
23,100,0.0158812
23,101,0.0158812
23,102,0.28376
23,103,0.0699104
23,104,0.0150017
23,105,0.0150017
23,106,0.0150017
23,107,0.0154399
23,108,0.0150017
23,109,0.217947
23,110,0.369122
23,111,0.268944
23,112,0.0150017
23,113,0.0141605
23,114,0.320002
23,115,0.0141605
23,116,0.443327
23,117,0.0141605
23,118,0.544581
23,119,0.0141605
23,120,0.566211
23,121,0.0141605
23,122,0.0141605
23,123,0.211184
23,124,0.0141605
23,125,0.0141605
23,126,0.0133574
23,127,0.36184
23,128,0.400745
23,129,0.0434669
23,130,0.32917
23,131,0.0133574
23,132,0.252457
23,133,0.0150174
23,134,0.135154
23,135,0.311065
23,136,0.0222527
23,137,0.169464
23,138,0.0125923
23,139,0.414289
23,140,0.0125923
23,141,0.503596
23,142,0.088385
23,143,0.1532
23,144,0.0125923
23,145,0.0125923
23,146,0.292212
23,147,0.0125923
23,148,0.011865
23,149,0.242743
23,150,0.011865
23,151,0.011865
23,152,0.547599
23,153,0.101132
23,154,0.451988
23,155,0.011865
23,156,0.474911
23,157,0.011865
23,158,0.011865
23,159,0.28626
23,160,0.120735
23,161,0.378777
23,162,0.358815
23,163,0.0111753
23,164,0.0111753
23,165,0.0111753
23,166,0.504008
23,167,0.238088
23,168,0.485473
23,169,0.0111753
23,170,0.065341
23,171,0.0111753
23,172,0.563014
23,173,0.56685
23,174,0.246888
23,175,0
23,176,0
23,177,0
23,178,0
23,179,0.0548886
23,180,0
23,181,0.159218
23,182,0.30271
23,183,0
23,184,0
23,185,0.169177
23,186,0
23,187,0.566518
23,188,0.252756
23,189,0
23,190,0.269555
23,191,0
23,192,0
23,193,0.0452849
23,194,0
23,195,0
23,196,0.367986
23,197,0
23,198,0
23,199,0.270485
24,0,0.0502187
24,1,0.420139
24,2,0.741252
24,3,0.317004
24,4,0.416507
24,5,0.413314
24,6,0.535164
24,7,0.639333
24,8,0.820015
24,9,0.874979
24,10,0.144547
24,11,0.862972
24,12,0.468012
24,13,0.88183
24,14,0.874182
24,15,0.577225
24,16,0.487793
24,17,0.16799
24,18,0.586048
24,19,0.175708
24,20,0.516743
24,21,0.294393
24,22,0.400465
24,23,0.648555
24,24,0
24,25,0.750576
24,26,0.790305
24,27,0
24,28,0.499736
24,29,0.0814049
24,30,0
24,31,0.14817
24,32,0.4509
24,33,0.367463
24,34,0
24,35,0.733777
24,36,0
24,37,0.339255
24,38,0.341212
24,39,0.452421
24,40,0.165753
24,41,0.220224
24,42,0.596814
24,43,0.0567694
24,44,0
24,45,0.469937
24,46,0
24,47,0.293403
24,48,0
24,49,0.122879
24,50,0
24,51,0.163022
24,52,0
24,53,0.18247
24,54,0.581793
24,55,0.304311
24,56,0
24,57,0.417629
24,58,0.32916
24,59,0.547122
24,60,0.60019
24,61,0.371199
24,62,0
24,63,0.201587
24,64,0
24,65,0
24,66,0.187304
24,67,0
24,68,0.511145
24,69,0.0219641
24,70,0.0219641
24,71,0.0208543
24,72,0.296584
24,73,0.554199
24,74,0.320821
24,75,0.313153
24,76,0.369974
24,77,0.588257
24,78,0.0187498
24,79,0.0187498
24,80,0.0540089
24,81,0.178238
24,82,0.230409
24,83,0.0548544
24,84,0.0177551
24,85,0.177374
24,86,0.0177551
24,87,0.0611777
24,88,0.016799
24,89,0.423145
24,90,0.016799
24,91,0.016799
24,92,0.169281
24,93,0.187985
24,94,0.533339
24,95,0.455875
24,96,0.493641
24,97,0.100429
24,98,0.0158812
24,99,0.383079
24,100,0.26767
24,101,0.0158812
24,102,0.0158812
24,103,0.0150017
24,104,0.0150017
24,105,0.43462
24,106,0.0150017
24,107,0.503461
24,108,0.41438
24,109,0.0150017
24,110,0.593975
24,111,0.0150017
24,112,0.54966
24,113,0.215123
24,114,0.306537
24,115,0.0141605
24,116,0.0141605
24,117,0.422708
24,118,0.125947
24,119,0.155562
24,120,0.243571
24,121,0.504296
24,122,0.506619
24,123,0.0141605
24,124,0.0901221
24,125,0.437799
24,126,0.0133574
24,127,0.0133574
24,128,0.0133574
24,129,0.0133574
24,130,0.0133574
24,131,0.0133574
24,132,0.0427841
24,133,0.0133574
24,134,0.0133574
24,135,0.191163
24,136,0.0125923
24,137,0.0125923
24,138,0.0953341
24,139,0.544031
24,140,0.380741
24,141,0.0923543
24,142,0.0125923
24,143,0.333469
24,144,0.0125923
24,145,0.516817
24,146,0.407667
24,147,0.0125923
24,148,0.343398
24,149,0.011865
24,150,0.464153
24,151,0.011865
24,152,0.011865
24,153,0.376782
24,154,0.209739
24,155,0.342225
24,156,0.21889
24,157,0.280577
24,158,0.011865
24,159,0.562978
24,160,0.523964
24,161,0.0111753
24,162,0.574594
24,163,0.0111753
24,164,0.20042
24,165,0.0111753
24,166,0.573632
24,167,0.336239
24,168,0.344077
24,169,0.0799766
24,170,0.291304
24,171,0.135851
24,172,0.010523
24,173,0.509676
24,174,0
24,175,0
24,176,0.425396
24,177,0
24,178,0.00970767
24,179,0.181975
24,180,0.0377959
24,181,0
24,182,0
24,183,0.298826
24,184,0
24,185,0.210487
24,186,0.0553643
24,187,0.310263
24,188,0
24,189,0.200252
24,190,0.288233
24,191,0
24,192,0.515849
24,193,0.277922
24,194,0.235681
24,195,0.131365
24,196,0
24,197,0.225678
24,198,0
24,199,0.388781
25,0,0
25,1,0.0872633
25,2,0.309683
25,3,0.0872633
25,4,0.889899
25,5,0.603095
25,6,0.210028
25,7,0.755128
25,8,0.744867
25,9,0.682417
25,10,0.385791
25,11,0.215584
25,12,0.0988665
25,13,0.406866
25,14,0.952881
25,15,0.110714
25,16,0.101233
25,17,0.446604
25,18,0.861661
25,19,0.3921
25,20,0.101233
25,21,0.587389
25,22,0.671189
25,23,0.100874
25,24,0.305308
25,25,0
25,26,0.321733
25,27,0.569165
25,28,0.304829
25,29,0
25,30,0.827147
25,31,0.069391
25,32,0.0374382
25,33,0.7803
25,34,0.382121
25,35,0.131534
25,36,0.679376
25,37,0
25,38,0.350906
25,39,0.442372
25,40,0
25,41,0.0264228
25,42,0
25,43,0
25,44,0.0106492
25,45,0.202789
25,46,0
25,47,0.145995
25,48,0.271044
25,49,0.373415
25,50,0.00108489
25,51,0
25,52,0.449694
25,53,0.582158
25,54,0.335726
25,55,0.478777
25,56,0
25,57,0
25,58,0.0735395
25,59,0.235124
25,60,0
25,61,0
25,62,0.409098
25,63,0
25,64,0
25,65,0
25,66,0.132658
25,67,0.0255231
25,68,0.173061
25,69,0.0255231
25,70,0.482717
25,71,0.169395
25,72,0.0255231
25,73,0.582612
25,74,0.422082
25,75,0.333541
25,76,0.112138
25,77,0.0219641
25,78,0.0219641
25,79,0.0219641
25,80,0.348634
25,81,0.129814
25,82,0.0219641
25,83,0.140305
25,84,0.0632858
25,85,0.404991
25,86,0.0208543
25,87,0.294452
25,88,0.441857
25,89,0.394876
25,90,0.0197828
25,91,0.480824
25,92,0.0187498
25,93,0.0187498
25,94,0.0187498
25,95,0.0203816
25,96,0.0187498
25,97,0.171368
25,98,0.18738
25,99,0.517729
25,100,0.25507
25,101,0.0420699
25,102,0.0605452
25,103,0.0177551
25,104,0.0177551
25,105,0.0177551
25,106,0.341305
25,107,0.482513
25,108,0.0177551
25,109,0.513456
25,110,0.573309
25,111,0.0177551
25,112,0.0254841
25,113,0.016799
25,114,0.133623
25,115,0.467511
25,116,0.461014
25,117,0.481462
25,118,0.147797
25,119,0.288506
25,120,0.263925
25,121,0.421901
25,122,0.155164
25,123,0.392246
25,124,0.468261
25,125,0.21539
25,126,0.0158812
25,127,0.0158812
25,128,0.0158812
25,129,0.376828
25,130,0.0158812
25,131,0.418228
25,132,0.0158812
25,133,0.191113
25,134,0.444552
25,135,0.196876
25,136,0.436046
25,137,0.176698
25,138,0.0702292
25,139,0.0150017
25,140,0.0840191
25,141,0.0372479
25,142,0.0150017
25,143,0.503306
25,144,0.104868
25,145,0.249393
25,146,0.368249
25,147,0.0150017
25,148,0.125537
25,149,0.0141605
25,150,0.0141605
25,151,0.0141605
25,152,0.0141605
25,153,0.199362
25,154,0.576835
25,155,0.0141605
25,156,0.0141605
25,157,0.0141605
25,158,0.0141605
25,159,0.0141605
25,160,0.552192
25,161,0.0133574
25,162,0.0133574
25,163,0.0133574
25,164,0.560962
25,165,0.0133574
25,166,0.358118
25,167,0.39917
25,168,0.227656
25,169,0.0133574
25,170,0.517859
25,171,0.0133574
25,172,0.273144
25,173,0.0125923
25,174,0
25,175,0
25,176,0.282526
25,177,0.380724
25,178,0.135363
25,179,0
25,180,0
25,181,0.189
25,182,0.00902614
25,183,0
25,184,0
25,185,0
25,186,0
25,187,0.0135569
25,188,0.175794
25,189,0.0742604
25,190,0.407179
25,191,0.137672
25,192,0.452756
25,193,0
25,194,0.309337
25,195,0.423405
25,196,0
25,197,0.0778216
25,198,0.232941
25,199,0.316575
26,0,0.388392
26,1,0.519032
26,2,0.808385
26,3,0.367558
26,4,0.585447
26,5,0.83921
26,6,0.561794
26,7,0.305256
26,8,0.671994
26,9,0.157294
26,10,0.566388
26,11,0.800798
26,12,0.775902
26,13,0.0988665
26,14,0.0988665
26,15,0.0988665
26,16,0.430683
26,17,0.346189
26,18,0.453235
26,19,0.101233
26,20,0.856106
26,21,0.296097
26,22,0.608244
26,23,0.736161
26,24,0.357277
26,25,0.350071
26,26,0
26,27,0.585233
26,28,0.422973
26,29,0.807103
26,30,0.193699
26,31,0.114933
26,32,0.516355
26,33,0.724777
26,34,0
26,35,0
26,36,0.310867
26,37,0.737558
26,38,0.464309
26,39,0.625212
26,40,0.448745
26,41,0.615903
26,42,0.181158
26,43,0.268871
26,44,0.374809
26,45,0.166625
26,46,0.333938
26,47,0.40277
26,48,0.615154
26,49,0
26,50,0
26,51,0.626803
26,52,0.54277
26,53,0.141904
26,54,0.265696
26,55,0.280282
26,56,0.486029
26,57,0.614857
26,58,0
26,59,0
26,60,0.483301
26,61,0.132434
26,62,0.144983
26,63,0.0905908
26,64,0.0307985
26,65,0.215834
26,66,0.136209
26,67,0.47265
26,68,0.201423
26,69,0.0280857
26,70,0.324854
26,71,0.0267855
26,72,0.0280857
26,73,0.0267855
26,74,0.427807
26,75,0.357281
26,76,0.253769
26,77,0.0609118
26,78,0.0587326
26,79,0.183155
26,80,0.0653021
26,81,0.232762
26,82,0.172475
26,83,0.0242987
26,84,0.0231123
26,85,0.0219641
26,86,0.555995
26,87,0.544406
26,88,0.0219641
26,89,0.0208543
26,90,0.0219641
26,91,0.571768
26,92,0.252042
26,93,0.332135
26,94,0.0208543
26,95,0.58386
26,96,0.0208543
26,97,0.506137
26,98,0.416751
26,99,0.461544
26,100,0.0208543
26,101,0.103668
26,102,0.0208543
26,103,0.0197828
26,104,0.237115
26,105,0.506916
26,106,0.443363
26,107,0.0197828
26,108,0.0197828
26,109,0.0197828
26,110,0.411583
26,111,0.374561
26,112,0.478889
26,113,0.0187498
26,114,0.0197828
26,115,0.562636
26,116,0.103424
26,117,0.608625
26,118,0.484351
26,119,0.222037
26,120,0.0187498
26,121,0.0187498
26,122,0.171114
26,123,0.389961
26,124,0.410516
26,125,0.564674
26,126,0.352094
26,127,0.0177551
26,128,0.448827
26,129,0.150788
26,130,0.535784
26,131,0.510287
26,132,0.0177551
26,133,0.0177551
26,134,0.0177551
26,135,0.259413
26,136,0.525063
26,137,0.442985
26,138,0.499617
26,139,0.016799
26,140,0.016799
26,141,0.297236
26,142,0.016799
26,143,0.566925
26,144,0.016799
26,145,0.016799
26,146,0.519791
26,147,0.130182
26,148,0.0158812
26,149,0.39118
26,150,0.0158812
26,151,0.0158812
26,152,0.48024
26,153,0.302802
26,154,0.0158812
26,155,0.279309
26,156,0.256029
26,157,0.348816
26,158,0.36591
26,159,0.0989691
26,160,0.0150017
26,161,0.294813
26,162,0.0150017
26,163,0.0150017
26,164,0.324489
26,165,0.0150017
26,166,0.574907
26,167,0.24531
26,168,0.0150017
26,169,0.47214
26,170,0.492737
26,171,0.0150017
26,172,0.166327
26,173,0.500094
26,174,0
26,175,0.186694
26,176,0.561847
26,177,0
26,178,0
26,179,0
26,180,0
26,181,0
26,182,0
26,183,0.491227
26,184,0.563311
26,185,0
26,186,0.171959
26,187,0.22068
26,188,0
26,189,0
26,190,0
26,191,0
26,192,0
26,193,0.129468
26,194,0.243963
26,195,0.368929
26,196,0.547585
26,197,0.223561
26,198,0.0189301
26,199,0
27,0,0.169645
27,1,0.259497
27,2,0.511818
27,3,0.0810502
27,4,0.177769
27,5,0.830893
27,6,0.630804
27,7,0.17358
27,8,0.0970385
27,9,0.804256
27,10,0.254835
27,11,0.133949
27,12,0.0925333
27,13,0.545721
27,14,0.0925333
27,15,0.0925333
27,16,0.843927
27,17,0.663434
27,18,0.735891
27,19,0.892423
27,20,0.094887
27,21,0.891463
27,22,0.238682
27,23,0.102093
27,24,0.460449
27,25,0.915305
27,26,0.890565
27,27,0
27,28,0.409888
27,29,0.53337
27,30,0.307235
27,31,0.589834
27,32,0.0214632
27,33,0.591243
27,34,0.118414
27,35,0.0628883
27,36,0.753499
27,37,0
27,38,0.715732
27,39,0
27,40,0.0798715
27,41,0.526264
27,42,0.23259
27,43,0.245385
27,44,0.610673
27,45,0
27,46,0.308008
27,47,0
27,48,0.644025
27,49,0
27,50,0.472327
27,51,0.543178
27,52,0.0397272
27,53,0.37141
27,54,0
27,55,0.155272
27,56,0
27,57,0
27,58,0.0695752
27,59,0.269257
27,60,0.314443
27,61,0.432537
27,62,0
27,63,0.417354
27,64,0.137688
27,65,0.1872
27,66,0.624831
27,67,0.0924577
27,68,0.358939
27,69,0.544054
27,70,0.288037
27,71,0.0249723
27,72,0.318487
27,73,0.0249723
27,74,0.178678
27,75,0.222549
27,76,0.023714
27,77,0.0224941
27,78,0.244905
27,79,0.0224941
27,80,0.08207
27,81,0.0352936
27,82,0.0224941
27,83,0.446406
27,84,0.0213129
27,85,0.0201706
27,86,0.0213129
27,87,0.0201706
27,88,0.0201706
27,89,0.339992
27,90,0.523591
27,91,0.559509
27,92,0.117499
27,93,0.0190671
27,94,0.324101
27,95,0.602558
27,96,0.345015
27,97,0.300882
27,98,0.0512696
27,99,0.0539589
27,100,0.20268
27,101,0.0190671
27,102,0.0874429
27,103,0.0180026
27,104,0.0180026
27,105,0.0180026
27,106,0.459289
27,107,0.0568679
27,108,0.0180026
27,109,0.0713266
27,110,0.236084
27,111,0.219873
27,112,0.476807
27,113,0.292938
27,114,0.0336686
27,115,0.584294
27,116,0.492675
27,117,0.334482
27,118,0.0169771
27,119,0.0169771
27,120,0.0509142
27,121,0.0169771
27,122,0.0169771
27,123,0.545088
27,124,0.0169771
27,125,0.403625
27,126,0.522795
27,127,0.0159907
27,128,0.0793771
27,129,0.0159907
27,130,0.0978541
27,131,0.0159907
27,132,0.0295192
27,133,0.564346
27,134,0.0159907
27,135,0.24788
27,136,0.567903
27,137,0.0150433
27,138,0.0150433
27,139,0.0150433
27,140,0.213181
27,141,0.304075
27,142,0.325223
27,143,0.0734745
27,144,0.0150433
27,145,0.0150433
27,146,0.0455804
27,147,0.0150433
27,148,0.46144
27,149,0.299271
27,150,0.0170709
27,151,0.014135
27,152,0.453975
27,153,0.1078
27,154,0.014135
27,155,0.014135
27,156,0.014135
27,157,0.014135
27,158,0.014135
27,159,0.368875
27,160,0.0898436
27,161,0.332982
27,162,0.420521
27,163,0.511522
27,164,0.289486
27,165,0.0132656
27,166,0.149671
27,167,0.251192
27,168,0.0132656
27,169,0.229997
27,170,0.368877
27,171,0.492924
27,172,0.012435
27,173,0.0889379
27,174,0
27,175,0.293414
27,176,0.213224
27,177,0.388535
27,178,0.552698
27,179,0.0740976
27,180,0.0872392
27,181,0
27,182,0.373932
27,183,0
27,184,0.476454
27,185,0
27,186,0.127733
27,187,0
27,188,0
27,189,0.373629
27,190,0.5441
27,191,0.245411
27,192,0.109539
27,193,0.367549
27,194,0.15986
27,195,0
27,196,0.502334
27,197,0
27,198,0.456217
27,199,0
28,0,0.413739
28,1,0.57173
28,2,0.0872633
28,3,0.0849951
28,4,0.0872633
28,5,0.40009
28,6,0.741855
28,7,0.722062
28,8,0.234455
28,9,0.748449
28,10,0.236135
28,11,0.746021
28,12,0.141175
28,13,0.096514
28,14,0.116665
28,15,0.096514
28,16,0.0988665
28,17,0.675473
28,18,0.248278
28,19,0.245934
28,20,0.479318
28,21,0.222603
28,22,0.918443
28,23,0.0988665
28,24,0.1036
28,25,0.509672
28,26,0.245551
28,27,0.953659
28,28,0
28,29,0.63236
28,30,0.102614
28,31,0.113351
28,32,0.366485
28,33,0.697047
28,34,0.163933
28,35,0.411787
28,36,0.772091
28,37,0.585599
28,38,0.171767
28,39,0.523237
28,40,0
28,41,0
28,42,0.702687
28,43,0.598719
28,44,0.0539455
28,45,0
28,46,0.680164
28,47,0.132851
28,48,0
28,49,0.414141
28,50,0.383775
28,51,0.121533
28,52,0
28,53,0.61065
28,54,0.0593788
28,55,0
28,56,0.632539
28,57,0.573385
28,58,0.167656
28,59,0.588561
28,60,0.237755
28,61,0.302358
28,62,0
28,63,0.629746
28,64,0.0889018
28,65,0.0322107
28,66,0.193176
28,67,0.0322107
28,68,0.0336597
28,69,0.546088
28,70,0.0322107
28,71,0.0307985
28,72,0.0322107
28,73,0.0307985
28,74,0.0294235
28,75,0.0294235
28,76,0.0294235
28,77,0.0280857
28,78,0.430678
28,79,0.0280857
28,80,0.35445
28,81,0.11484
28,82,0.413774
28,83,0.557694
28,84,0.0439198
28,85,0.0255231
28,86,0.0267855
28,87,0.0255231
28,88,0.0255231
28,89,0.278059
28,90,0.0255231
28,91,0.258693
28,92,0.0242987
28,93,0.0242987
28,94,0.251285
28,95,0.331287
28,96,0.366183
28,97,0.0242987
28,98,0.0242987
28,99,0.48865
28,100,0.0242987
28,101,0.0242987
28,102,0.0242987
28,103,0.0231123
28,104,0.0231123
28,105,0.0231123
28,106,0.0793662
28,107,0.0231123
28,108,0.0231123
28,109,0.0231123
28,110,0.347945
28,111,0.380514
28,112,0.336062
28,113,0.113308
28,114,0.292335
28,115,0.0219641
28,116,0.261567
28,117,0.436135
28,118,0.0945518
28,119,0.316914
28,120,0.0784819
28,121,0.372748
28,122,0.0219641
28,123,0.353099
28,124,0.0219641
28,125,0.553082
28,126,0.0470206
28,127,0.463529
28,128,0.0208543
28,129,0.109609
28,130,0.318959
28,131,0.0208543
28,132,0.259117
28,133,0.345273
28,134,0.0208543
28,135,0.495704
28,136,0.378515
28,137,0.2612
28,138,0.0197828
28,139,0.422475
28,140,0.497093
28,141,0.605448
28,142,0.174954
28,143,0.205119
28,144,0.0934922
28,145,0.0197828
28,146,0.314653
28,147,0.0197828
28,148,0.0187498
28,149,0.0187498
28,150,0.421985
28,151,0.103904
28,152,0.531751
28,153,0.0187498
28,154,0.0187498
28,155,0.0187498
28,156,0.0187498
28,157,0.260664
28,158,0.489102
28,159,0.0187498
28,160,0.0177551
28,161,0.187927
28,162,0.0177551
28,163,0.39077
28,164,0.0177551
28,165,0.0540464
28,166,0.266291
28,167,0.0177551
28,168,0.0177551
28,169,0.537766
28,170,0.485704
28,171,0.582084
28,172,0.527713
28,173,0.0451586
28,174,0.154904
28,175,0
28,176,0.252098
28,177,0
28,178,0.10672
28,179,0.290724
28,180,0.0260145
28,181,0
28,182,0
28,183,0
28,184,0.0447169
28,185,0.0069621
28,186,0
28,187,0.0994513
28,188,0
28,189,0
28,190,0.23482
28,191,0
28,192,0.445556
28,193,0.487372
28,194,0
28,195,0
28,196,0
28,197,0.249238
28,198,0
28,199,0.02864
29,0,0.246617
29,1,0.0849951
29,2,0.35366
29,3,0.451671
29,4,0.500834
29,5,0.919381
29,6,0.856872
29,7,0.180321
29,8,0.215279
29,9,0.413749
29,10,0.907283
29,11,0.661881
29,12,0.752343
29,13,0.112774
29,14,0.096514
29,15,0.217277
29,16,0.54428
29,17,0.445856
29,18,0.746791
29,19,0.627075
29,20,0.7362
29,21,0.408535
29,22,0.854882
29,23,0.600713
29,24,0.329953
29,25,0.872272
29,26,0.785899
29,27,0.689246
29,28,0.55068
29,29,0
29,30,0.102587
29,31,0.103226
29,32,0.117183
29,33,0.0998592
29,34,0.471494
29,35,0.585626
29,36,0.608782
29,37,0.411395
29,38,0.459346
29,39,0.751504
29,40,0.629826
29,41,0
29,42,0.708846
29,43,0.319106
29,44,0.614845
29,45,0
29,46,0.354686
29,47,0
29,48,0.378248
29,49,0
29,50,0.618042
29,51,0.00661275
29,52,0.559714
29,53,0.0300311
29,54,0
29,55,0.169945
29,56,0.353672
29,57,0
29,58,0
29,59,0.0420821
29,60,0.317074
29,61,0
29,62,0.175629
29,63,0.468381
29,64,0.166914
29,65,0.0351451
29,66,0.152893
29,67,0.0351451
29,68,0.300261
29,69,0.0351451
29,70,0.0351451
29,71,0.123323
29,72,0.0351451
29,73,0.0336597
29,74,0.663058
29,75,0.0322107
29,76,0.0322107
29,77,0.273921
29,78,0.0307985
29,79,0.549249
29,80,0.36731
29,81,0.0294235
29,82,0.0307985
29,83,0.219153
29,84,0.0890795
29,85,0.0429848
29,86,0.0294235
29,87,0.0280857
29,88,0.117252
29,89,0.0267855
29,90,0.107991
29,91,0.0280857
29,92,0.269183
29,93,0.598948
29,94,0.533108
29,95,0.0267855
29,96,0.0267855
29,97,0.0267855
29,98,0.0267855
29,99,0.281527
29,100,0.113309
29,101,0.205464
29,102,0.0267855
29,103,0.296793
29,104,0.351468
29,105,0.0255231
29,106,0.357836
29,107,0.585383
29,108,0.34652
29,109,0.552735
29,110,0.47684
29,111,0.0557505
29,112,0.0255231
29,113,0.0242987
29,114,0.616824
29,115,0.0833816
29,116,0.0686594
29,117,0.0242987
29,118,0.185455
29,119,0.535655
29,120,0.0242987
29,121,0.0242987
29,122,0.632695
29,123,0.577235
29,124,0.595546
29,125,0.51921
29,126,0.0231123
29,127,0.603668
29,128,0.0231123
29,129,0.0263117
29,130,0.240861
29,131,0.348903
29,132,0.587442
29,133,0.334641
29,134,0.0231123
29,135,0.300191
29,136,0.422534
29,137,0.0219641
29,138,0.242444
29,139,0.130455
29,140,0.0219641
29,141,0.0804063
29,142,0.547551
29,143,0.0219641
29,144,0.122728
29,145,0.526
29,146,0.098942
29,147,0.556033
29,148,0.535932
29,149,0.0208543
29,150,0.456391
29,151,0.0208543
29,152,0.0208543
29,153,0.455866
29,154,0.0208543
29,155,0.0208543
29,156,0.340071
29,157,0.0208543
29,158,0.592787
29,159,0.591898
29,160,0.250305
29,161,0.203485
29,162,0.310638
29,163,0.209947
29,164,0.0197828
29,165,0.0197828
29,166,0.0197828
29,167,0.0197828
29,168,0.0197828
29,169,0.499378
29,170,0.214744
29,171,0.0197828
29,172,0.0187498
29,173,0.137274
29,174,0
29,175,0.43387
29,176,0.019653
29,177,0.27138
29,178,0.369082
29,179,0
29,180,0.299602
29,181,0.206986
29,182,0.176224
29,183,0.33805
29,184,0.0437134
29,185,0.356761
29,186,0.33622
29,187,0
29,188,0
29,189,0.312816
29,190,0
29,191,0.231504
29,192,0
29,193,0.438159
29,194,0
29,195,0.19897
29,196,0.511259
29,197,0.0934935
29,198,0.291973
29,199,0
30,0,0.0435184
30,1,0.218192
30,2,0.190793
30,3,0.653463
30,4,0.756811
30,5,0.393396
30,6,0.498381
30,7,0.198296
30,8,0.101187
30,9,0.311978
30,10,0.566102
30,11,0.815897
30,12,0.933267
30,13,0.157384
30,14,0.57458
30,15,0.392084
30,16,0.933623
30,17,0.333515
30,18,0.582737
30,19,0.946499
30,20,0.0941581
30,21,0.745961
30,22,0.596754
30,23,0.384602
30,24,0.613131
30,25,0.847773
30,26,0.096484
30,27,0.545005
30,28,0.368915
30,29,0.723483
30,30,0
30,31,0.62291
30,32,0.746553
30,33,0
30,34,0.830801
30,35,0.428682
30,36,0.764254
30,37,0.266521
30,38,0
30,39,0
30,40,0.381311
30,41,0.27809
30,42,0.562005
30,43,0.235383
30,44,0.209466
30,45,0.689427
30,46,0
30,47,0.650724
30,48,0.684387
30,49,0.18603
30,50,0.245086
30,51,0.644919
30,52,0.266072
30,53,0.00534391
30,54,0.271775
30,55,0.660253
30,56,0.6231
30,57,0.133948
30,58,0.650935
30,59,0.177031
30,60,0.52099
30,61,0.430433
30,62,0
30,63,0.291586
30,64,0.475488
30,65,0.0350952
30,66,0.0350952
30,67,0.35786
30,68,0.151468
30,69,0.0350952
30,70,0.5147
30,71,0.0336082
30,72,0.390628
30,73,0.290351
30,74,0.163423
30,75,0.0321576
30,76,0.268965
30,77,0.231089
30,78,0.0307437
30,79,0.221599
30,80,0.0307437
30,81,0.268482
30,82,0.165525
30,83,0.231293
30,84,0.570228
30,85,0.0280274
30,86,0.19647
30,87,0.495616
30,88,0.175666
30,89,0.18816
30,90,0.0280274
30,91,0.0280274
30,92,0.0267254
30,93,0.110606
30,94,0.605275
30,95,0.0267254
30,96,0.17109
30,97,0.0267254
30,98,0.394898
30,99,0.637764
30,100,0.0267254
30,101,0.234555
30,102,0.0267254
30,103,0.0254611
30,104,0.0254611
30,105,0.168288
30,106,0.0254611
30,107,0.44607
30,108,0.0254611
30,109,0.0254611
30,110,0.0254611
30,111,0.0254611
30,112,0.54744
30,113,0.502536
30,114,0.318896
30,115,0.452232
30,116,0.575383
30,117,0.0242347
30,118,0.292362
30,119,0.0951825
30,120,0.385713
30,121,0.616349
30,122,0.44224
30,123,0.0242347
30,124,0.0749577
30,125,0.395517
30,126,0.0230464
30,127,0.588987
30,128,0.47197
30,129,0.467176
30,130,0.577057
30,131,0.0230464
30,132,0.0520361
30,133,0.608712
30,134,0.0230464
30,135,0.25443
30,136,0.128581
30,137,0.0338074
30,138,0.052081
30,139,0.219975
30,140,0.329246
30,141,0.412095
30,142,0.32773
30,143,0.232923
30,144,0.274297
30,145,0.0218962
30,146,0.0470171
30,147,0.20942
30,148,0.210388
30,149,0.0207843
30,150,0.0207843
30,151,0.0207843
30,152,0.0207843
30,153,0.468528
30,154,0.0207843
30,155,0.110015
30,156,0.224191
30,157,0.0682254
30,158,0.0663066
30,159,0.0634657
30,160,0.0197106
30,161,0.0197106
30,162,0.219539
30,163,0.319834
30,164,0.0197106
30,165,0.412745
30,166,0.0197106
30,167,0.483599
30,168,0.0197106
30,169,0.364195
30,170,0.0760721
30,171,0.518483
30,172,0.146783
30,173,0.0186754
30,174,0.103224
30,175,0
30,176,0.129616
30,177,0.521036
30,178,0.357576
30,179,0
30,180,0
30,181,0.399378
30,182,0.0532267
30,183,0
30,184,0.244547
30,185,0.409259
30,186,0.134517
30,187,0
30,188,0
30,189,0.580674
30,190,0.289894
30,191,0.139892
30,192,0
30,193,0
30,194,0
30,195,0.338804
30,196,0
30,197,0.163593
30,198,0.203989
30,199,0
31,0,0
31,1,0.0827465
31,2,0.11661
31,3,0.77041
31,4,0.157196
31,5,0.621566
31,6,0.0827465
31,7,0.705128
31,8,0.575518
31,9,0.749713
31,10,0.849723
31,11,0.582217
31,12,0.559884
31,13,0.314501
31,14,0.647064
31,15,0.216229
31,16,0.140011
31,17,0.20107
31,18,0.484556
31,19,0.411903
31,20,0.200369
31,21,0.193078
31,22,0.096514
31,23,0.582594
31,24,0.510659
31,25,0.229631
31,26,0.343939
31,27,0.614685
31,28,0.819135
31,29,0.970176
31,30,0.917625
31,31,0
31,32,0.142993
31,33,0.0197148
31,34,0.0619663
31,35,0
31,36,0.196419
31,37,0.714064
31,38,0
31,39,0
31,40,0.302175
31,41,0.682691
31,42,0.739937
31,43,0
31,44,0.238942
31,45,0.0900553
31,46,0.577613
31,47,0.504318
31,48,0.268626
31,49,0
31,50,0
31,51,0.672923
31,52,0.022011
31,53,0.205858
31,54,0.667594
31,55,0.624264
31,56,0
31,57,0
31,58,0
31,59,0.343613
31,60,0.0448038
31,61,0.0431072
31,62,0.261006
31,63,0.0431072
31,64,0.0431072
31,65,0.376941
31,66,0.039817
31,67,0.308423
31,68,0.213987
31,69,0.039817
31,70,0.382156
31,71,0.6786
31,72,0.039817
31,73,0.358333
31,74,0.0366667
31,75,0.306967
31,76,0.0366667
31,77,0.59791
31,78,0.0391282
31,79,0.210549
31,80,0.653514
31,81,0.296965
31,82,0.183955
31,83,0.0351451
31,84,0.0336597
31,85,0.148207
31,86,0.0336597
31,87,0.0322107
31,88,0.375056
31,89,0.105857
31,90,0.423163
31,91,0.432588
31,92,0.359579
31,93,0.0307985
31,94,0.642737
31,95,0.0307985
31,96,0.657724
31,97,0.0307985
31,98,0.286976
31,99,0.171394
31,100,0.156423
31,101,0.0307985
31,102,0.161914
31,103,0.300553
31,104,0.643296
31,105,0.262493
31,106,0.0294235
31,107,0.653948
31,108,0.181856
31,109,0.280582
31,110,0.186712
31,111,0.157229
31,112,0.0294235
31,113,0.0280857
31,114,0.421937
31,115,0.0280857
31,116,0.165923
31,117,0.58618
31,118,0.125629
31,119,0.0280857
31,120,0.0280857
31,121,0.0280857
31,122,0.635067
31,123,0.0280857
31,124,0.190531
31,125,0.612667
31,126,0.0267855
31,127,0.177583
31,128,0.0267855
31,129,0.34924
31,130,0.0267855
31,131,0.308415
31,132,0.0267855
31,133,0.185629
31,134,0.0267855
31,135,0.0267855
31,136,0.0255231
31,137,0.208748
31,138,0.0255231
31,139,0.312111
31,140,0.0255231
31,141,0.174705
31,142,0.0255231
31,143,0.0801413
31,144,0.211158
31,145,0.578786
31,146,0.43599
31,147,0.0255231
31,148,0.509557
31,149,0.0242987
31,150,0.0242987
31,151,0.0242987
31,152,0.135302
31,153,0.0242987
31,154,0.0242987
31,155,0.0242987
31,156,0.0242987
31,157,0.035032
31,158,0.206963
31,159,0.0591053
31,160,0.0231123
31,161,0.246052
31,162,0.0231123
31,163,0.0231123
31,164,0.0231123
31,165,0.0266618
31,166,0.0231123
31,167,0.0231123
31,168,0.594303
31,169,0.0231123
31,170,0.606552
31,171,0.0231123
31,172,0.30357
31,173,0.0219641
31,174,0.205533
31,175,0
31,176,0
31,177,0.00107853
31,178,0
31,179,0.57093
31,180,0.274002
31,181,0.250692
31,182,0
31,183,0
31,184,0.544334
31,185,0.144135
31,186,0
31,187,0
31,188,0.548325
31,189,0.391876
31,190,0.22841
31,191,0
31,192,0.010128
31,193,0.321056
31,194,0
31,195,0.169975
31,196,0
31,197,0
31,198,0.474128
31,199,0
32,0,0.127231
32,1,0.756578
32,2,0.1574
32,3,0.0782879
32,4,0.0804956
32,5,0.758273
32,6,0.307259
32,7,0.0849739
32,8,0.185655
32,9,0.682329
32,10,0.0895305
32,11,0.864842
32,12,0.337414
32,13,0.249941
32,14,0.0895305
32,15,0.287495
32,16,0.804291
32,17,0.281052
32,18,0.50338
32,19,0.761153
32,20,0.0918359
32,21,0.144372
32,22,0.828052
32,23,0.500339
32,24,0.885139
32,25,0.0941581
32,26,0.0941581
32,27,0.0988494
32,28,0.373762
32,29,0.0923622
32,30,0.116335
32,31,0.855661
32,32,0
32,33,0.831058
32,34,0.332615
32,35,0
32,36,0.78958
32,37,0.135635
32,38,0.31363
32,39,0.781445
32,40,0.346871
32,41,0.0199523
32,42,0
32,43,0.262196
32,44,0.366411
32,45,0.15284
32,46,0.33587
32,47,0.716697
32,48,0.0091707
32,49,0.662091
32,50,0.243418
32,51,0
32,52,0
32,53,0.414506
32,54,0.665081
32,55,0.305056
32,56,0.316801
32,57,0
32,58,0.418684
32,59,0.35488
32,60,0.126572
32,61,0.418895
32,62,0.481422
32,63,0.0430646
32,64,0.279465
32,65,0.0397716
32,66,0.0397716
32,67,0.156661
32,68,0.110802
32,69,0.450087
32,70,0.152792
32,71,0.612177
32,72,0.641315
32,73,0.236341
32,74,0.0584337
32,75,0.230489
32,76,0.628434
32,77,0.615694
32,78,0.167936
32,79,0.0350952
32,80,0.516191
32,81,0.663436
32,82,0.0350952
32,83,0.549128
32,84,0.351431
32,85,0.0321576
32,86,0.124946
32,87,0.0321576
32,88,0.0321576
32,89,0.0307437
32,90,0.588616
32,91,0.306719
32,92,0.523934
32,93,0.356449
32,94,0.587089
32,95,0.094117
32,96,0.51601
32,97,0.0307437
32,98,0.552267
32,99,0.0307437
32,100,0.653337
32,101,0.0307437
32,102,0.0307437
32,103,0.595038
32,104,0.546753
32,105,0.201979
32,106,0.132904
32,107,0.486595
32,108,0.13422
32,109,0.617387
32,110,0.0293669
32,111,0.0293669
32,112,0.60215
32,113,0.0280274
32,114,0.0293669
32,115,0.268963
32,116,0.153433
32,117,0.273815
32,118,0.543577
32,119,0.375582
32,120,0.421721
32,121,0.458083
32,122,0.0280274
32,123,0.276038
32,124,0.144916
32,125,0.0280274
32,126,0.0267254
32,127,0.0267254
32,128,0.152421
32,129,0.582915
32,130,0.239419
32,131,0.138483
32,132,0.0267254
32,133,0.412596
32,134,0.0705294
32,135,0.0267254
32,136,0.0254611
32,137,0.537506
32,138,0.632124
32,139,0.422249
32,140,0.494275
32,141,0.0254611
32,142,0.0254611
32,143,0.435756
32,144,0.0254611
32,145,0.0254611
32,146,0.0503589
32,147,0.439168
32,148,0.516316
32,149,0.0242347
32,150,0.157682
32,151,0.283741
32,152,0.0242347
32,153,0.511983
32,154,0.0242347
32,155,0.226892
32,156,0.0242347
32,157,0.0242347
32,158,0.564248
32,159,0.286152
32,160,0.0230464
32,161,0.152592
32,162,0.0230464
32,163,0.162043
32,164,0.0230464
32,165,0.196251
32,166,0.32354
32,167,0.221234
32,168,0.0889927
32,169,0.313022
32,170,0.0230464
32,171,0.0230464
32,172,0.321856
32,173,0.0851422
32,174,0
32,175,0.598166
32,176,0.321336
32,177,0.116122
32,178,0.397542
32,179,0.200976
32,180,0.413735
32,181,0
32,182,0
32,183,0.515479
32,184,0
32,185,0.114135
32,186,0.104441
32,187,0
32,188,0.432942
32,189,0.0345045
32,190,0.590192
32,191,0
32,192,0.556149
32,193,0
32,194,0.217536
32,195,0
32,196,0.29662
32,197,0
32,198,0.431432
32,199,0
33,0,0.645433
33,1,0.111434
33,2,0.382306
33,3,0.60063
33,4,0.581753
33,5,0.484434
33,6,0.596976
33,7,0.312035
33,8,0.0902006
33,9,0.426119
33,10,0.93078
33,11,0.840067
33,12,0.746077
33,13,0.181343
33,14,0.763219
33,15,0.941592
33,16,0.70296
33,17,0.278386
33,18,0.292811
33,19,0.541716
33,20,0.722752
33,21,0.292876
33,22,0.634934
33,23,0.680825
33,24,0.442657
33,25,0.263884
33,26,0.937167
33,27,0.149063
33,28,0.590777
33,29,0.784335
33,30,0.317629
33,31,0.598619
33,32,0.108218
33,33,0
33,34,0.768034
33,35,0.265995
33,36,0.612641
33,37,0.290965
33,38,0.817748
33,39,0
33,40,0.330896
33,41,0.334455
33,42,0
33,43,0.211817
33,44,0.078734
33,45,0.0695974
33,46,0
33,47,0.0745201
33,48,0
33,49,0.30079
33,50,0.380432
33,51,0.370143
33,52,0.0378053
33,53,0.690171
33,54,0.0391662
33,55,0.700245
33,56,0.140234
33,57,0.321153
33,58,0.689533
33,59,0.302422
33,60,0.0482833
33,61,0.492705
33,62,0.619905
33,63,0.528584
33,64,0.495516
33,65,0.405567
33,66,0.0429842
33,67,0.165001
33,68,0.0447171
33,69,0.0429842
33,70,0.227524
33,71,0.236546
33,72,0.283332
33,73,0.27864
33,74,0.603681
33,75,0.557399
33,76,0.560621
33,77,0.037992
33,78,0.037992
33,79,0.590704
33,80,0.296989
33,81,0.431385
33,82,0.213323
33,83,0.570729
33,84,0.370514
33,85,0.497883
33,86,0.558543
33,87,0.0348407
33,88,0.0851628
33,89,0.504747
33,90,0.331249
33,91,0.279149
33,92,0.261207
33,93,0.213753
33,94,0.0735788
33,95,0.0333193
33,96,0.0333193
33,97,0.169831
33,98,0.468468
33,99,0.0333193
33,100,0.258133
33,101,0.0333193
33,102,0.470283
33,103,0.0318346
33,104,0.535504
33,105,0.355313
33,106,0.662422
33,107,0.386199
33,108,0.434986
33,109,0.0318346
33,110,0.27338
33,111,0.0318346
33,112,0.515249
33,113,0.0303869
33,114,0.0318346
33,115,0.180136
33,116,0.580282
33,117,0.0303869
33,118,0.253269
33,119,0.0303869
33,120,0.562786
33,121,0.0303869
33,122,0.556545
33,123,0.134837
33,124,0.414856
33,125,0.0303869
33,126,0.466553
33,127,0.615386
33,128,0.417616
33,129,0.248673
33,130,0.0289766
33,131,0.0289766
33,132,0.540554
33,133,0.661338
33,134,0.126277
33,135,0.396447
33,136,0.331299
33,137,0.103348
33,138,0.0972942
33,139,0.0867832
33,140,0.206802
33,141,0.0276039
33,142,0.435227
33,143,0.0424979
33,144,0.0276039
33,145,0.65085
33,146,0.550045
33,147,0.0276039
33,148,0.026269
33,149,0.12482
33,150,0.026269
33,151,0.610276
33,152,0.342549
33,153,0.026269
33,154,0.0729916
33,155,0.0831036
33,156,0.145878
33,157,0.026269
33,158,0.0326982
33,159,0.026269
33,160,0.450556
33,161,0.240861
33,162,0.217413
33,163,0.325767
33,164,0.236856
33,165,0.0249723
33,166,0.0547149
33,167,0.0249723
33,168,0.119937
33,169,0.492407
33,170,0.333956
33,171,0.0249723
33,172,0.520674
33,173,0.106707
33,174,0.0238239
33,175,0
33,176,0.0729171
33,177,0
33,178,0
33,179,0.140048
33,180,0.384872
33,181,0.0159235
33,182,0.0978438
33,183,0.0749408
33,184,0.240413
33,185,0.514007
33,186,0.503396
33,187,0
33,188,0
33,189,0
33,190,0
33,191,0.539435
33,192,0.480254
33,193,0.552298
33,194,0.2188
33,195,0.0707072
33,196,0.582185
33,197,0
33,198,0.328719
33,199,0.0557962
34,0,0.51559
34,1,0.314368
34,2,0.382784
34,3,0.653368
34,4,0.791527
34,5,0.786006
34,6,0.669025
34,7,0.260444
34,8,0.109519
34,9,0.761288
34,10,0.805365
34,11,0.88371
34,12,0.165738
34,13,0.292514
34,14,0.353484
34,15,0.796807
34,16,0.201713
34,17,0.255307
34,18,0.93141
34,19,0.330522
34,20,0.5387
34,21,0.310272
34,22,0.264447
34,23,0.408583
34,24,0.267268
34,25,0.882349
34,26,0.88079
34,27,0.247531
34,28,0.913999
34,29,0.613631
34,30,0.705792
34,31,0.791817
34,32,0.107977
34,33,0.178713
34,34,0
34,35,0.529813
34,36,0.859681
34,37,0.00253193
34,38,0.232514
34,39,0.166479
34,40,0.12761
34,41,0.00749348
34,42,0
34,43,0.0517785
34,44,0.170209
34,45,0.265215
34,46,0.416076
34,47,0.0213696
34,48,0.509872
34,49,0.706699
34,50,0
34,51,0
34,52,0.25899
34,53,0.291522
34,54,0.150707
34,55,0.690436
34,56,0.565768
34,57,0.0508335
34,58,0.588232
34,59,0.0537806
34,60,0.0537806
34,61,0.213543
34,62,0.531522
34,63,0.0519211
34,64,0.248261
34,65,0.705117
34,66,0.310842
34,67,0.159471
34,68,0.0500932
34,69,0.612104
34,70,0.412254
34,71,0.0465339
34,72,0.0482973
34,73,0.528449
34,74,0.187359
34,75,0.0862755
34,76,0.0448038
34,77,0.0431072
34,78,0.280468
34,79,0.691472
34,80,0.676312
34,81,0.452175
34,82,0.0431072
34,83,0.152512
34,84,0.0414448
34,85,0.155684
34,86,0.0702767
34,87,0.039817
34,88,0.454971
34,89,0.0382241
34,90,0.039817
34,91,0.684188
34,92,0.349433
34,93,0.624953
34,94,0.0382241
34,95,0.0382241
34,96,0.589592
34,97,0.273462
34,98,0.269276
34,99,0.614622
34,100,0.150268
34,101,0.0382241
34,102,0.0382241
34,103,0.151572
34,104,0.0366667
34,105,0.335562
34,106,0.506916
34,107,0.0366667
34,108,0.391733
34,109,0.0665882
34,110,0.0366667
34,111,0.347773
34,112,0.0366667
34,113,0.0351451
34,114,0.0366667
34,115,0.056004
34,116,0.465482
34,117,0.128282
34,118,0.124648
34,119,0.210346
34,120,0.312966
34,121,0.263276
34,122,0.184932
34,123,0.0351451
34,124,0.183555
34,125,0.185724
34,126,0.0970985
34,127,0.0617621
34,128,0.0336597
34,129,0.664609
34,130,0.0336597
34,131,0.198183
34,132,0.0336597
34,133,0.156255
34,134,0.652743
34,135,0.0336597
34,136,0.0322107
34,137,0.458924
34,138,0.247924
34,139,0.488241
34,140,0.0322107
34,141,0.521369
34,142,0.14141
34,143,0.0322107
34,144,0.0322107
34,145,0.227287
34,146,0.308774
34,147,0.629515
34,148,0.662039
34,149,0.0307985
34,150,0.149116
34,151,0.287835
34,152,0.315999
34,153,0.646879
34,154,0.558836
34,155,0.0307985
34,156,0.143619
34,157,0.0307985
34,158,0.192322
34,159,0.213775
34,160,0.0294235
34,161,0.482671
34,162,0.0294235
34,163,0.184169
34,164,0.0294235
34,165,0.0294235
34,166,0.454224
34,167,0.0747916
34,168,0.484625
34,169,0.0294235
34,170,0.0294235
34,171,0.642547
34,172,0.0280857
34,173,0.354833
34,174,0
34,175,0.0241595
34,176,0
34,177,0.511872
34,178,0
34,179,0
34,180,0.585519
34,181,0.466276
34,182,0.497096
34,183,0.235718
34,184,0.444826
34,185,0.385408
34,186,0.378026
34,187,0
34,188,0
34,189,0
34,190,0.472949
34,191,0
34,192,0
34,193,0.541844
34,194,0.515146
34,195,0.0303224
34,196,0.581608
34,197,0.30781
34,198,0.443554
34,199,0.407022
35,0,0
35,1,0.0783114
35,2,0.676695
35,3,0.180396
35,4,0.665763
35,5,0.0783114
35,6,0.581865
35,7,0.0849951
35,8,0.840227
35,9,0.0895503
35,10,0.204799
35,11,0.807069
35,12,0.822521
35,13,0.0895503
35,14,0.429578
35,15,0.650307
35,16,0.856198
35,17,0.198403
35,18,0.0918549
35,19,0.937627
35,20,0.495191
35,21,0.828986
35,22,0.314787
35,23,0.607427
35,24,0.7679
35,25,0.221426
35,26,0.0941765
35,27,0.740248
35,28,0.928484
35,29,0.872044
35,30,0.54256
35,31,0.0988542
35,32,0.959395
35,33,0.324787
35,34,0.292118
35,35,0
35,36,0.690522
35,37,0.31873
35,38,0.841747
35,39,0.669404
35,40,0.188108
35,41,0
35,42,0
35,43,0.0479093
35,44,0.762559
35,45,0
35,46,0.500587
35,47,0.483212
35,48,0
35,49,0.746681
35,50,0.473637
35,51,0
35,52,0.267819
35,53,0.331345
35,54,0.217289
35,55,0
35,56,0.11861
35,57,0.469035
35,58,0.0556709
35,59,0.0556709
35,60,0.432311
35,61,0.0537806
35,62,0.439188
35,63,0.444555
35,64,0.0537806
35,65,0.0500932
35,66,0.747604
35,67,0.544243
35,68,0.141885
35,69,0.739406
35,70,0.290462
35,71,0.423195
35,72,0.0500932
35,73,0.312191
35,74,0.596326
35,75,0.717966
35,76,0.47895
35,77,0.261448
35,78,0.365001
35,79,0.559754
35,80,0.192199
35,81,0.0431072
35,82,0.642143
35,83,0.668939
35,84,0.59073
35,85,0.0781814
35,86,0.0431072
35,87,0.0414448
35,88,0.0414448
35,89,0.039817
35,90,0.060558
35,91,0.454773
35,92,0.0996415
35,93,0.039817
35,94,0.139673
35,95,0.166748
35,96,0.039817
35,97,0.136992
35,98,0.039817
35,99,0.145468
35,100,0.133729
35,101,0.5144
35,102,0.039817
35,103,0.172389
35,104,0.0801337
35,105,0.682754
35,106,0.152241
35,107,0.0382241
35,108,0.21637
35,109,0.0382241
35,110,0.658444
35,111,0.681279
35,112,0.104327
35,113,0.568524
35,114,0.622926
35,115,0.0366667
35,116,0.0366667
35,117,0.692446
35,118,0.189253
35,119,0.0366667
35,120,0.0366667
35,121,0.532923
35,122,0.0366667
35,123,0.362473
35,124,0.558208
35,125,0.165877
35,126,0.0351451
35,127,0.596894
35,128,0.587075
35,129,0.0711143
35,130,0.0351451
35,131,0.0351451
35,132,0.0351451
35,133,0.154667
35,134,0.480956
35,135,0.255746
35,136,0.130107
35,137,0.0336597
35,138,0.373945
35,139,0.64552
35,140,0.0336597
35,141,0.330945
35,142,0.625795
35,143,0.417658
35,144,0.203723
35,145,0.548204
35,146,0.0336597
35,147,0.436053
35,148,0.540731
35,149,0.179596
35,150,0.0322107
35,151,0.0322107
35,152,0.0322107
35,153,0.0322107
35,154,0.49101
35,155,0.0322107
35,156,0.252777
35,157,0.616743
35,158,0.0322107
35,159,0.153846
35,160,0.0307985
35,161,0.136623
35,162,0.475815
35,163,0.18853
35,164,0.605789
35,165,0.271269
35,166,0.0307985
35,167,0.0544278
35,168,0.515683
35,169,0.451251
35,170,0.0307985
35,171,0.0307985
35,172,0.0995979
35,173,0.0294235
35,174,0.556851
35,175,0.593378
35,176,0
35,177,0.566594
35,178,0.353379
35,179,0
35,180,0.0743673
35,181,0.419522
35,182,0
35,183,0.422161
35,184,0.527484
35,185,0
35,186,0
35,187,0.108971
35,188,0.583973
35,189,0
35,190,0.593708
35,191,0
35,192,0.226341
35,193,0.404904
35,194,0.440625
35,195,0.167511
35,196,0.00900063
35,197,0.53007
35,198,0.554834
35,199,0
36,0,0.350195
36,1,0.197417
36,2,0.340531
36,3,0.0805183
36,4,0.51462
36,5,0.264941
36,6,0.0805183
36,7,0.701449
36,8,0.230361
36,9,0.775359
36,10,0.766043
36,11,0.682261
36,12,0.571624
36,13,0.0918549
36,14,0.487449
36,15,0.478488
36,16,0.0941765
36,17,0.504999
36,18,0.0941765
36,19,0.951772
36,20,0.645718
36,21,0.957024
36,22,0.251764
36,23,0.250483
36,24,0.755438
36,25,0.096514
36,26,0.808294
36,27,0.15178
36,28,0.0988665
36,29,0.756602
36,30,0.403803
36,31,0.719438
36,32,0.110317
36,33,0.840285
36,34,0.86608
36,35,0.68016
36,36,0
36,37,0.180241
36,38,0.866872
36,39,0.404735
36,40,0.43126
36,41,0.737779
36,42,0.179007
36,43,0.154713
36,44,0.305841
36,45,0.136993
36,46,0.653155
36,47,0.793342
36,48,0.166683
36,49,0.194228
36,50,0.0739648
36,51,0.13
36,52,0.0718269
36,53,0.745898
36,54,0.416797
36,55,0.127875
36,56,0.566117
36,57,0.515871
36,58,0.061521
36,59,0.732396
36,60,0.54601
36,61,0.723475
36,62,0.136863
36,63,0.260287
36,64,0.0595418
36,65,0.0556709
36,66,0.122611
36,67,0.451052
36,68,0.173353
36,69,0.0962559
36,70,0.0556709
36,71,0.664418
36,72,0.0556709
36,73,0.173987
36,74,0.0519211
36,75,0.354076
36,76,0.464046
36,77,0.69789
36,78,0.326622
36,79,0.0500932
36,80,0.0500932
36,81,0.323853
36,82,0.113928
36,83,0.0787585
36,84,0.32053
36,85,0.720148
36,86,0.396297
36,87,0.0882881
36,88,0.448605
36,89,0.544336
36,90,0.0465339
36,91,0.200807
36,92,0.477963
36,93,0.373982
36,94,0.67321
36,95,0.479427
36,96,0.56701
36,97,0.0448038
36,98,0.157668
36,99,0.0448038
36,100,0.344722
36,101,0.288752
36,102,0.0448038
36,103,0.483543
36,104,0.688937
36,105,0.0431072
36,106,0.0729115
36,107,0.393064
36,108,0.0431072
36,109,0.64564
36,110,0.426674
36,111,0.23604
36,112,0.222018
36,113,0.0414448
36,114,0.561496
36,115,0.0414448
36,116,0.0414448
36,117,0.20267
36,118,0.134107
36,119,0.464617
36,120,0.0414448
36,121,0.420767
36,122,0.0414448
36,123,0.0414448
36,124,0.0587487
36,125,0.0414448
36,126,0.491348
36,127,0.039817
36,128,0.138128
36,129,0.039817
36,130,0.108298
36,131,0.039817
36,132,0.471203
36,133,0.233304
36,134,0.505274
36,135,0.434962
36,136,0.501086
36,137,0.0382241
36,138,0.0960639
36,139,0.0382241
36,140,0.0382241
36,141,0.0382241
36,142,0.230651
36,143,0.263667
36,144,0.0382241
36,145,0.0675591
36,146,0.334154
36,147,0.0382241
36,148,0.546198
36,149,0.0366667
36,150,0.642239
36,151,0.0366667
36,152,0.448111
36,153,0.0366667
36,154,0.0366667
36,155,0.0366667
36,156,0.0366667
36,157,0.655916
36,158,0.0366667
36,159,0.420758
36,160,0.0351451
36,161,0.356445
36,162,0.456608
36,163,0.620797
36,164,0.0351451
36,165,0.253543
36,166,0.345135
36,167,0.678655
36,168,0.395925
36,169,0.0351451
36,170,0.0351451
36,171,0.461645
36,172,0.0336597
36,173,0.222572
36,174,0
36,175,0
36,176,0.553689
36,177,0.617608
36,178,0.155281
36,179,0.406461
36,180,0
36,181,0.104094
36,182,0.553299
36,183,0.423621
36,184,0.257113
36,185,0
36,186,0.51572
36,187,0.555795
36,188,0
36,189,0
36,190,0.285953
36,191,0
36,192,0.457648
36,193,0.05706
36,194,0
36,195,0
36,196,0.622023
36,197,0.460332
36,198,0
36,199,0.332508
37,0,0.538004
37,1,0.0805183
37,2,0.383192
37,3,0.0805183
37,4,0.477545
37,5,0.721031
37,6,0.250622
37,7,0.399526
37,8,0.721419
37,9,0.79674
37,10,0.183095
37,11,0.751477
37,12,0.261692
37,13,0.0980044
37,14,0.542195
37,15,0.88278
37,16,0.197344
37,17,0.429824
37,18,0.812715
37,19,0.260282
37,20,0.587567
37,21,0.469708
37,22,0.496682
37,23,0.408317
37,24,0.904874
37,25,0.672941
37,26,0.436798
37,27,0.899462
37,28,0.514389
37,29,0.459224
37,30,0.6091
37,31,0.410692
37,32,0.510124
37,33,0.1036
37,34,0.453235
37,35,0.106976
37,36,0.911
37,37,0
37,38,0.791459
37,39,0.528064
37,40,0.662121
37,41,0.611889
37,42,0.725069
37,43,0.459663
37,44,0.799646
37,45,0.792287
37,46,0.0170797
37,47,0.805746
37,48,0.0805183
37,49,0.48756
37,50,0.646755
37,51,0.342023
37,52,0.0933894
37,53,0.137549
37,54,0
37,55,0.52959
37,56,0.0635284
37,57,0.574629
37,58,0.0655635
37,59,0.0655635
37,60,0.117829
37,61,0.465501
37,62,0.587526
37,63,0.527906
37,64,0.0635284
37,65,0.676009
37,66,0.0595418
37,67,0.0595418
37,68,0.599197
37,69,0.0595418
37,70,0.589541
37,71,0.303758
37,72,0.458869
37,73,0.392754
37,74,0.0556709
37,75,0.450932
37,76,0.349057
37,77,0.0537806
37,78,0.383776
37,79,0.554148
37,80,0.596241
37,81,0.181827
37,82,0.0779924
37,83,0.0537806
37,84,0.496921
37,85,0.12971
37,86,0.555875
37,87,0.737146
37,88,0.0500932
37,89,0.722642
37,90,0.0500932
37,91,0.209855
37,92,0.382781
37,93,0.682954
37,94,0.0482973
37,95,0.547596
37,96,0.568546
37,97,0.122146
37,98,0.0482973
37,99,0.371642
37,100,0.122332
37,101,0.599696
37,102,0.0482973
37,103,0.0465339
37,104,0.203457
37,105,0.0465339
37,106,0.462785
37,107,0.0465339
37,108,0.151401
37,109,0.0780648
37,110,0.564669
37,111,0.0465339
37,112,0.498027
37,113,0.0448038
37,114,0.064557
37,115,0.225178
37,116,0.240765
37,117,0.0448038
37,118,0.206511
37,119,0.385802
37,120,0.0448038
37,121,0.35291
37,122,0.0448038
37,123,0.455481
37,124,0.285859
37,125,0.0448038
37,126,0.248393
37,127,0.0966678
37,128,0.390973
37,129,0.295104
37,130,0.720781
37,131,0.0431072
37,132,0.147271
37,133,0.0431072
37,134,0.0431072
37,135,0.61185
37,136,0.0704883
37,137,0.532771
37,138,0.643773
37,139,0.483102
37,140,0.0414448
37,141,0.469095
37,142,0.0414448
37,143,0.631248
37,144,0.6056
37,145,0.0503157
37,146,0.126062
37,147,0.113635
37,148,0.163243
37,149,0.594838
37,150,0.039817
37,151,0.255636
37,152,0.217436
37,153,0.039817
37,154,0.039817
37,155,0.039817
37,156,0.166206
37,157,0.50535
37,158,0.145802
37,159,0.039817
37,160,0.0730605
37,161,0.139765
37,162,0.0382241
37,163,0.49887
37,164,0.286613
37,165,0.0382241
37,166,0.386923
37,167,0.64034
37,168,0.0382241
37,169,0.316269
37,170,0.409533
37,171,0.0382241
37,172,0.0668539
37,173,0.415051
37,174,0
37,175,0
37,176,0
37,177,0.229154
37,178,0.322772
37,179,0.170298
37,180,0.118014
37,181,0.381455
37,182,0
37,183,0.630013
37,184,0.546769
37,185,0
37,186,0
37,187,0.00758986
37,188,0
37,189,0.135075
37,190,0.139645
37,191,0.168261
37,192,0.57711
37,193,0.316014
37,194,0
37,195,0.165992
37,196,0.583545
37,197,0
37,198,0.105381
37,199,0
38,0,0.289897
38,1,0.0765959
38,2,0.173917
38,3,0.0765959
38,4,0.803744
38,5,0.335365
38,6,0.1742
38,7,0.876193
38,8,0.087885
38,9,0.878882
38,10,0.414683
38,11,0.409198
38,12,0.612301
38,13,0.487917
38,14,0.3974
38,15,0.514375
38,16,0.838603
38,17,0.453017
38,18,0.887459
38,19,0.0902006
38,20,0.0902006
38,21,0.389515
38,22,0.517482
38,23,0.882085
38,24,0.094887
38,25,0.850796
38,26,0.41436
38,27,0.0972512
38,28,0.878894
38,29,0.890097
38,30,0.101236
38,31,0.526306
38,32,0.10444
38,33,0.344412
38,34,0.54393
38,35,0.105281
38,36,0.787282
38,37,0.827362
38,38,0
38,39,0.880367
38,40,0.781056
38,41,0.745343
38,42,0.389034
38,43,0.245152
38,44,0.365869
38,45,0
38,46,0.66531
38,47,0.0763363
38,48,0.776444
38,49,0.166549
38,50,0.0788122
38,51,0.765454
38,52,0.142858
38,53,0.278181
38,54,0.353928
38,55,0.070085
38,56,0.37258
38,57,0.235793
38,58,0.504684
38,59,0.422416
38,60,0.151499
38,61,0.420115
38,62,0.497469
38,63,0.684858
38,64,0.512128
38,65,0.0597422
38,66,0.235695
38,67,0.506477
38,68,0.649039
38,69,0.0693646
38,70,0.472278
38,71,0.459135
38,72,0.0597422
38,73,0.0577568
38,74,0.765364
38,75,0.332455
38,76,0.0558007
38,77,0.532381
38,78,0.38233
38,79,0.0538747
38,80,0.0538747
38,81,0.379977
38,82,0.0538747
38,83,0.114657
38,84,0.0519794
38,85,0.302479
38,86,0.335313
38,87,0.368225
38,88,0.722697
38,89,0.0482833
38,90,0.0501154
38,91,0.0520161
38,92,0.607006
38,93,0.647718
38,94,0.0482833
38,95,0.305945
38,96,0.689704
38,97,0.351282
38,98,0.0482833
38,99,0.530316
38,100,0.623744
38,101,0.688833
38,102,0.196492
38,103,0.68432
38,104,0.0464837
38,105,0.164492
38,106,0.225337
38,107,0.0464837
38,108,0.0464837
38,109,0.0464837
38,110,0.0464837
38,111,0.0464837
38,112,0.434176
38,113,0.0447171
38,114,0.294355
38,115,0.475329
38,116,0.542637
38,117,0.0447171
38,118,0.0764304
38,119,0.497591
38,120,0.0914566
38,121,0.279212
38,122,0.0447171
38,123,0.0447171
38,124,0.165877
38,125,0.0447171
38,126,0.477361
38,127,0.0865439
38,128,0.526732
38,129,0.731534
38,130,0.0429842
38,131,0.391864
38,132,0.661755
38,133,0.296732
38,134,0.324102
38,135,0.724862
38,136,0.704282
38,137,0.0412854
38,138,0.0412854
38,139,0.0412854
38,140,0.0412854
38,141,0.179489
38,142,0.0809404
38,143,0.554874
38,144,0.445861
38,145,0.626234
38,146,0.289293
38,147,0.245253
38,148,0.0396212
38,149,0.617177
38,150,0.0396212
38,151,0.0765153
38,152,0.155525
38,153,0.0396212
38,154,0.273634
38,155,0.57879
38,156,0.23835
38,157,0.0396212
38,158,0.0396212
38,159,0.0396212
38,160,0.037992
38,161,0.0538838
38,162,0.687247
38,163,0.037992
38,164,0.618914
38,165,0.279647
38,166,0.037992
38,167,0.596437
38,168,0.345385
38,169,0.129451
38,170,0.037992
38,171,0.491845
38,172,0.580137
38,173,0.0960245
38,174,0.281517
38,175,0.264013
38,176,0
38,177,0
38,178,0
38,179,0
38,180,0
38,181,0.0698924
38,182,0.331958
38,183,0.187173
38,184,0.38992
38,185,0
38,186,0.0471703
38,187,0
38,188,0.188078
38,189,0.26743
38,190,0.233239
38,191,0.490906
38,192,0.614236
38,193,0.213408
38,194,0
38,195,0.526072
38,196,0
38,197,0
38,198,0.411889
38,199,0.420742
39,0,0.372964
39,1,0.684315
39,2,0.448798
39,3,0.486803
39,4,0.0919584
39,5,0.0722071
39,6,0.0902328
39,7,0.402245
39,8,0.273446
39,9,0.251015
39,10,0.731633
39,11,0.363612
39,12,0.663538
39,13,0.407029
39,14,0.899666
39,15,0.399748
39,16,0.64244
39,17,0.30101
39,18,0.669468
39,19,0.179849
39,20,0.921821
39,21,0.25603
39,22,0.0855677
39,23,0.881497
39,24,0.82993
39,25,0.0997468
39,26,0.764839
39,27,0.0925155
39,28,0.407693
39,29,0.538333
39,30,0.748471
39,31,0.138773
39,32,0.365299
39,33,0.31235
39,34,0.744362
39,35,0.568283
39,36,0.491327
39,37,0.888818
39,38,0.0945913
39,39,0
39,40,0.84447
39,41,0.267713
39,42,0.832366
39,43,0.272312
39,44,0
39,45,0.24988
39,46,0.200942
39,47,0.421734
39,48,0
39,49,0.556322
39,50,0.120759
39,51,0.163829
39,52,0.510086
39,53,0.411585
39,54,0.23858
39,55,0.433228
39,56,0.267028
39,57,0.375645
39,58,0.234245
39,59,0.26823
39,60,0.826666
39,61,0.804246
39,62,0.0637706
39,63,0.0637706
39,64,0.173414
39,65,0.357568
39,66,0.736112
39,67,0.7397
39,68,0.0617276
39,69,0.698871
39,70,0.0597125
39,71,0.731723
39,72,0.0597125
39,73,0.690972
39,74,0.055769
39,75,0.055769
39,76,0.055769
39,77,0.336692
39,78,0.542593
39,79,0.113498
39,80,0.0538419
39,81,0.0519455
39,82,0.432062
39,83,0.646628
39,84,0.34777
39,85,0.0500803
39,86,0.225701
39,87,0.773786
39,88,0.362619
39,89,0.610535
39,90,0.208022
39,91,0.353138
39,92,0.582882
39,93,0.409975
39,94,0.501646
39,95,0.048247
39,96,0.048247
39,97,0.419134
39,98,0.048247
39,99,0.048247
39,100,0.307709
39,101,0.048247
39,102,0.048247
39,103,0.492107
39,104,0.73248
39,105,0.164625
39,106,0.722833
39,107,0.0464462
39,108,0.708139
39,109,0.472247
39,110,0.302606
39,111,0.0464462
39,112,0.472298
39,113,0.0446785
39,114,0.0464462
39,115,0.0446785
39,116,0.0446785
39,117,0.202348
39,118,0.0446785
39,119,0.552577
39,120,0.0446785
39,121,0.447218
39,122,0.125927
39,123,0.0446785
39,124,0.0837005
39,125,0.0446785
39,126,0.0429443
39,127,0.253292
39,128,0.493887
39,129,0.0838278
39,130,0.482722
39,131,0.0429443
39,132,0.169117
39,133,0.63825
39,134,0.0429443
39,135,0.139754
39,136,0.0412442
39,137,0.711905
39,138,0.351398
39,139,0.0412442
39,140,0.422385
39,141,0.0412442
39,142,0.135075
39,143,0.132882
39,144,0.0725856
39,145,0.144976
39,146,0.405741
39,147,0.287841
39,148,0.586634
39,149,0.664681
39,150,0.0827389
39,151,0.0395786
39,152,0.359168
39,153,0.455936
39,154,0.0395786
39,155,0.688392
39,156,0.55554
39,157,0.221316
39,158,0.197809
39,159,0.305552
39,160,0.555288
39,161,0.0379481
39,162,0.586888
39,163,0.0379481
39,164,0.0379481
39,165,0.602062
39,166,0.375338
39,167,0.12177
39,168,0.575891
39,169,0.0379481
39,170,0.366516
39,171,0.26312
39,172,0.142277
39,173,0.036353
39,174,0.619313
39,175,0.441652
39,176,0.133019
39,177,0.288196
39,178,0
39,179,0
39,180,0.226256
39,181,0.353439
39,182,0.139664
39,183,0
39,184,0.0793035
39,185,0.375941
39,186,0
39,187,0
39,188,0
39,189,0.291919
39,190,0.49076
39,191,0
39,192,0.505541
39,193,0.359963
39,194,0
39,195,0.614172
39,196,0.240438
39,197,0.628472
39,198,0.0144031
39,199,0.0986929
40,0,0
40,1,0.0722071
40,2,0.879285
40,3,0.565962
40,4,0.0743785
40,5,0.821695
40,6,0.336738
40,7,0.426069
40,8,0.463995
40,9,0.696265
40,10,0.767684
40,11,0.0832884
40,12,0.382092
40,13,0.240498
40,14,0.221497
40,15,0.797674
40,16,0.0855677
40,17,0.383552
40,18,0.0855677
40,19,0.170421
40,20,0.0855677
40,21,0.88726
40,22,0.221981
40,23,0.859938
40,24,0.597705
40,25,0.541541
40,26,0.821399
40,27,0.183904
40,28,0.52443
40,29,0.187818
40,30,0.633026
40,31,0.781381
40,32,0.219787
40,33,0.625989
40,34,0.464678
40,35,0.282733
40,36,0.561815
40,37,0.919976
40,38,0.803694
40,39,0.127808
40,40,0
40,41,0.696114
40,42,0.624608
40,43,0.212008
40,44,0.0946138
40,45,0.831012
40,46,0.460858
40,47,0.0807271
40,48,0.824151
40,49,0.848085
40,50,0.0832884
40,51,0.0904983
40,52,0.081029
40,53,0.0743785
40,54,0.364529
40,55,0.84567
40,56,0.588332
40,57,0.0679375
40,58,0.70147
40,59,0.80421
40,60,0.507984
40,61,0.0679375
40,62,0.455135
40,63,0.300705
40,64,0.141195
40,65,0.0882116
40,66,0.776769
40,67,0.419994
40,68,0.670438
40,69,0.703143
40,70,0.225283
40,71,0.788441
40,72,0.412028
40,73,0.0617276
40,74,0.0597125
40,75,0.57166
40,76,0.0597125
40,77,0.545719
40,78,0.599628
40,79,0.0577261
40,80,0.527925
40,81,0.746083
40,82,0.0577261
40,83,0.586284
40,84,0.055769
40,85,0.525413
40,86,0.555146
40,87,0.565523
40,88,0.615527
40,89,0.384572
40,90,0.513562
40,91,0.265168
40,92,0.449864
40,93,0.112142
40,94,0.713636
40,95,0.742126
40,96,0.36239
40,97,0.649973
40,98,0.326688
40,99,0.188876
40,100,0.521197
40,101,0.721454
40,102,0.149559
40,103,0.0956671
40,104,0.760853
40,105,0.339379
40,106,0.0500803
40,107,0.774575
40,108,0.0707684
40,109,0.626526
40,110,0.776553
40,111,0.0500803
40,112,0.565668
40,113,0.048247
40,114,0.557737
40,115,0.590655
40,116,0.716997
40,117,0.297258
40,118,0.355695
40,119,0.531343
40,120,0.048247
40,121,0.0680769
40,122,0.048247
40,123,0.543018
40,124,0.386229
40,125,0.048247
40,126,0.485808
40,127,0.0464462
40,128,0.0464462
40,129,0.0464462
40,130,0.343487
40,131,0.495303
40,132,0.0464462
40,133,0.702246
40,134,0.0464462
40,135,0.0464462
40,136,0.251876
40,137,0.0446785
40,138,0.0446785
40,139,0.540772
40,140,0.702665
40,141,0.0446785
40,142,0.54391
40,143,0.486399
40,144,0.128867
40,145,0.320383
40,146,0.304472
40,147,0.0708448
40,148,0.0429443
40,149,0.0429443
40,150,0.0429443
40,151,0.0429443
40,152,0.174899
40,153,0.048006
40,154,0.722573
40,155,0.0429443
40,156,0.189368
40,157,0.442604
40,158,0.0429443
40,159,0.191609
40,160,0.69468
40,161,0.544112
40,162,0.0412442
40,163,0.0412442
40,164,0.483692
40,165,0.0412442
40,166,0.0491436
40,167,0.0412442
40,168,0.0625447
40,169,0.209624
40,170,0.0412442
40,171,0.0412442
40,172,0.359297
40,173,0.548948
40,174,0
40,175,0
40,176,0.073732
40,177,0.246488
40,178,0.012233
40,179,0.165177
40,180,0.380459
40,181,0.09136
40,182,0.371882
40,183,0
40,184,0.390344
40,185,0.343038
40,186,0
40,187,0
40,188,0.0433346
40,189,0.0757045
40,190,0.284312
40,191,0.00197767
40,192,0
40,193,0.466251
40,194,0.149622
40,195,0.631435
40,196,0
40,197,0.458629
40,198,0
40,199,0.0144649
41,0,0
41,1,0.0979514
41,2,0.496644
41,3,0.767648
41,4,0.0700599
41,5,0.503104
41,6,0.774675
41,7,0.328858
41,8,0.0887879
41,9,0.134114
41,10,0.827814
41,11,0.787724
41,12,0.543169
41,13,0.518199
41,14,0.0787903
41,15,0.255362
41,16,0.187851
41,17,0.100588
41,18,0.422539
41,19,0.556194
41,20,0.50539
41,21,0.0832884
41,22,0.884196
41,23,0.710311
41,24,0.838261
41,25,0.364387
41,26,0.674679
41,27,0.857767
41,28,0.163344
41,29,0.8822
41,30,0.208632
41,31,0.436766
41,32,0.135183
41,33,0.832884
41,34,0.335577
41,35,0.188972
41,36,0.46404
41,37,0.243024
41,38,0.628089
41,39,0.671924
41,40,0.478746
41,41,0
41,42,0.541308
41,43,0.552513
41,44,0.0665378
41,45,0.0862439
41,46,0.517653
41,47,0.410453
41,48,0.349734
41,49,0.68503
41,50,0.842248
41,51,0
41,52,0.234555
41,53,0.0656134
41,54,0.0485783
41,55,0.0743785
41,56,0.833537
41,57,0.311094
41,58,0.722072
41,59,0.737588
41,60,0.530731
41,61,0.648555
41,62,0.0679375
41,63,0.0679375
41,64,0.800148
41,65,0.832697
41,66,0.354305
41,67,0.0637706
41,68,0.331484
41,69,0.617738
41,70,0.642212
41,71,0.0617276
41,72,0.115767
41,73,0.204781
41,74,0.572527
41,75,0.239734
41,76,0.367051
41,77,0.144734
41,78,0.703949
41,79,0.795804
41,80,0.0577261
41,81,0.670327
41,82,0.0577261
41,83,0.246482
41,84,0.747845
41,85,0.0538419
41,86,0.360832
41,87,0.710627
41,88,0.331889
41,89,0.20334
41,90,0.584756
41,91,0.0538419
41,92,0.0519455
41,93,0.699271
41,94,0.130347
41,95,0.0519455
41,96,0.686897
41,97,0.637128
41,98,0.0916011
41,99,0.167346
41,100,0.415888
41,101,0.0519455
41,102,0.337424
41,103,0.68687
41,104,0.257354
41,105,0.0703916
41,106,0.0935654
41,107,0.0500803
41,108,0.393966
41,109,0.0500803
41,110,0.772664
41,111,0.480656
41,112,0.0500803
41,113,0.048247
41,114,0.0500803
41,115,0.758432
41,116,0.048247
41,117,0.445047
41,118,0.661868
41,119,0.407032
41,120,0.048247
41,121,0.438745
41,122,0.596745
41,123,0.048247
41,124,0.337473
41,125,0.048247
41,126,0.165744
41,127,0.215137
41,128,0.756896
41,129,0.459967
41,130,0.584428
41,131,0.374729
41,132,0.55821
41,133,0.124473
41,134,0.270741
41,135,0.0464462
41,136,0.398546
41,137,0.567987
41,138,0.0446785
41,139,0.0446785
41,140,0.756002
41,141,0.0446785
41,142,0.696456
41,143,0.0446785
41,144,0.0446785
41,145,0.0446785
41,146,0.0446785
41,147,0.144555
41,148,0.473211
41,149,0.654841
41,150,0.0429443
41,151,0.541528
41,152,0.314749
41,153,0.585343
41,154,0.0429443
41,155,0.0429443
41,156,0.731292
41,157,0.194359
41,158,0.317261
41,159,0.71869
41,160,0.0412442
41,161,0.126417
41,162,0.318148
41,163,0.667767
41,164,0.482069
41,165,0.0412442
41,166,0.0412442
41,167,0.117301
41,168,0.62474
41,169,0.190276
41,170,0.361193
41,171,0.620462
41,172,0.43553
41,173,0.291752
41,174,0.615667
41,175,0.676775
41,176,0.305592
41,177,0.633895
41,178,0.0641362
41,179,0.0275734
41,180,0.537506
41,181,0.080342
41,182,0
41,183,0.101675
41,184,0
41,185,0
41,186,0.218275
41,187,0
41,188,0.307806
41,189,0
41,190,0
41,191,0.444468
41,192,0.172071
41,193,0.438331
41,194,0.370519
41,195,0
41,196,0.512349
41,197,0.548203
41,198,0.283713
41,199,0.395411
42,0,0
42,1,0.0947674
42,2,0.47331
42,3,0.0679375
42,4,0.664274
42,5,0.3919
42,6,0.0679375
42,7,0.289241
42,8,0.35942
42,9,0.286232
42,10,0.645023
42,11,0.209857
42,12,0.678725
42,13,0.776495
42,14,0.629906
42,15,0.905882
42,16,0.081029
42,17,0.172659
42,18,0.124032
42,19,0.586811
42,20,0.283753
42,21,0.309553
42,22,0.351937
42,23,0.771616
42,24,0.0855677
42,25,0.0832884
42,26,0.0832884
42,27,0.917455
42,28,0.931007
42,29,0.628101
42,30,0.644093
42,31,0.263773
42,32,0.880784
42,33,0.247944
42,34,0.292658
42,35,0.67159
42,36,0.770826
42,37,0.308929
42,38,0.0867977
42,39,0.253596
42,40,0.702863
42,41,0.826717
42,42,0
42,43,0.577318
42,44,0.44715
42,45,0.635745
42,46,0.256124
42,47,0.445915
42,48,0.674077
42,49,0.498606
42,50,0.61438
42,51,0.304034
42,52,0.829393
42,53,0.0787903
42,54,0.725205
42,55,0.657809
42,56,0.0931432
42,57,0.825673
42,58,0.720911
42,59,0.0743785
42,60,0.816162
42,61,0.39631
42,62,0.739471
42,63,0.108394
42,64,0.296558
42,65,0.0679375
42,66,0.429721
42,67,0.0679375
42,68,0.820352
42,69,0.762073
42,70,0.0732726
42,71,0.0770144
42,72,0.484258
42,73,0.0658408
42,74,0.653316
42,75,0.0637706
42,76,0.597974
42,77,0.0617276
42,78,0.451131
42,79,0.331898
42,80,0.501642
42,81,0.138188
42,82,0.74234
42,83,0.41696
42,84,0.213405
42,85,0.564349
42,86,0.171485
42,87,0.417316
42,88,0.51282
42,89,0.055769
42,90,0.595497
42,91,0.44486
42,92,0.510771
42,93,0.452427
42,94,0.675256
42,95,0.055769
42,96,0.600899
42,97,0.239461
42,98,0.055769
42,99,0.552137
42,100,0.144627
42,101,0.271869
42,102,0.776571
42,103,0.76595
42,104,0.315253
42,105,0.57238
42,106,0.0538419
42,107,0.0678504
42,108,0.678383
42,109,0.498421
42,110,0.562457
42,111,0.34204
42,112,0.0538419
42,113,0.46018
42,114,0.0538419
42,115,0.179052
42,116,0.197696
42,117,0.252486
42,118,0.77197
42,119,0.0519455
42,120,0.428338
42,121,0.542362
42,122,0.505873
42,123,0.121582
42,124,0.177262
42,125,0.363602
42,126,0.231323
42,127,0.0500803
42,128,0.779044
42,129,0.470975
42,130,0.688781
42,131,0.108615
42,132,0.0500803
42,133,0.650992
42,134,0.0669592
42,135,0.437876
42,136,0.410067
42,137,0.139647
42,138,0.692422
42,139,0.283342
42,140,0.048247
42,141,0.449086
42,142,0.048247
42,143,0.048247
42,144,0.111448
42,145,0.048247
42,146,0.217152
42,147,0.511344
42,148,0.385263
42,149,0.185087
42,150,0.595842
42,151,0.0464462
42,152,0.0464462
42,153,0.306365
42,154,0.345154
42,155,0.312275
42,156,0.0464462
42,157,0.0464462
42,158,0.47823
42,159,0.0464462
42,160,0.466803
42,161,0.375209
42,162,0.182994
42,163,0.609544
42,164,0.241152
42,165,0.464904
42,166,0.259973
42,167,0.0446785
42,168,0.0446785
42,169,0.175483
42,170,0.378999
42,171,0.0446785
42,172,0.0429443
42,173,0.417083
42,174,0
42,175,0.132952
42,176,0.532993
42,177,0.32952
42,178,0
42,179,0.151337
42,180,0
42,181,0.700065
42,182,0.403341
42,183,0
42,184,0.235455
42,185,0
42,186,0.45487
42,187,0.342121
42,188,0
42,189,0.16926
42,190,0.444462
42,191,0
42,192,0
42,193,0
42,194,0.561805
42,195,0.271449
42,196,0.573594
42,197,0.0601321
42,198,0.381713
42,199,0.641784
43,0,0.465899
43,1,0.161465
43,2,0.0658408
43,3,0.734605
43,4,0.841139
43,5,0.113584
43,6,0.164795
43,7,0.681532
43,8,0.764457
43,9,0.36523
43,10,0.149021
43,11,0.813361
43,12,0.365756
43,13,0.853623
43,14,0.0743785
43,15,0.0743785
43,16,0.138533
43,17,0.801317
43,18,0.56353
43,19,0.446228
43,20,0.282773
43,21,0.320083
43,22,0.464827
43,23,0.374498
43,24,0.509562
43,25,0.34023
43,26,0.0787903
43,27,0.398357
43,28,0.724182
43,29,0.665078
43,30,0.360055
43,31,0.527433
43,32,0.0878659
43,33,0.445265
43,34,0.41864
43,35,0.0878659
43,36,0.712396
43,37,0.741765
43,38,0.815277
43,39,0.623588
43,40,0.238991
43,41,0.0977587
43,42,0.572024
43,43,0
43,44,0.711514
43,45,0.0252811
43,46,0.701192
43,47,0.736858
43,48,0.267326
43,49,0.596072
43,50,0.368332
43,51,0.780118
43,52,0.0855677
43,53,0.761739
43,54,0.337615
43,55,0.403972
43,56,0.33562
43,57,0.754174
43,58,0.440947
43,59,0.80714
43,60,0.561543
43,61,0.176994
43,62,0.226403
43,63,0.141227
43,64,0.227165
43,65,0.719594
43,66,0.61235
43,67,0.261595
43,68,0.493747
43,69,0.401386
43,70,0.117908
43,71,0.143949
43,72,0.682403
43,73,0.241681
43,74,0.740409
43,75,0.437936
43,76,0.326813
43,77,0.478823
43,78,0.210877
43,79,0.655448
43,80,0.134736
43,81,0.653416
43,82,0.543504
43,83,0.171437
43,84,0.518056
43,85,0.0577261
43,86,0.673646
43,87,0.0577261
43,88,0.0577261
43,89,0.217759
43,90,0.0577261
43,91,0.536774
43,92,0.516597
43,93,0.238088
43,94,0.801477
43,95,0.055769
43,96,0.0960591
43,97,0.549748
43,98,0.27333
43,99,0.722131
43,100,0.0956633
43,101,0.537255
43,102,0.055769
43,103,0.0538419
43,104,0.0538419
43,105,0.0538419
43,106,0.505226
43,107,0.401455
43,108,0.540881
43,109,0.0538419
43,110,0.221066
43,111,0.0538419
43,112,0.702725
43,113,0.0519455
43,114,0.173966
43,115,0.382195
43,116,0.0754197
43,117,0.0519455
43,118,0.525161
43,119,0.109631
43,120,0.409954
43,121,0.594211
43,122,0.0519455
43,123,0.110422
43,124,0.0519455
43,125,0.0519455
43,126,0.159454
43,127,0.287184
43,128,0.535942
43,129,0.619833
43,130,0.195674
43,131,0.0500803
43,132,0.343448
43,133,0.397657
43,134,0.0500803
43,135,0.458288
43,136,0.485063
43,137,0.621651
43,138,0.048247
43,139,0.222235
43,140,0.696789
43,141,0.464515
43,142,0.257567
43,143,0.595773
43,144,0.589478
43,145,0.628469
43,146,0.183953
43,147,0.048247
43,148,0.0464462
43,149,0.0464462
43,150,0.178565
43,151,0.450824
43,152,0.706698
43,153,0.208023
43,154,0.0464462
43,155,0.0464462
43,156,0.221069
43,157,0.140562
43,158,0.429914
43,159,0.0464462
43,160,0.0446785
43,161,0.0446785
43,162,0.0446785
43,163,0.529023
43,164,0.449115
43,165,0.144778
43,166,0.201188
43,167,0.156186
43,168,0.0446785
43,169,0.473445
43,170,0.603487
43,171,0.0446785
43,172,0.157154
43,173,0.0802479
43,174,0.682316
43,175,0
43,176,0
43,177,0.089609
43,178,0.0236524
43,179,0
43,180,0.230449
43,181,0.436592
43,182,0.644198
43,183,0.172186
43,184,0
43,185,0.640093
43,186,0.329702
43,187,0.331109
43,188,0.0181162
43,189,0
43,190,0.54118
43,191,0.231572
43,192,0.076415
43,193,0
43,194,0.00476568
43,195,0
43,196,0.169907
43,197,0.445611
43,198,0.165543
43,199,0.402549
44,0,0.139251
44,1,0.195432
44,2,0.746857
44,3,0.759734
44,4,0.539649
44,5,0.721627
44,6,0.0679375
44,7,0.737675
44,8,0.134345
44,9,0.340044
44,10,0.0787903
44,11,0.667302
44,12,0.0787903
44,13,0.0787903
44,14,0.147441
44,15,0.259585
44,16,0.9116
44,17,0.791423
44,18,0.907249
44,19,0.239121
44,20,0.101993
44,21,0.761831
44,22,0.781128
44,23,0.483961
44,24,0.86787
44,25,0.100837
44,26,0.570972
44,27,0.354204
44,28,0.871604
44,29,0.0855677
44,30,0.0901822
44,31,0.360843
44,32,0.412031
44,33,0.954688
44,34,0.253964
44,35,0.0925155
44,36,0.806604
44,37,0.374304
44,38,0.928112
44,39,0.0972298
44,40,0.822954
44,41,0.102589
44,42,0.845746
44,43,0.117038
44,44,0
44,45,0.104297
44,46,0.104288
44,47,0.360666
44,48,0.0995965
44,49,0.945013
44,50,0.311719
44,51,0.355783
44,52,0.0948651
44,53,0.122134
44,54,0.205253
44,55,0.63249
44,56,0.081029
44,57,0.357888
44,58,0.253843
44,59,0.432258
44,60,0.288395
44,61,0.359492
44,62,0.544693
44,63,0.676565
44,64,0.789997
44,65,0.52225
44,66,0.0765732
44,67,0.879815
44,68,0.366187
44,69,0.354852
44,70,0.824129
44,71,0.431661
44,72,0.194729
44,73,0.876767
44,74,0.273806
44,75,0.197472
44,76,0.0722071
44,77,0.347695
44,78,0.546992
44,79,0.0700599
44,80,0.305532
44,81,0.0679375
44,82,0.480338
44,83,0.43923
44,84,0.0679375
44,85,0.737365
44,86,0.123365
44,87,0.160193
44,88,0.173914
44,89,0.433902
44,90,0.666381
44,91,0.533867
44,92,0.0637706
44,93,0.284048
44,94,0.288088
44,95,0.741285
44,96,0.0637706
44,97,0.337033
44,98,0.71686
44,99,0.352864
44,100,0.79149
44,101,0.642166
44,102,0.0637706
44,103,0.0794473
44,104,0.613466
44,105,0.261497
44,106,0.383094
44,107,0.698548
44,108,0.72777
44,109,0.0617276
44,110,0.0617276
44,111,0.152652
44,112,0.0617276
44,113,0.473857
44,114,0.711231
44,115,0.242902
44,116,0.34232
44,117,0.0597125
44,118,0.536652
44,119,0.649027
44,120,0.525772
44,121,0.335826
44,122,0.316452
44,123,0.536199
44,124,0.760687
44,125,0.745354
44,126,0.412126
44,127,0.7917
44,128,0.216248
44,129,0.273035
44,130,0.287856
44,131,0.151031
44,132,0.0584935
44,133,0.320579
44,134,0.381685
44,135,0.0577261
44,136,0.727152
44,137,0.055769
44,138,0.669248
44,139,0.608657
44,140,0.112253
44,141,0.703461
44,142,0.055769
44,143,0.327093
44,144,0.338812
44,145,0.78067
44,146,0.733948
44,147,0.055769
44,148,0.0538419
44,149,0.425382
44,150,0.649659
44,151,0.577027
44,152,0.0538419
44,153,0.130093
44,154,0.277945
44,155,0.0538419
44,156,0.0538419
44,157,0.0538419
44,158,0.0538419
44,159,0.428088
44,160,0.301585
44,161,0.269388
44,162,0.746682
44,163,0.534962
44,164,0.764851
44,165,0.30325
44,166,0.533022
44,167,0.673028
44,168,0.39413
44,169,0.385744
44,170,0.465862
44,171,0.690561
44,172,0.266949
44,173,0.558606
44,174,0.145317
44,175,0
44,176,0.471676
44,177,0.0617462
44,178,0
44,179,0.553048
44,180,0.681226
44,181,0.611931
44,182,0.32491
44,183,0
44,184,0
44,185,0
44,186,0
44,187,0.164222
44,188,0
44,189,0
44,190,0
44,191,0.355279
44,192,0.324298
44,193,0
44,194,0.0948506
44,195,0.293758
44,196,0.243666
44,197,0
44,198,0.16633
44,199,0
45,0,0.361459
45,1,0.0617276
45,2,0.0637706
45,3,0.0617276
45,4,0.768048
45,5,0.298899
45,6,0.0617276
45,7,0.516793
45,8,0.651718
45,9,0.12283
45,10,0.355888
45,11,0.603719
45,12,0.0722071
45,13,0.0722071
45,14,0.681317
45,15,0.211582
45,16,0.0743785
45,17,0.803402
45,18,0.661209
45,19,0.148886
45,20,0.0743785
45,21,0.732994
45,22,0.783448
45,23,0.534848
45,24,0.763491
45,25,0.162205
45,26,0.114896
45,27,0.292903
45,28,0.284233
45,29,0.573454
45,30,0.425981
45,31,0.081029
45,32,0.719209
45,33,0.452775
45,34,0.185502
45,35,0.617238
45,36,0.885981
45,37,0.380264
45,38,0.251253
45,39,0.665083
45,40,0.616016
45,41,0.722561
45,42,0.388853
45,43,0.757854
45,44,0.764169
45,45,0
45,46,0.182482
45,47,0.112366
45,48,0.876227
45,49,0.100089
45,50,0.772304
45,51,0.071134
45,52,0.0925155
45,53,0.558168
45,54,0.927002
45,55,0.644584
45,56,0.365025
45,57,0.145137
45,58,0.813877
45,59,0.71061
45,60,0.492391
45,61,0.437739
45,62,0.175287
45,63,0.521097
45,64,0.179415
45,65,0.654909
45,66,0.738293
45,67,0.813158
45,68,0.582379
45,69,0.145027
45,70,0.0845428
45,71,0.253041
45,72,0.782098
45,73,0.810892
45,74,0.641259
45,75,0.51274
45,76,0.576452
45,77,0.799225
45,78,0.546352
45,79,0.448917
45,80,0.85761
45,81,0.327415
45,82,0.563923
45,83,0.0679375
45,84,0.0658408
45,85,0.524682
45,86,0.608337
45,87,0.337564
45,88,0.730587
45,89,0.460895
45,90,0.104337
45,91,0.276652
45,92,0.0617276
45,93,0.334633
45,94,0.857603
45,95,0.20046
45,96,0.065236
45,97,0.669139
45,98,0.0917049
45,99,0.717092
45,100,0.0617276
45,101,0.259973
45,102,0.0617276
45,103,0.753829
45,104,0.147753
45,105,0.779436
45,106,0.355268
45,107,0.818544
45,108,0.679886
45,109,0.0597125
45,110,0.370178
45,111,0.639509
45,112,0.439816
45,113,0.0577261
45,114,0.671784
45,115,0.463847
45,116,0.667446
45,117,0.37999
45,118,0.0577261
45,119,0.513589
45,120,0.0577261
45,121,0.137643
45,122,0.0577261
45,123,0.0577261
45,124,0.596024
45,125,0.0577261
45,126,0.362488
45,127,0.775418
45,128,0.673679
45,129,0.581187
45,130,0.618729
45,131,0.696109
45,132,0.055769
45,133,0.802521
45,134,0.584253
45,135,0.251902
45,136,0.709977
45,137,0.0675408
45,138,0.198466
45,139,0.526686
45,140,0.207209
45,141,0.7047
45,142,0.302988
45,143,0.783818
45,144,0.0538419
45,145,0.112332
45,146,0.394913
45,147,0.690595
45,148,0.630192
45,149,0.450532
45,150,0.345308
45,151,0.741316
45,152,0.735445
45,153,0.399157
45,154,0.0519455
45,155,0.477026
45,156,0.432644
45,157,0.451606
45,158,0.410064
45,159,0.263942
45,160,0.182875
45,161,0.17965
45,162,0.110909
45,163,0.308648
45,164,0.140566
45,165,0.0500803
45,166,0.716471
45,167,0.0500803
45,168,0.085771
45,169,0.0820834
45,170,0.709785
45,171,0.460863
45,172,0.048247
45,173,0.174017
45,174,0.357678
45,175,0
45,176,0.404279
45,177,0
45,178,0
45,179,0.212498
45,180,0.547327
45,181,0.329382
45,182,0.1326
45,183,0.461558
45,184,0
45,185,0.23742
45,186,0.111906
45,187,0.513292
45,188,0
45,189,0.70323
45,190,0
45,191,0.241957
45,192,0.0716763
45,193,0.258199
45,194,0.739402
45,195,0.401039
45,196,0.295197
45,197,0.63932
45,198,0.599702
45,199,0.569771
46,0,0
46,1,0.591944
46,2,0.320442
46,3,0.154518
46,4,0.0655635
46,5,0.0635284
46,6,0.348244
46,7,0.638743
46,8,0.113065
46,9,0.434919
46,10,0.11914
46,11,0.0739648
46,12,0.0739648
46,13,0.505081
46,14,0.633938
46,15,0.176638
46,16,0.0761266
46,17,0.0761266
46,18,0.0761266
46,19,0.136443
46,20,0.0761266
46,21,0.181422
46,22,0.64067
46,23,0.309149
46,24,0.7114
46,25,0.646411
46,26,0.0783114
46,27,0.275567
46,28,0.563311
46,29,0.853808
46,30,0.118914
46,31,0.752054
46,32,0.643887
46,33,0.610937
46,34,0.0849951
46,35,0.786477
46,36,0.704131
46,37,0.605818
46,38,0.580409
46,39,0.0918549
46,40,0.191839
46,41,0.8533
46,42,0.0965018
46,43,0.385388
46,44,0.49016
46,45,0.820808
46,46,0
46,47,0.711038
46,48,0.642617
46,49,0.105918
46,50,0.760301
46,51,0.846387
46,52,0.0988665
46,53,0.0918549
46,54,0.618022
46,55,0.467849
46,56,0.828694
46,57,0.359876
46,58,0.540829
46,59,0.196857
46,60,0.0872633
46,61,0.484943
46,62,0.394522
46,63,0.849555
46,64,0.191701
46,65,0.0805183
46,66,0.0805183
46,67,0.0805183
46,68,0.858261
46,69,0.675188
46,70,0.67586
46,71,0.886968
46,72,0.0805183
46,73,0.573383
46,74,0.0761266
46,75,0.326137
46,76,0.102565
46,77,0.837437
46,78,0.0739648
46,79,0.761008
46,80,0.840715
46,81,0.817955
46,82,0.688556
46,83,0.0739648
46,84,0.0718269
46,85,0.358324
46,86,0.460822
46,87,0.803242
46,88,0.796792
46,89,0.0676254
46,90,0.0739361
46,91,0.0697135
46,92,0.619411
46,93,0.541421
46,94,0.821447
46,95,0.0676254
46,96,0.70713
46,97,0.0676254
46,98,0.0676254
46,99,0.652263
46,100,0.689286
46,101,0.800015
46,102,0.643179
46,103,0.710911
46,104,0.467786
46,105,0.723589
46,106,0.142968
46,107,0.681764
46,108,0.67931
46,109,0.291709
46,110,0.562509
46,111,0.639104
46,112,0.236072
46,113,0.363161
46,114,0.699466
46,115,0.261446
46,116,0.0635284
46,117,0.27724
46,118,0.197915
46,119,0.781469
46,120,0.475218
46,121,0.40429
46,122,0.808982
46,123,0.235044
46,124,0.0861255
46,125,0.770845
46,126,0.262018
46,127,0.061521
46,128,0.819094
46,129,0.428871
46,130,0.719494
46,131,0.651287
46,132,0.371793
46,133,0.506358
46,134,0.512973
46,135,0.061521
46,136,0.374661
46,137,0.800655
46,138,0.0595418
46,139,0.207312
46,140,0.245705
46,141,0.534382
46,142,0.0595418
46,143,0.635049
46,144,0.0595418
46,145,0.0595418
46,146,0.0599923
46,147,0.071831
46,148,0.284823
46,149,0.412295
46,150,0.0575915
46,151,0.0575915
46,152,0.0575915
46,153,0.0575915
46,154,0.322895
46,155,0.22805
46,156,0.0575915
46,157,0.756074
46,158,0.326006
46,159,0.0575915
46,160,0.351319
46,161,0.212652
46,162,0.727281
46,163,0.0556709
46,164,0.0556709
46,165,0.414665
46,166,0.0622884
46,167,0.448556
46,168,0.395794
46,169,0.0645318
46,170,0.0556709
46,171,0.0556709
46,172,0.77621
46,173,0.0537806
46,174,0.583706
46,175,0
46,176,0
46,177,0
46,178,0.22166
46,179,0.476197
46,180,0.431461
46,181,0.42613
46,182,0.594043
46,183,0.605851
46,184,0.598759
46,185,0.103651
46,186,0.0230855
46,187,0.709166
46,188,0.0564754
46,189,0.545842
46,190,0
46,191,0.611803
46,192,0
46,193,0
46,194,0.713334
46,195,0.0599331
46,196,0.359736
46,197,0
46,198,0.707528
46,199,0
47,0,0.23464
47,1,0.0595418
47,2,0.0884847
47,3,0.329498
47,4,0.0840859
47,5,0.0595418
47,6,0.56228
47,7,0.361351
47,8,0.0697135
47,9,0.0842079
47,10,0.125409
47,11,0.759543
47,12,0.783425
47,13,0.0697135
47,14,0.644232
47,15,0.659993
47,16,0.379636
47,17,0.0718269
47,18,0.656998
47,19,0.716883
47,20,0.784172
47,21,0.756736
47,22,0.611064
47,23,0.0718269
47,24,0.794304
47,25,0.610605
47,26,0.37248
47,27,0.442641
47,28,0.0761266
47,29,0.374794
47,30,0.69529
47,31,0.423588
47,32,0.436989
47,33,0.0805183
47,34,0.0805183
47,35,0.70942
47,36,0.10491
47,37,0.707837
47,38,0.247251
47,39,0.346107
47,40,0
47,41,0.547848
47,42,0.285611
47,43,0.861203
47,44,0.69583
47,45,0.0863373
47,46,0.775673
47,47,0
47,48,0.262269
47,49,0.236784
47,50,0.568908
47,51,0.0909197
47,52,0.13379
47,53,0.440132
47,54,0.835643
47,55,0.278801
47,56,0.340287
47,57,0.563866
47,58,0.767665
47,59,0.897979
47,60,0.571405
47,61,0.255159
47,62,0.694622
47,63,0.0890318
47,64,0.777748
47,65,0.760624
47,66,0.131941
47,67,0.56662
47,68,0.0827465
47,69,0.0805183
47,70,0.897098
47,71,0.384518
47,72,0.0805183
47,73,0.512136
47,74,0.732583
47,75,0.0761266
47,76,0.268726
47,77,0.873968
47,78,0.752529
47,79,0.550749
47,80,0.126082
47,81,0.349794
47,82,0.704326
47,83,0.301487
47,84,0.847369
47,85,0.592495
47,86,0.632774
47,87,0.254566
47,88,0.235726
47,89,0.457914
47,90,0.227151
47,91,0.0697135
47,92,0.789958
47,93,0.0676254
47,94,0.0676254
47,95,0.649991
47,96,0.850035
47,97,0.270142
47,98,0.312998
47,99,0.0676254
47,100,0.29953
47,101,0.311837
47,102,0.396569
47,103,0.371561
47,104,0.0655635
47,105,0.228734
47,106,0.437679
47,107,0.299997
47,108,0.221748
47,109,0.309254
47,110,0.0655635
47,111,0.467658
47,112,0.786195
47,113,0.788424
47,114,0.0655635
47,115,0.751248
47,116,0.512399
47,117,0.639431
47,118,0.139782
47,119,0.0635284
47,120,0.237719
47,121,0.500127
47,122,0.0635284
47,123,0.168823
47,124,0.636789
47,125,0.0826
47,126,0.061521
47,127,0.618618
47,128,0.487017
47,129,0.411294
47,130,0.669621
47,131,0.061521
47,132,0.061521
47,133,0.210607
47,134,0.45326
47,135,0.061521
47,136,0.584778
47,137,0.0595418
47,138,0.385314
47,139,0.0595418
47,140,0.499701
47,141,0.509878
47,142,0.582267
47,143,0.439907
47,144,0.46004
47,145,0.626003
47,146,0.35538
47,147,0.134178
47,148,0.420543
47,149,0.650271
47,150,0.173866
47,151,0.0575915
47,152,0.314655
47,153,0.232788
47,154,0.156339
47,155,0.113956
47,156,0.4779
47,157,0.282082
47,158,0.0575915
47,159,0.139267
47,160,0.0556709
47,161,0.744426
47,162,0.23735
47,163,0.0556709
47,164,0.130146
47,165,0.0556709
47,166,0.0556709
47,167,0.0556709
47,168,0.0832727
47,169,0.583875
47,170,0.0556709
47,171,0.767323
47,172,0.271767
47,173,0.0537806
47,174,0.331464
47,175,0
47,176,0.556172
47,177,0
47,178,0.182417
47,179,0.170932
47,180,0.713956
47,181,0.5505
47,182,0.188409
47,183,0.223568
47,184,0
47,185,0.532153
47,186,0.527415
47,187,0.646037
47,188,0.0116781
47,189,0.631782
47,190,0
47,191,0.0768474
47,192,0.580883
47,193,0.424772
47,194,0.183915
47,195,0
47,196,0.490212
47,197,0.398552
47,198,0.0115357
47,199,0
48,0,0.171694
48,1,0.351232
48,2,0.055769
48,3,0.770971
48,4,0.377137
48,5,0.447519
48,6,0.0538419
48,7,0.213409
48,8,0.610179
48,9,0.385581
48,10,0.673031
48,11,0.598555
48,12,0.209808
48,13,0.135898
48,14,0.101735
48,15,0.461506
48,16,0.0658408
48,17,0.0658408
48,18,0.396127
48,19,0.244652
48,20,0.833275
48,21,0.664476
48,22,0.604501
48,23,0.692215
48,24,0.381682
48,25,0.0754346
48,26,0.0679375
48,27,0.161057
48,28,0.771722
48,29,0.204207
48,30,0.233068
48,31,0.257603
48,32,0.773326
48,33,0.276151
48,34,0.223161
48,35,0.338141
48,36,0.0656134
48,37,0.321799
48,38,0.727262
48,39,0.711534
48,40,0.86162
48,41,0.574666
48,42,0.489313
48,43,0.286549
48,44,0.842117
48,45,0.748017
48,46,0.883925
48,47,0.100932
48,48,0
48,49,0.878168
48,50,0.469268
48,51,0.379183
48,52,0.826336
48,53,0.248396
48,54,0.116631
48,55,0.638374
48,56,0.734376
48,57,0.308529
48,58,0.650644
48,59,0.0855677
48,60,0.204337
48,61,0.0832884
48,62,0.342528
48,63,0.554529
48,64,0.823817
48,65,0.706867
48,66,0.870815
48,67,0.240032
48,68,0.725165
48,69,0.280701
48,70,0.0787903
48,71,0.504009
48,72,0.242886
48,73,0.689629
48,74,0.0743785
48,75,0.562824
48,76,0.613287
48,77,0.854517
48,78,0.495185
48,79,0.633364
48,80,0.727153
48,81,0.0700599
48,82,0.0722071
48,83,0.571224
48,84,0.251895
48,85,0.19736
48,86,0.238104
48,87,0.0679375
48,88,0.561779
48,89,0.0658408
48,90,0.0902059
48,91,0.814864
48,92,0.0658408
48,93,0.482792
48,94,0.424235
48,95,0.824957
48,96,0.260464
48,97,0.363398
48,98,0.138221
48,99,0.0658408
48,100,0.721266
48,101,0.266112
48,102,0.635956
48,103,0.0637706
48,104,0.0637706
48,105,0.766847
48,106,0.681463
48,107,0.730471
48,108,0.717817
48,109,0.273101
48,110,0.461818
48,111,0.542204
48,112,0.347758
48,113,0.603802
48,114,0.210663
48,115,0.694721
48,116,0.0617276
48,117,0.543834
48,118,0.836084
48,119,0.583057
48,120,0.584547
48,121,0.0617276
48,122,0.509599
48,123,0.645768
48,124,0.639108
48,125,0.0617276
48,126,0.583451
48,127,0.0597125
48,128,0.528294
48,129,0.84404
48,130,0.180809
48,131,0.371159
48,132,0.231751
48,133,0.0597125
48,134,0.535632
48,135,0.391649
48,136,0.829353
48,137,0.340468
48,138,0.245494
48,139,0.679413
48,140,0.745812
48,141,0.0577261
48,142,0.353827
48,143,0.225782
48,144,0.582835
48,145,0.697459
48,146,0.063206
48,147,0.633439
48,148,0.374563
48,149,0.055769
48,150,0.353014
48,151,0.101838
48,152,0.212482
48,153,0.055769
48,154,0.055769
48,155,0.055769
48,156,0.199304
48,157,0.625181
48,158,0.154766
48,159,0.055769
48,160,0.614752
48,161,0.481874
48,162,0.398174
48,163,0.0538419
48,164,0.574892
48,165,0.0876922
48,166,0.543452
48,167,0.564473
48,168,0.588389
48,169,0.0538419
48,170,0.407313
48,171,0.497628
48,172,0.0519455
48,173,0.0519455
48,174,0
48,175,0.639773
48,176,0.725096
48,177,0.0531125
48,178,0.439871
48,179,0.273279
48,180,0.259292
48,181,0
48,182,0.549488
48,183,0.646144
48,184,0.140757
48,185,0.607015
48,186,0
48,187,0.514437
48,188,0.40904
48,189,0.139265
48,190,0.571997
48,191,0.208224
48,192,0
48,193,0.154603
48,194,0.393045
48,195,0.564895
48,196,0.421375
48,197,0.115586
48,198,0.308458
48,199,0.194204
49,0,0.232707
49,1,0.0464424
49,2,0.0482802
49,3,0.441266
49,4,0.0667565
49,5,0.0464424
49,6,0.329818
49,7,0.0520521
49,8,0.322481
49,9,0.0559483
49,10,0.589376
49,11,0.0559483
49,12,0.26633
49,13,0.391524
49,14,0.738092
49,15,0.664137
49,16,0.260414
49,17,0.81079
49,18,0.445499
49,19,0.0579413
49,20,0.214262
49,21,0.281556
49,22,0.399309
49,23,0.27654
49,24,0.706757
49,25,0.0599634
49,26,0.108982
49,27,0.396203
49,28,0.449748
49,29,0.6917
49,30,0.0661965
49,31,0.0640917
49,32,0.0683273
49,33,0.0661965
49,34,0.643533
49,35,0.165681
49,36,0.230521
49,37,0.198563
49,38,0.420646
49,39,0.768452
49,40,0.447794
49,41,0.214122
49,42,0.811633
49,43,0
49,44,0.790069
49,45,0.737097
49,46,0.808396
49,47,0.293161
49,48,0.781362
49,49,0
49,50,0.455607
49,51,0.379647
49,52,0.173602
49,53,0.881877
49,54,0.872314
49,55,0.600894
49,56,0.72781
49,57,0.148856
49,58,0.855924
49,59,0.269232
49,60,0.753878
49,61,0.690231
49,62,0.263909
49,63,0.856954
49,64,0.688517
49,65,0.394895
49,66,0.625174
49,67,0.0748679
49,68,0.759934
49,69,0.0748679
49,70,0.498296
49,71,0.627619
49,72,0.506394
49,73,0.810415
49,74,0.532431
49,75,0.513564
49,76,0.691523
49,77,0.353629
49,78,0.365959
49,79,0.0683273
49,80,0.172658
49,81,0.840474
49,82,0.439078
49,83,0.374666
49,84,0.770032
49,85,0.421924
49,86,0.0661965
49,87,0.551562
49,88,0.636927
49,89,0.0620138
49,90,0.0640917
49,91,0.449815
49,92,0.668246
49,93,0.206458
49,94,0.371854
49,95,0.426016
49,96,0.682344
49,97,0.0755657
49,98,0.473471
49,99,0.517009
49,100,0.106433
49,101,0.0620138
49,102,0.236554
49,103,0.693636
49,104,0.0599634
49,105,0.855713
49,106,0.301233
49,107,0.744359
49,108,0.315889
49,109,0.773739
49,110,0.0599634
49,111,0.59586
49,112,0.729048
49,113,0.399965
49,114,0.0778392
49,115,0.604244
49,116,0.0579413
49,117,0.197414
49,118,0.277498
49,119,0.698982
49,120,0.240025
49,121,0.280644
49,122,0.270489
49,123,0.0579413
49,124,0.616187
49,125,0.771427
49,126,0.586112
49,127,0.418046
49,128,0.0559483
49,129,0.191894
49,130,0.0666149
49,131,0.206954
49,132,0.384143
49,133,0.43548
49,134,0.0559483
49,135,0.479483
49,136,0.424516
49,137,0.474761
49,138,0.357165
49,139,0.053985
49,140,0.390622
49,141,0.359331
49,142,0.620484
49,143,0.261766
49,144,0.053985
49,145,0.053985
49,146,0.053985
49,147,0.053985
49,148,0.18173
49,149,0.439171
49,150,0.0520521
49,151,0.574289
49,152,0.0520521
49,153,0.268896
49,154,0.764913
49,155,0.639348
49,156,0.191135
49,157,0.511407
49,158,0.220232
49,159,0.322934
49,160,0.0501503
49,161,0.442933
49,162,0.685973
49,163,0.406368
49,164,0.0501503
49,165,0.0501503
49,166,0.0501503
49,167,0.636405
49,168,0.534416
49,169,0.576492
49,170,0.691988
49,171,0.0980943
49,172,0.102249
49,173,0.478897
49,174,0.478007
49,175,0.134665
49,176,0.443128
49,177,0.667875
49,178,0.311441
49,179,0
49,180,0.290198
49,181,0.340467
49,182,0.566186
49,183,0.346432
49,184,0
49,185,0.507144
49,186,0.164281
49,187,0.162885
49,188,0.204893
49,189,0.570855
49,190,0.67216
49,191,0.257374
49,192,0.207633
49,193,0.551979
49,194,0
49,195,0.44348
49,196,0.630306
49,197,0.0931488
49,198,0.268459
49,199,0.358583
50,0,0
50,1,0.203486
50,2,0.706587
50,3,0.222393
50,4,0.0500803
50,5,0.433468
50,6,0.611457
50,7,0.602688
50,8,0.377267
50,9,0.206508
50,10,0.682537
50,11,0.0577261
50,12,0.80456
50,13,0.506995
50,14,0.535328
50,15,0.0577261
50,16,0.281565
50,17,0.0597125
50,18,0.290324
50,19,0.751957
50,20,0.8108
50,21,0.232069
50,22,0.276513
50,23,0.280672
50,24,0.0637706
50,25,0.404954
50,26,0.0617276
50,27,0.0658408
50,28,0.779982
50,29,0.545345
50,30,0.600626
50,31,0.0658408
50,32,0.0700599
50,33,0.528538
50,34,0.372586
50,35,0.108631
50,36,0.182923
50,37,0.209789
50,38,0.0380436
50,39,0.77633
50,40,0.618287
50,41,0.804332
50,42,0
50,43,0.65064
50,44,0.496443
50,45,0.634795
50,46,0.70966
50,47,0.0817214
50,48,0.842356
50,49,0.223654
50,50,0
50,51,0.872737
50,52,0.849945
50,53,0.605317
50,54,0.395369
50,55,0.283274
50,56,0.801964
50,57,0.948424
50,58,0.427155
50,59,0.911897
50,60,0.884449
50,61,0.115809
50,62,0.644923
50,63,0.935631
50,64,0.227918
50,65,0.29383
50,66,0.43363
50,67,0.447124
50,68,0.612082
50,69,0.763932
50,70,0.478549
50,71,0.48835
50,72,0.498127
50,73,0.38174
50,74,0.49387
50,75,0.215438
50,76,0.0765732
50,77,0.213655
50,78,0.0743785
50,79,0.0743785
50,80,0.0914984
50,81,0.19127
50,82,0.0743785
50,83,0.0743785
50,84,0.81942
50,85,0.411804
50,86,0.250056
50,87,0.653631
50,88,0.404993
50,89,0.699558
50,90,0.605574
50,91,0.327044
50,92,0.857727
50,93,0.289354
50,94,0.306337
50,95,0.133585
50,96,0.642954
50,97,0.797286
50,98,0.642897
50,99,0.308503
50,100,0.627363
50,101,0.189219
50,102,0.867658
50,103,0.184985
50,104,0.631864
50,105,0.427041
50,106,0.473379
50,107,0.68043
50,108,0.726262
50,109,0.528467
50,110,0.783408
50,111,0.0658408
50,112,0.81373
50,113,0.861328
50,114,0.0658408
50,115,0.717322
50,116,0.371581
50,117,0.274251
50,118,0.471864
50,119,0.0637706
50,120,0.0814619
50,121,0.177569
50,122,0.304659
50,123,0.0637706
50,124,0.575357
50,125,0.71943
50,126,0.283153
50,127,0.317011
50,128,0.617867
50,129,0.0617276
50,130,0.736417
50,131,0.356135
50,132,0.337852
50,133,0.715754
50,134,0.660242
50,135,0.0912947
50,136,0.255468
50,137,0.246295
50,138,0.0597125
50,139,0.103361
50,140,0.0597125
50,141,0.788671
50,142,0.129076
50,143,0.831724
50,144,0.779724
50,145,0.191467
50,146,0.681234
50,147,0.281022
50,148,0.588365
50,149,0.275745
50,150,0.283626
50,151,0.802038
50,152,0.585525
50,153,0.720496
50,154,0.0577261
50,155,0.291378
50,156,0.570422
50,157,0.406015
50,158,0.751092
50,159,0.330993
50,160,0.578736
50,161,0.623277
50,162,0.822896
50,163,0.0600662
50,164,0.482509
50,165,0.626616
50,166,0.292366
50,167,0.055769
50,168,0.055769
50,169,0.329148
50,170,0.144368
50,171,0.0723353
50,172,0.264117
50,173,0.419743
50,174,0
50,175,0.141414
50,176,0.708781
50,177,0
50,178,0.578794
50,179,0.460574
50,180,0.268336
50,181,0.0258474
50,182,0.426797
50,183,0.0180466
50,184,0
50,185,0.565581
50,186,0.46805
50,187,0.639577
50,188,0.138255
50,189,0.385802
50,190,0.13723
50,191,0
50,192,0.183449
50,193,0.134495
50,194,0.125797
50,195,0
50,196,0
50,197,0.58708
50,198,0
50,199,0.12722
51,0,0.0701078
51,1,0.256673
51,2,0.42168
51,3,0.58368
51,4,0.0595418
51,5,0.653248
51,6,0.0575915
51,7,0.0635284
51,8,0.745067
51,9,0.0676254
51,10,0.548382
51,11,0.257949
51,12,0.084626
51,13,0.219733
51,14,0.525353
51,15,0.23865
51,16,0.0697135
51,17,0.25058
51,18,0.137101
51,19,0.429538
51,20,0.0697135
51,21,0.530521
51,22,0.57458
51,23,0.324748
51,24,0.0739648
51,25,0.0718269
51,26,0.42455
51,27,0.117761
51,28,0.813314
51,29,0.588066
51,30,0.509756
51,31,0.173602
51,32,0.0864477
51,33,0.147784
51,34,0.0783114
51,35,0.169619
51,36,0.0783114
51,37,0.16302
51,38,0.200089
51,39,0.0849951
51,40,0.174999
51,41,0.0895503
51,42,0.435541
51,43,0.482251
51,44,0.348164
51,45,0.143992
51,46,0.863966
51,47,0.62695
51,48,0.627715
51,49,0.278482
51,50,0.253208
51,51,0
51,52,0.729906
51,53,0.971469
51,54,0.987149
51,55,0.205559
51,56,0.101233
51,57,0.101233
51,58,0.772096
51,59,0.290988
51,60,0.103629
51,61,0.498806
51,62,0.92833
51,63,0.347018
51,64,0.697387
51,65,0.191741
51,66,0.443956
51,67,0.096514
51,68,0.339613
51,69,0.722916
51,70,0.282612
51,71,0.407933
51,72,0.096514
51,73,0.324844
51,74,0.932674
51,75,0.55321
51,76,0.760014
51,77,0.15677
51,78,0.51286
51,79,0.405558
51,80,0.814369
51,81,0.782028
51,82,0.661069
51,83,0.529058
51,84,0.751187
51,85,0.639423
51,86,0.725335
51,87,0.788851
51,88,0.746261
51,89,0.493095
51,90,0.0933424
51,91,0.810611
51,92,0.0827465
51,93,0.0827465
51,94,0.174609
51,95,0.726573
51,96,0.258957
51,97,0.649429
51,98,0.735122
51,99,0.625496
51,100,0.412001
51,101,0.0827465
51,102,0.0827465
51,103,0.453914
51,104,0.418142
51,105,0.0805183
51,106,0.0805183
51,107,0.230323
51,108,0.265483
51,109,0.625812
51,110,0.696672
51,111,0.139879
51,112,0.475595
51,113,0.410259
51,114,0.728963
51,115,0.284579
51,116,0.122017
51,117,0.512095
51,118,0.148214
51,119,0.0783114
51,120,0.0868368
51,121,0.315562
51,122,0.827678
51,123,0.177052
51,124,0.431902
51,125,0.0847128
51,126,0.0761266
51,127,0.763398
51,128,0.809118
51,129,0.800164
51,130,0.473774
51,131,0.305998
51,132,0.0761266
51,133,0.637214
51,134,0.853142
51,135,0.457821
51,136,0.773293
51,137,0.0739648
51,138,0.774751
51,139,0.134491
51,140,0.714987
51,141,0.566372
51,142,0.370061
51,143,0.286274
51,144,0.0805966
51,145,0.195481
51,146,0.677268
51,147,0.30657
51,148,0.804267
51,149,0.0718269
51,150,0.348781
51,151,0.0718269
51,152,0.34417
51,153,0.282894
51,154,0.281786
51,155,0.0718269
51,156,0.472342
51,157,0.375798
51,158,0.761286
51,159,0.39854
51,160,0.285118
51,161,0.344989
51,162,0.814468
51,163,0.346976
51,164,0.100056
51,165,0.785463
51,166,0.0697135
51,167,0.0697135
51,168,0.0697135
51,169,0.821861
51,170,0.259961
51,171,0.746032
51,172,0.508843
51,173,0.750633
51,174,0.0852915
51,175,0.647784
51,176,0.00445824
51,177,0
51,178,0.0852401
51,179,0
51,180,0
51,181,0.572173
51,182,0.0833267
51,183,0.431934
51,184,0
51,185,0.495924
51,186,0.446012
51,187,0.599591
51,188,0.0130914
51,189,0.348668
51,190,0.139501
51,191,0.447503
51,192,0
51,193,0.103262
51,194,0
51,195,0.0922989
51,196,0.032469
51,197,0.00771286
51,198,0.233857
51,199,0.0851521
52,0,0
52,1,0.636583
52,2,0.0446785
52,3,0.644407
52,4,0.556315
52,5,0.290092
52,6,0.521844
52,7,0.048247
52,8,0.42837
52,9,0.0519455
52,10,0.0519455
52,11,0.610569
52,12,0.669191
52,13,0.308641
52,14,0.280517
52,15,0.0519455
52,16,0.0538419
52,17,0.0538419
52,18,0.742461
52,19,0.301128
52,20,0.565979
52,21,0.126804
52,22,0.0538419
52,23,0.64668
52,24,0.480916
52,25,0.180911
52,26,0.055769
52,27,0.762541
52,28,0.445809
52,29,0.475896
52,30,0.101155
52,31,0.683052
52,32,0.389684
52,33,0.334787
52,34,0.582702
52,35,0.195129
52,36,0.0116019
52,37,0.361759
52,38,0.232533
52,39,0.554428
52,40,0.460927
52,41,0.461982
52,42,0.407194
52,43,0.390361
52,44,0
52,45,0
52,46,0.522978
52,47,0.314305
52,48,0.153215
52,49,0.526992
52,50,0.85404
52,51,0.855555
52,52,0
52,53,0.873853
52,54,0.0784971
52,55,0.826476
52,56,0.530739
52,57,0.427326
52,58,0.0901822
52,59,0.474583
52,60,0.0901822
52,61,0.649746
52,62,0.743819
52,63,0.9078
52,64,0.192252
52,65,0.234652
52,66,0.651677
52,67,0.534097
52,68,0.283176
52,69,0.169922
52,70,0.916996
52,71,0.081029
52,72,0.783169
52,73,0.514603
52,74,0.511892
52,75,0.277574
52,76,0.63263
52,77,0.543053
52,78,0.882789
52,79,0.0765732
52,80,0.768398
52,81,0.441907
52,82,0.903788
52,83,0.763383
52,84,0.336589
52,85,0.0722071
52,86,0.601022
52,87,0.89323
52,88,0.44409
52,89,0.612232
52,90,0.401465
52,91,0.53969
52,92,0.297953
52,93,0.177692
52,94,0.484711
52,95,0.531777
52,96,0.465756
52,97,0.187363
52,98,0.121682
52,99,0.796035
52,100,0.417086
52,101,0.100084
52,102,0.83434
52,103,0.253343
52,104,0.669206
52,105,0.40537
52,106,0.597556
52,107,0.374088
52,108,0.0679375
52,109,0.559608
52,110,0.462829
52,111,0.876131
52,112,0.089249
52,113,0.439244
52,114,0.719562
52,115,0.503703
52,116,0.509866
52,117,0.398449
52,118,0.491598
52,119,0.0658408
52,120,0.112144
52,121,0.0658408
52,122,0.682197
52,123,0.512339
52,124,0.266882
52,125,0.26915
52,126,0.139797
52,127,0.825095
52,128,0.551407
52,129,0.366947
52,130,0.725825
52,131,0.0731879
52,132,0.571726
52,133,0.665632
52,134,0.4395
52,135,0.356344
52,136,0.177462
52,137,0.143516
52,138,0.836893
52,139,0.320602
52,140,0.818577
52,141,0.414409
52,142,0.312164
52,143,0.0617276
52,144,0.0617276
52,145,0.147922
52,146,0.653024
52,147,0.610742
52,148,0.662837
52,149,0.261089
52,150,0.778287
52,151,0.0597125
52,152,0.374123
52,153,0.586569
52,154,0.540249
52,155,0.76539
52,156,0.0597125
52,157,0.814217
52,158,0.727114
52,159,0.66814
52,160,0.310006
52,161,0.582553
52,162,0.0577261
52,163,0.0577261
52,164,0.385588
52,165,0.447845
52,166,0.510421
52,167,0.706945
52,168,0.735256
52,169,0.493668
52,170,0.174644
52,171,0.70093
52,172,0.055769
52,173,0.627002
52,174,0
52,175,0.115177
52,176,0
52,177,0.607042
52,178,0
52,179,0.68486
52,180,0.0255936
52,181,0
52,182,0.744148
52,183,0.557938
52,184,0.551163
52,185,0.434545
52,186,0.475935
52,187,0.689492
52,188,0.409442
52,189,0.36373
52,190,0.518313
52,191,0
52,192,0.114751
52,193,0.557723
52,194,0.0755176
52,195,0.668806
52,196,0.168518
52,197,0
52,198,0.538708
52,199,0.0722476
53,0,0.414277
53,1,0.0465339
53,2,0.0482973
53,3,0.637846
53,4,0.693191
53,5,0.0465339
53,6,0.0465339
53,7,0.0519211
53,8,0.0556709
53,9,0.130091
53,10,0.740877
53,11,0.114326
53,12,0.181991
53,13,0.725507
53,14,0.0556709
53,15,0.0556709
53,16,0.409977
53,17,0.646201
53,18,0.0575915
53,19,0.0671222
53,20,0.261877
53,21,0.692319
53,22,0.204803
53,23,0.621525
53,24,0.507766
53,25,0.533185
53,26,0.545262
53,27,0.0635284
53,28,0.546252
53,29,0.346076
53,30,0.265263
53,31,0.222659
53,32,0.505481
53,33,0.46718
53,34,0.119983
53,35,0.452098
53,36,0.708492
53,37,0.371284
53,38,0.498013
53,39,0.791644
53,40,0.740848
53,41,0.480959
53,42,0.170888
53,43,0.187433
53,44,0.429946
53,45,0.314161
53,46,0.407233
53,47,0.121731
53,48,0.236578
53,49,0.595846
53,50,0.43351
53,51,0.735038
53,52,0.528622
53,53,0
53,54,0.877772
53,55,0.61122
53,56,0.223623
53,57,0.603561
53,58,0.344734
53,59,0.343019
53,60,0.346333
53,61,0.87453
53,62,0.78165
53,63,0.734657
53,64,0.538255
53,65,0.410122
53,66,0.0918549
53,67,0.142478
53,68,0.295129
53,69,0.55434
53,70,0.796275
53,71,0.246649
53,72,0.452989
53,73,0.418396
53,74,0.553941
53,75,0.750161
53,76,0.0872633
53,77,0.0849951
53,78,0.245608
53,79,0.171418
53,80,0.310634
53,81,0.879414
53,82,0.651744
53,83,0.0958506
53,84,0.419269
53,85,0.529196
53,86,0.703423
53,87,0.653077
53,88,0.155154
53,89,0.0783114
53,90,0.0805183
53,91,0.516668
53,92,0.0783114
53,93,0.811671
53,94,0.272446
53,95,0.506223
53,96,0.259223
53,97,0.328578
53,98,0.688517
53,99,0.585448
53,100,0.0783114
53,101,0.53021
53,102,0.880606
53,103,0.4167
53,104,0.0761266
53,105,0.477691
53,106,0.217585
53,107,0.0761266
53,108,0.536943
53,109,0.526575
53,110,0.262339
53,111,0.0761266
53,112,0.477904
53,113,0.0739648
53,114,0.0761266
53,115,0.0739648
53,116,0.576382
53,117,0.837156
53,118,0.691098
53,119,0.809637
53,120,0.0739648
53,121,0.782911
53,122,0.405189
53,123,0.0739648
53,124,0.681114
53,125,0.764167
53,126,0.585885
53,127,0.0718269
53,128,0.171831
53,129,0.364157
53,130,0.691418
53,131,0.187516
53,132,0.0718269
53,133,0.66178
53,134,0.701551
53,135,0.0718269
53,136,0.230214
53,137,0.0697135
53,138,0.186959
53,139,0.866955
53,140,0.636252
53,141,0.548323
53,142,0.0697135
53,143,0.213945
53,144,0.627138
53,145,0.0697135
53,146,0.283594
53,147,0.311577
53,148,0.0676254
53,149,0.0754984
53,150,0.225259
53,151,0.0701435
53,152,0.0676254
53,153,0.740978
53,154,0.181223
53,155,0.758892
53,156,0.613984
53,157,0.0676254
53,158,0.0676254
53,159,0.0676254
53,160,0.363239
53,161,0.702516
53,162,0.208542
53,163,0.468534
53,164,0.486248
53,165,0.0655635
53,166,0.658241
53,167,0.0655635
53,168,0.170448
53,169,0.0655635
53,170,0.843687
53,171,0.0655635
53,172,0.649223
53,173,0.0635284
53,174,0.21358
53,175,0.342893
53,176,0
53,177,0.627235
53,178,0
53,179,0.095264
53,180,0
53,181,0.156931
53,182,0.308401
53,183,0
53,184,0.0352238
53,185,0.62448
53,186,0
53,187,0
53,188,0.655754
53,189,0
53,190,0
53,191,0.172358
53,192,0.751491
53,193,0.206546
53,194,0
53,195,0.391103
53,196,0.386371
53,197,0.60028
53,198,0.383871
53,199,0.710187
54,0,0.732775
54,1,0.360685
54,2,0.0482973
54,3,0.525933
54,4,0.380468
54,5,0.225988
54,6,0.09844
54,7,0.582615
54,8,0.102457
54,9,0.144266
54,10,0.0556709
54,11,0.180597
54,12,0.533821
54,13,0.464953
54,14,0.375035
54,15,0.0556709
54,16,0.332139
54,17,0.473842
54,18,0.0575915
54,19,0.228349
54,20,0.614067
54,21,0.0595418
54,22,0.643244
54,23,0.60331
54,24,0.392297
54,25,0.683099
54,26,0.241988
54,27,0.0635284
54,28,0.540231
54,29,0.061521
54,30,0.0655635
54,31,0.528194
54,32,0.531853
54,33,0.0655635
54,34,0.323204
54,35,0.175384
54,36,0.538672
54,37,0.692578
54,38,0.0106948
54,39,0.0718269
54,40,0.0862589
54,41,0.186163
54,42,0.340928
54,43,0.0805183
54,44,0
54,45,0
54,46,0
54,47,0.508182
54,48,0.711763
54,49,0.0988665
54,50,0.0988542
54,51,0.573829
54,52,0.264628
54,53,0.887499
54,54,0
54,55,0.46003
54,56,0.872742
54,57,0.792667
54,58,0.904019
54,59,0.103613
54,60,0.540626
54,61,0.979379
54,62,0.275083
54,63,0.245553
54,64,0.680703
54,65,0.493736
54,66,0.746236
54,67,0.096514
54,68,0.220018
54,69,0.611947
54,70,0.197148
54,71,0.276761
54,72,0.867287
54,73,0.5358
54,74,0.765441
54,75,0.883026
54,76,0.566193
54,77,0.856721
54,78,0.935953
54,79,0.153703
54,80,0.658792
54,81,0.0872633
54,82,0.204402
54,83,0.293996
54,84,0.347009
54,85,0.101051
54,86,0.743797
54,87,0.221567
54,88,0.906817
54,89,0.637893
54,90,0.32906
54,91,0.452975
54,92,0.627601
54,93,0.610752
54,94,0.709909
54,95,0.324174
54,96,0.132287
54,97,0.481519
54,98,0.373727
54,99,0.373748
54,100,0.127614
54,101,0.606618
54,102,0.689385
54,103,0.0805183
54,104,0.171227
54,105,0.488335
54,106,0.0805183
54,107,0.784148
54,108,0.398874
54,109,0.0805183
54,110,0.0805183
54,111,0.112263
54,112,0.0805183
54,113,0.244657
54,114,0.460855
54,115,0.459529
54,116,0.412668
54,117,0.257022
54,118,0.750492
54,119,0.388106
54,120,0.0783114
54,121,0.148173
54,122,0.0783114
54,123,0.675924
54,124,0.836018
54,125,0.697478
54,126,0.0761266
54,127,0.0761266
54,128,0.248574
54,129,0.524483
54,130,0.488733
54,131,0.455716
54,132,0.21063
54,133,0.258416
54,134,0.565846
54,135,0.472223
54,136,0.828
54,137,0.593461
54,138,0.33762
54,139,0.317269
54,140,0.619994
54,141,0.42048
54,142,0.519912
54,143,0.770526
54,144,0.763853
54,145,0.0739648
54,146,0.331206
54,147,0.275228
54,148,0.4203
54,149,0.173065
54,150,0.757919
54,151,0.4927
54,152,0.422406
54,153,0.769564
54,154,0.27055
54,155,0.357904
54,156,0.566522
54,157,0.450428
54,158,0.505227
54,159,0.0718269
54,160,0.0787731
54,161,0.0985925
54,162,0.487311
54,163,0.402038
54,164,0.469644
54,165,0.165792
54,166,0.0697135
54,167,0.416951
54,168,0.0697135
54,169,0.443823
54,170,0.0697135
54,171,0.621055
54,172,0.0676254
54,173,0.491998
54,174,0.439319
54,175,0
54,176,0.617106
54,177,0
54,178,0.197653
54,179,0.170456
54,180,0.197461
54,181,0.088622
54,182,0
54,183,0.753674
54,184,0
54,185,0.193148
54,186,0.239659
54,187,0.686596
54,188,0
54,189,0
54,190,0.749811
54,191,0.00285741
54,192,0.123986
54,193,0.381377
54,194,0.549151
54,195,0.737886
54,196,0.68578
54,197,0.672221
54,198,0.293456
54,199,0.708602
55,0,0.277275
55,1,0.246563
55,2,0.432065
55,3,0.350127
55,4,0.0414008
55,5,0.0910166
55,6,0.371514
55,7,0.0447625
55,8,0.225139
55,9,0.0482586
55,10,0.161551
55,11,0.650742
55,12,0.135219
55,13,0.186709
55,14,0.63671
55,15,0.35423
55,16,0.617511
55,17,0.116965
55,18,0.282561
55,19,0.632583
55,20,0.237577
55,21,0.271882
55,22,0.0500558
55,23,0.594408
55,24,0.0537456
55,25,0.662438
55,26,0.574416
55,27,0.055637
55,28,0.586216
55,29,0.117515
55,30,0.0575587
55,31,0.0994086
55,32,0.676431
55,33,0.50664
55,34,0.741227
55,35,0.0284884
55,36,0
55,37,0.406349
55,38,0
55,39,0.398431
55,40,0.498646
55,41,0.330156
55,42,0.329506
55,43,0
55,44,0.754026
55,45,0.226807
55,46,0.561615
55,47,0.707493
55,48,0.653339
55,49,0.145142
55,50,0.620113
55,51,0.164369
55,52,0.697162
55,53,0.780241
55,54,0.0589547
55,55,0
55,56,0.855103
55,57,0.701911
55,58,0.890231
55,59,0.911179
55,60,0.523202
55,61,0.228796
55,62,0.906601
55,63,0.825741
55,64,0.101545
55,65,0.612116
55,66,0.771122
55,67,0.156426
55,68,0.713071
55,69,0.377329
55,70,0.242977
55,71,0.291535
55,72,0.0918359
55,73,0.753323
55,74,0.796515
55,75,0.15377
55,76,0.70187
55,77,0.190471
55,78,0.84434
55,79,0.517778
55,80,0.0849739
55,81,0.0827246
55,82,0.226279
55,83,0.217887
55,84,0.815562
55,85,0.0804956
55,86,0.303377
55,87,0.682827
55,88,0.759307
55,89,0.191329
55,90,0.609283
55,91,0.295304
55,92,0.437697
55,93,0.52979
55,94,0.139756
55,95,0.562398
55,96,0.176965
55,97,0.0782879
55,98,0.756281
55,99,0.0782879
55,100,0.362284
55,101,0.0782879
55,102,0.256432
55,103,0.469291
55,104,0.831736
55,105,0.0937301
55,106,0.671446
55,107,0.587599
55,108,0.345257
55,109,0.576842
55,110,0.168001
55,111,0.370377
55,112,0.715667
55,113,0.448594
55,114,0.650109
55,115,0.59086
55,116,0.558517
55,117,0.0739397
55,118,0.350293
55,119,0.393645
55,120,0.287935
55,121,0.0739397
55,122,0.765555
55,123,0.809904
55,124,0.649459
55,125,0.0739397
55,126,0.449896
55,127,0.0718009
55,128,0.0718009
55,129,0.293672
55,130,0.0718009
55,131,0.45889
55,132,0.422691
55,133,0.250186
55,134,0.0718009
55,135,0.351961
55,136,0.432378
55,137,0.783186
55,138,0.0696866
55,139,0.0696866
55,140,0.4576
55,141,0.292822
55,142,0.343134
55,143,0.270817
55,144,0.847269
55,145,0.0915658
55,146,0.0696866
55,147,0.511626
55,148,0.203243
55,149,0.418825
55,150,0.0675976
55,151,0.599491
55,152,0.562536
55,153,0.0675976
55,154,0.518476
55,155,0.318616
55,156,0.0675976
55,157,0.0848945
55,158,0.338393
55,159,0.106015
55,160,0.489603
55,161,0.356468
55,162,0.676721
55,163,0.0655348
55,164,0.726414
55,165,0.819758
55,166,0.501316
55,167,0.285165
55,168,0.729317
55,169,0.65817
55,170,0.289955
55,171,0.316499
55,172,0.0735115
55,173,0.755608
55,174,0.646336
55,175,0
55,176,0
55,177,0.744205
55,178,0.629614
55,179,0.254905
55,180,0.303121
55,181,0
55,182,0
55,183,0.00651466
55,184,0
55,185,0.646415
55,186,0.460275
55,187,0
55,188,0
55,189,0
55,190,0.160189
55,191,0.515488
55,192,0.449712
55,193,0
55,194,0.698803
55,195,0.327386
55,196,0
55,197,0.345761
55,198,0
55,199,0
56,0,0.18185
56,1,0.149675
56,2,0.258127
56,3,0.343849
56,4,0.075626
56,5,0.126888
56,6,0.55654
56,7,0.222272
56,8,0.116617
56,9,0.438528
56,10,0.719309
56,11,0.650672
56,12,0.445742
56,13,0.0500932
56,14,0.0500932
56,15,0.474037
56,16,0.0519211
56,17,0.59571
56,18,0.629364
56,19,0.0519211
56,20,0.0519211
56,21,0.0537806
56,22,0.70092
56,23,0.465197
56,24,0.267228
56,25,0.642635
56,26,0.0537806
56,27,0.467651
56,28,0.242572
56,29,0.0556709
56,30,0.552546
56,31,0.653353
56,32,0.514361
56,33,0.1055
56,34,0.293692
56,35,0.061521
56,36,0.526296
56,37,0.14853
56,38,0.384535
56,39,0
56,40,0
56,41,0.385038
56,42,0
56,43,0.613745
56,44,0.594107
56,45,0.0281488
56,46,0.368351
56,47,0.745745
56,48,0
56,49,0.303749
56,50,0.0918549
56,51,0
56,52,0.621133
56,53,0
56,54,0.769754
56,55,0.167829
56,56,0
56,57,0.888301
56,58,0.107663
56,59,0.877188
56,60,0.382262
56,61,0.363488
56,62,0.646931
56,63,0.244871
56,64,0.103613
56,65,0.957309
56,66,0.748694
56,67,0.157571
56,68,0.703851
56,69,0.103269
56,70,0.742294
56,71,0.824211
56,72,0.171292
56,73,0.313694
56,74,0.875981
56,75,0.94125
56,76,0.0941765
56,77,0.0918549
56,78,0.445495
56,79,0.948762
56,80,0.141574
56,81,0.836209
56,82,0.0918549
56,83,0.23535
56,84,0.513799
56,85,0.0872633
56,86,0.0895503
56,87,0.687271
56,88,0.932675
56,89,0.108191
56,90,0.565625
56,91,0.313374
56,92,0.474843
56,93,0.211999
56,94,0.562436
56,95,0.563855
56,96,0.189939
56,97,0.32933
56,98,0.744465
56,99,0.908033
56,100,0.459587
56,101,0.515328
56,102,0.763961
56,103,0.651006
56,104,0.850649
56,105,0.666284
56,106,0.626251
56,107,0.0827465
56,108,0.790295
56,109,0.118429
56,110,0.0827465
56,111,0.0827465
56,112,0.0827465
56,113,0.0805183
56,114,0.262161
56,115,0.568917
56,116,0.121668
56,117,0.343649
56,118,0.318509
56,119,0.115881
56,120,0.521087
56,121,0.0805183
56,122,0.491577
56,123,0.0805183
56,124,0.227703
56,125,0.124044
56,126,0.693098
56,127,0.477701
56,128,0.515864
56,129,0.510816
56,130,0.458208
56,131,0.0783114
56,132,0.0986181
56,133,0.295423
56,134,0.779838
56,135,0.0783114
56,136,0.0761266
56,137,0.480281
56,138,0.0844774
56,139,0.0761266
56,140,0.682092
56,141,0.141776
56,142,0.0761266
56,143,0.775346
56,144,0.268653
56,145,0.318569
56,146,0.43843
56,147,0.482032
56,148,0.74656
56,149,0.841281
56,150,0.685495
56,151,0.361832
56,152,0.0739648
56,153,0.271256
56,154,0.522744
56,155,0.201334
56,156,0.487793
56,157,0.318306
56,158,0.783957
56,159,0.108579
56,160,0.0718269
56,161,0.339824
56,162,0.254163
56,163,0.130321
56,164,0.740949
56,165,0.139702
56,166,0.266174
56,167,0.0718269
56,168,0.732377
56,169,0.465505
56,170,0.0718269
56,171,0.530072
56,172,0.715713
56,173,0.0697135
56,174,0.344137
56,175,0.0285694
56,176,0.357903
56,177,0
56,178,0.629434
56,179,0.230664
56,180,0
56,181,0.44113
56,182,0.719464
56,183,0
56,184,0
56,185,0.360967
56,186,0.194622
56,187,0.448364
56,188,0
56,189,0.108005
56,190,0.686369
56,191,0
56,192,0.585298
56,193,0.0780002
56,194,0.139959
56,195,0.463715
56,196,0.349506
56,197,0.53794
56,198,0.484764
56,199,0.219355
57,0,0.17054
57,1,0.467596
57,2,0.039817
57,3,0.0382241
57,4,0.619128
57,5,0.382847
57,6,0.18734
57,7,0.204306
57,8,0.51646
57,9,0.0606659
57,10,0.6691
57,11,0.603836
57,12,0.0465339
57,13,0.611981
57,14,0.703111
57,15,0.0465339
57,16,0.205904
57,17,0.133552
57,18,0.471346
57,19,0.244965
57,20,0.476065
57,21,0.392416
57,22,0.350074
57,23,0.289615
57,24,0.709785
57,25,0.72519
57,26,0.0500932
57,27,0.298668
57,28,0.50967
57,29,0.719792
57,30,0.761132
57,31,0.0537806
57,32,0.515619
57,33,0.0556709
57,34,0.145617
57,35,0.437762
57,36,0.58034
57,37,0.643119
57,38,0
57,39,0.400663
57,40,0
57,41,0
57,42,0.302272
57,43,0.0344777
57,44,0.738756
57,45,0.284268
57,46,0.114056
57,47,0.324857
57,48,0.744275
57,49,0.0872633
57,50,0.815655
57,51,0.512183
57,52,0.5955
57,53,0.525203
57,54,0.124498
57,55,0.601701
57,56,0.551983
57,57,0
57,58,0.426788
57,59,0.174083
57,60,0.335983
57,61,0.391808
57,62,0.168026
57,63,0.458341
57,64,0.124472
57,65,0.278865
57,66,0.828449
57,67,0.773212
57,68,0.101233
57,69,0.692061
57,70,0.923933
57,71,0.695347
57,72,0.904261
57,73,0.096514
57,74,0.194399
57,75,0.1104
57,76,0.0941765
57,77,0.667205
57,78,0.376122
57,79,0.4629
57,80,0.554048
57,81,0.383684
57,82,0.443239
57,83,0.180123
57,84,0.0895503
57,85,0.0872633
57,86,0.351151
57,87,0.673351
57,88,0.593831
57,89,0.759956
57,90,0.844351
57,91,0.923055
57,92,0.149449
57,93,0.0849951
57,94,0.380037
57,95,0.277104
57,96,0.300218
57,97,0.221199
57,98,0.0849951
57,99,0.402803
57,100,0.0849951
57,101,0.0849951
57,102,0.12438
57,103,0.853605
57,104,0.0827465
57,105,0.339608
57,106,0.0827465
57,107,0.0956989
57,108,0.0827465
57,109,0.409864
57,110,0.601378
57,111,0.644077
57,112,0.843384
57,113,0.0805183
57,114,0.866207
57,115,0.0805183
57,116,0.153817
57,117,0.257132
57,118,0.665696
57,119,0.803737
57,120,0.0809307
57,121,0.566137
57,122,0.783678
57,123,0.295018
57,124,0.637004
57,125,0.228352
57,126,0.629969
57,127,0.0783114
57,128,0.506598
57,129,0.765643
57,130,0.461717
57,131,0.508404
57,132,0.84754
57,133,0.653944
57,134,0.437555
57,135,0.0783114
57,136,0.0761266
57,137,0.498885
57,138,0.145171
57,139,0.188367
57,140,0.0761266
57,141,0.823756
57,142,0.0761266
57,143,0.0761266
57,144,0.0761266
57,145,0.855386
57,146,0.0761266
57,147,0.229342
57,148,0.191483
57,149,0.677048
57,150,0.115281
57,151,0.36125
57,152,0.332021
57,153,0.0739648
57,154,0.745887
57,155,0.0739648
57,156,0.303323
57,157,0.473033
57,158,0.14768
57,159,0.0739648
57,160,0.330185
57,161,0.701697
57,162,0.510246
57,163,0.278137
57,164,0.456053
57,165,0.0718269
57,166,0.356779
57,167,0.625537
57,168,0.654234
57,169,0.611529
57,170,0.0718269
57,171,0.751324
57,172,0.538403
57,173,0.0697135
57,174,0.692831
57,175,0.566519
57,176,0
57,177,0.733906
57,178,0
57,179,0.14462
57,180,0.531946
57,181,0.145707
57,182,0.627645
57,183,0
57,184,0.249452
57,185,0.487036
57,186,0.157891
57,187,0.674547
57,188,0.0842875
57,189,0.429789
57,190,0.708306
57,191,0.546802
57,192,0.263815
57,193,0.350882
57,194,0
57,195,0
57,196,0.525684
57,197,0.440636
57,198,0.604324
57,199,0.312248
58,0,0.226949
58,1,0.566713
58,2,0.107077
58,3,0.0336597
58,4,0.655299
58,5,0.0336597
58,6,0.556083
58,7,0.0382241
58,8,0.0414448
58,9,0.0414448
58,10,0.081645
58,11,0.0414448
58,12,0.0659854
58,13,0.0414448
58,14,0.0414448
58,15,0.538195
58,16,0.642194
58,17,0.320479
58,18,0.443871
58,19,0.0431072
58,20,0.0431072
58,21,0.381507
58,22,0.0431072
58,23,0.466423
58,24,0.0465339
58,25,0.0448038
58,26,0.549961
58,27,0.72585
58,28,0.594674
58,29,0.393605
58,30,0.275825
58,31,0.0482973
58,32,0.307678
58,33,0.710308
58,34,0.124739
58,35,0.286549
58,36,0.0465108
58,37,0.0110831
58,38,0.310812
58,39,0.346103
58,40,0.0262398
58,41,0.707668
58,42,0.389937
58,43,0.42792
58,44,0
58,45,0.623056
58,46,0.281068
58,47,0
58,48,0.290877
58,49,0.0653438
58,50,0.200415
58,51,0.584679
58,52,0.768263
58,53,0.255951
58,54,0.396231
58,55,0.0554549
58,56,0.496783
58,57,0.273177
58,58,0
58,59,0.102587
58,60,0.407746
58,61,0.966016
58,62,0.633409
58,63,0.67909
58,64,0.51622
58,65,0.587662
58,66,0.096514
58,67,0.096514
58,68,0.893614
58,69,0.309787
58,70,0.589776
58,71,0.466113
58,72,0.578964
58,73,0.524968
58,74,0.0918549
58,75,0.20554
58,76,0.679993
58,77,0.917062
58,78,0.665992
58,79,0.768318
58,80,0.378813
58,81,0.863715
58,82,0.109973
58,83,0.10621
58,84,0.734812
58,85,0.447611
58,86,0.57848
58,87,0.83856
58,88,0.0849951
58,89,0.871916
58,90,0.0849951
58,91,0.403148
58,92,0.843925
58,93,0.578942
58,94,0.0888799
58,95,0.371313
58,96,0.189696
58,97,0.162704
58,98,0.435813
58,99,0.10005
58,100,0.501948
58,101,0.0827465
58,102,0.600351
58,103,0.103483
58,104,0.605706
58,105,0.708139
58,106,0.345488
58,107,0.327769
58,108,0.674351
58,109,0.0805183
58,110,0.146797
58,111,0.103095
58,112,0.0805183
58,113,0.299095
58,114,0.259236
58,115,0.764601
58,116,0.809032
58,117,0.88542
58,118,0.667917
58,119,0.86594
58,120,0.829042
58,121,0.675527
58,122,0.333844
58,123,0.745452
58,124,0.326954
58,125,0.495208
58,126,0.182479
58,127,0.579162
58,128,0.722842
58,129,0.693979
58,130,0.754125
58,131,0.299703
58,132,0.825538
58,133,0.430163
58,134,0.486544
58,135,0.517027
58,136,0.21494
58,137,0.0739648
58,138,0.0739648
58,139,0.0739648
58,140,0.0739648
58,141,0.15327
58,142,0.163988
58,143,0.122987
58,144,0.546537
58,145,0.509789
58,146,0.0739648
58,147,0.449729
58,148,0.481989
58,149,0.738887
58,150,0.40567
58,151,0.407648
58,152,0.511031
58,153,0.83613
58,154,0.250481
58,155,0.0718269
58,156,0.426275
58,157,0.537869
58,158,0.619436
58,159,0.256471
58,160,0.331151
58,161,0.473638
58,162,0.656251
58,163,0.264817
58,164,0.0697135
58,165,0.250923
58,166,0.0697135
58,167,0.341696
58,168,0.27442
58,169,0.0697135
58,170,0.434823
58,171,0.447555
58,172,0.19035
58,173,0.709659
58,174,0.613765
58,175,0
58,176,0.268176
58,177,0.714308
58,178,0.356585
58,179,0
58,180,0.581816
58,181,0
58,182,0.415819
58,183,0.222231
58,184,0
58,185,0
58,186,0.278755
58,187,0.406268
58,188,0.457156
58,189,0.0300205
58,190,0
58,191,0
58,192,0.643538
58,193,0.590697
58,194,0.332882
58,195,0
58,196,0
58,197,0.354594
58,198,0.271229
58,199,0.390105
59,0,0.479022
59,1,0.0307437
59,2,0.0321576
59,3,0.0307437
59,4,0.612527
59,5,0.0307437
59,6,0.0307437
59,7,0.107261
59,8,0.660616
59,9,0.267161
59,10,0.218793
59,11,0.465842
59,12,0.381099
59,13,0.0381773
59,14,0.0381773
59,15,0.459683
59,16,0.0397716
59,17,0.429142
59,18,0.10216
59,19,0.565812
59,20,0.69341
59,21,0.131145
59,22,0.0397716
59,23,0.56552
59,24,0.0430646
59,25,0.294706
59,26,0.597156
59,27,0.175453
59,28,0.0430646
59,29,0.112743
59,30,0.046494
59,31,0.563434
59,32,0.216468
59,33,0.0296792
59,34,0.567284
59,35,0.16498
59,36,0.0791203
59,37,0.578919
59,38,0.600323
59,39,0.0773117
59,40,0.171692
59,41,0.147378
59,42,0
59,43,0
59,44,0.31799
59,45,0.104381
59,46,0.68873
59,47,0.560716
59,48,0
59,49,0.144239
59,50,0.460601
59,51,0
59,52,0.61039
59,53,0.530556
59,54,0.813762
59,55,0.841729
59,56,0.168205
59,57,0.779767
59,58,0.415062
59,59,0
59,60,0.412147
59,61,0.22426
59,62,0.517616
59,63,0.243266
59,64,0.699901
59,65,0.806621
59,66,0.0964962
59,67,0.116508
59,68,0.160304
59,69,0.914759
59,70,0.0964962
59,71,0.479573
59,72,0.345035
59,73,0.363014
59,74,0.59355
59,75,0.461224
59,76,0.917911
59,77,0.928957
59,78,0.346373
59,79,0.656083
59,80,0.0895305
59,81,0.640921
59,82,0.275921
59,83,0.0895305
59,84,0.372605
59,85,0.906648
59,86,0.0872429
59,87,0.345823
59,88,0.141048
59,89,0.834775
59,90,0.784734
59,91,0.555555
59,92,0.0827246
59,93,0.301362
59,94,0.802281
59,95,0.770953
59,96,0.127899
59,97,0.894791
59,98,0.909748
59,99,0.301753
59,100,0.835833
59,101,0.909826
59,102,0.812344
59,103,0.200242
59,104,0.293742
59,105,0.431528
59,106,0.694793
59,107,0.250565
59,108,0.40651
59,109,0.0871908
59,110,0.0804956
59,111,0.463815
59,112,0.782745
59,113,0.269357
59,114,0.596331
59,115,0.19992
59,116,0.235252
59,117,0.659777
59,118,0.60742
59,119,0.437199
59,120,0.563199
59,121,0.453053
59,122,0.0782879
59,123,0.695728
59,124,0.82384
59,125,0.0782879
59,126,0.529308
59,127,0.0761023
59,128,0.882769
59,129,0.511684
59,130,0.384769
59,131,0.790455
59,132,0.493363
59,133,0.269741
59,134,0.0761023
59,135,0.86985
59,136,0.774838
59,137,0.83938
59,138,0.193984
59,139,0.264119
59,140,0.0739397
59,141,0.230248
59,142,0.810692
59,143,0.874845
59,144,0.590765
59,145,0.49055
59,146,0.168355
59,147,0.0739397
59,148,0.234061
59,149,0.859509
59,150,0.441318
59,151,0.0718009
59,152,0.406167
59,153,0.589353
59,154,0.680962
59,155,0.321932
59,156,0.607414
59,157,0.312195
59,158,0.437464
59,159,0.594553
59,160,0.0696866
59,161,0.0696866
59,162,0.482064
59,163,0.518669
59,164,0.294174
59,165,0.658226
59,166,0.491217
59,167,0.180887
59,168,0.609481
59,169,0.799521
59,170,0.560082
59,171,0.733899
59,172,0.137625
59,173,0.478629
59,174,0.649002
59,175,0.774193
59,176,0.0149814
59,177,0
59,178,0
59,179,0.374744
59,180,0
59,181,0.376664
59,182,0.392075
59,183,0.4486
59,184,0.0866597
59,185,0.191235
59,186,0
59,187,0
59,188,0.63234
59,189,0.457548
59,190,0.544002
59,191,0.689498
59,192,0.513834
59,193,0.163063
59,194,0.345163
59,195,0
59,196,0
59,197,0
59,198,0.257151
59,199,0.699026
60,0,0.0718998
60,1,0.0280274
60,2,0.457055
60,3,0.0743885
60,4,0.469877
60,5,0.319126
60,6,0.0660554
60,7,0.0321576
60,8,0.480844
60,9,0.112592
60,10,0.311667
60,11,0.617223
60,12,0.0350952
60,13,0.0350952
60,14,0.289197
60,15,0.0350952
60,16,0.345377
60,17,0.412907
60,18,0.0743557
60,19,0.20472
60,20,0.101495
60,21,0.0381773
60,22,0.124399
60,23,0.0366184
60,24,0.247532
60,25,0.0381773
60,26,0.0381773
60,27,0.43644
60,28,0.0397716
60,29,0.517159
60,30,0.375008
60,31,0.0595689
60,32,0
60,33,0.185909
60,34,0.488349
60,35,0.545474
60,36,0
60,37,0
60,38,0.59642
60,39,0.677725
60,40,0.363813
60,41,0.251381
60,42,0.654312
60,43,0.435707
60,44,0.503921
60,45,0.273609
60,46,0
60,47,0.2273
60,48,0.0604544
60,49,0.242437
60,50,0.760789
60,51,0.50568
60,52,0.442793
60,53,0.264579
60,54,0.72049
60,55,0.0428386
60,56,0.325239
60,57,0.101115
60,58,0.832809
60,59,0.599495
60,60,0
60,61,0.985312
60,62,0.538036
60,63,0.969181
60,64,0.101204
60,65,0.0964962
60,66,0.740605
60,67,0.807409
60,68,0.152799
60,69,0.93045
60,70,0.677871
60,71,0.103978
60,72,0.57183
60,73,0.192104
60,74,0.0918359
60,75,0.24308
60,76,0.952478
60,77,0.541161
60,78,0.260387
60,79,0.379152
60,80,0.811647
60,81,0.675674
60,82,0.342786
60,83,0.500408
60,84,0.263267
60,85,0.731174
60,86,0.339204
60,87,0.397123
60,88,0.146494
60,89,0.499644
60,90,0.275335
60,91,0.775461
60,92,0.494524
60,93,0.816087
60,94,0.75087
60,95,0.496471
60,96,0.841138
60,97,0.511355
60,98,0.328551
60,99,0.0827246
60,100,0.470482
60,101,0.0827246
60,102,0.147244
60,103,0.0804956
60,104,0.252072
60,105,0.191947
60,106,0.342851
60,107,0.24583
60,108,0.781471
60,109,0.651602
60,110,0.674924
60,111,0.642264
60,112,0.384236
60,113,0.0782879
60,114,0.191817
60,115,0.694418
60,116,0.851978
60,117,0.577937
60,118,0.155534
60,119,0.0782879
60,120,0.14853
60,121,0.494084
60,122,0.901141
60,123,0.714782
60,124,0.3819
60,125,0.723738
60,126,0.276203
60,127,0.284784
60,128,0.299258
60,129,0.679685
60,130,0.368811
60,131,0.843895
60,132,0.790515
60,133,0.590985
60,134,0.0761023
60,135,0.127619
60,136,0.85881
60,137,0.409328
60,138,0.449328
60,139,0.72534
60,140,0.145988
60,141,0.20854
60,142,0.452649
60,143,0.615269
60,144,0.36121
60,145,0.730281
60,146,0.405547
60,147,0.306605
60,148,0.394245
60,149,0.647109
60,150,0.45754
60,151,0.63865
60,152,0.237067
60,153,0.454555
60,154,0.45007
60,155,0.713161
60,156,0.272487
60,157,0.830448
60,158,0.104564
60,159,0.678363
60,160,0.608691
60,161,0.572707
60,162,0.621591
60,163,0.506598
60,164,0.271085
60,165,0.719583
60,166,0.739165
60,167,0.243997
60,168,0.243013
60,169,0.30504
60,170,0.0866399
60,171,0.506304
60,172,0.623692
60,173,0.6494
60,174,0.164087
60,175,0.0329323
60,176,0.42771
60,177,0.685261
60,178,0.460052
60,179,0
60,180,0.460275
60,181,0.0454967
60,182,0.717178
60,183,0
60,184,0.622927
60,185,0.28768
60,186,0.662047
60,187,0.0240822
60,188,0.24924
60,189,0
60,190,0
60,191,0
60,192,0.609604
60,193,0.594322
60,194,0.642875
60,195,0.019863
60,196,0.447371
60,197,0.515509
60,198,0.397329
60,199,0
61,0,0.0806564
61,1,0.498676
61,2,0.355141
61,3,0.611259
61,4,0.304618
61,5,0.0267855
61,6,0.0267855
61,7,0.0307985
61,8,0.652104
61,9,0.561836
61,10,0.137459
61,11,0.334829
61,12,0.0336597
61,13,0.0771278
61,14,0.385965
61,15,0.0336597
61,16,0.596749
61,17,0.282479
61,18,0.0351451
61,19,0.0748721
61,20,0.413054
61,21,0.0366667
61,22,0.304188
61,23,0.250518
61,24,0.0382241
61,25,0.180203
61,26,0.504864
61,27,0.521123
61,28,0.0382241
61,29,0.145095
61,30,0.592021
61,31,0.145699
61,32,0.0236976
61,33,0.310033
61,34,0.120198
61,35,0.665986
61,36,0.405718
61,37,0.348925
61,38,0
61,39,0.419445
61,40,0.261191
61,41,0.487753
61,42,0.110549
61,43,0.462325
61,44,0
61,45,0
61,46,0.494348
61,47,0
61,48,0.502174
61,49,0
61,50,0.321722
61,51,0.269081
61,52,0.175992
61,53,0
61,54,0
61,55,0.374686
61,56,0.544815
61,57,0.780654
61,58,0.261747
61,59,0.861291
61,60,0.30842
61,61,0
61,62,0.213612
61,63,0.347574
61,64,0.642301
61,65,0.817483
61,66,0.764174
61,67,0.612927
61,68,0.528139
61,69,0.404705
61,70,0.896626
61,71,0.220952
61,72,0.956057
61,73,0.66013
61,74,0.602836
61,75,0.667525
61,76,0.833089
61,77,0.703566
61,78,0.393763
61,79,0.934203
61,80,0.430421
61,81,0.39231
61,82,0.453177
61,83,0.897935
61,84,0.729175
61,85,0.587508
61,86,0.935751
61,87,0.211675
61,88,0.23923
61,89,0.792442
61,90,0.534835
61,91,0.144996
61,92,0.123105
61,93,0.749437
61,94,0.49524
61,95,0.771343
61,96,0.584463
61,97,0.274481
61,98,0.404139
61,99,0.12372
61,100,0.703028
61,101,0.326196
61,102,0.373252
61,103,0.676021
61,104,0.0827465
61,105,0.0827465
61,106,0.374428
61,107,0.874346
61,108,0.746418
61,109,0.811765
61,110,0.853693
61,111,0.221195
61,112,0.256251
61,113,0.343594
61,114,0.163486
61,115,0.0805183
61,116,0.0805183
61,117,0.141351
61,118,0.298435
61,119,0.285562
61,120,0.0805183
61,121,0.891712
61,122,0.489779
61,123,0.19005
61,124,0.708116
61,125,0.0805183
61,126,0.0783114
61,127,0.349543
61,128,0.385848
61,129,0.495867
61,130,0.542656
61,131,0.15827
61,132,0.891457
61,133,0.0783114
61,134,0.0783114
61,135,0.0783114
61,136,0.0761266
61,137,0.357686
61,138,0.0761266
61,139,0.883191
61,140,0.249761
61,141,0.855218
61,142,0.184683
61,143,0.586309
61,144,0.28751
61,145,0.429235
61,146,0.704978
61,147,0.364087
61,148,0.651855
61,149,0.0846827
61,150,0.73414
61,151,0.742978
61,152,0.0739648
61,153,0.315062
61,154,0.0739648
61,155,0.865116
61,156,0.45651
61,157,0.145958
61,158,0.316568
61,159,0.0739648
61,160,0.735643
61,161,0.0718269
61,162,0.197128
61,163,0.729783
61,164,0.0718269
61,165,0.211961
61,166,0.806552
61,167,0.208452
61,168,0.679061
61,169,0.840397
61,170,0.204259
61,171,0.0718269
61,172,0.801006
61,173,0.494332
61,174,0.663424
61,175,0.129743
61,176,0
61,177,0.479342
61,178,0.609658
61,179,0.739893
61,180,0.687269
61,181,0.467042
61,182,0.606878
61,183,0
61,184,0
61,185,0.747573
61,186,0
61,187,0.480826
61,188,0.0199835
61,189,0.305155
61,190,0.551543
61,191,0
61,192,0.393513
61,193,0
61,194,0.754494
61,195,0.570631
61,196,0.223996
61,197,0.689871
61,198,0
61,199,0.0376026
62,0,0.749648
62,1,0.11054
62,2,0.0817325
62,3,0.477279
62,4,0.0255231
62,5,0.0242987
62,6,0.0242987
62,7,0.0280857
62,8,0.0307985
62,9,0.0307985
62,10,0.0307985
62,11,0.573333
62,12,0.354715
62,13,0.0307985
62,14,0.0307985
62,15,0.479309
62,16,0.0322107
62,17,0.0322107
62,18,0.191886
62,19,0.0322107
62,20,0.303697
62,21,0.0336597
62,22,0.0799805
62,23,0.0322107
62,24,0.0903778
62,25,0.0647443
62,26,0.0336597
62,27,0.550073
62,28,0
62,29,0
62,30,0
62,31,0
62,32,0.371677
62,33,0.280275
62,34,0
62,35,0.496863
62,36,0.608819
62,37,0
62,38,0
62,39,0.646545
62,40,0
62,41,0.0760942
62,42,0.586187
62,43,0.682414
62,44,0.162554
62,45,0.611594
62,46,0.558473
62,47,0.272336
62,48,0
62,49,0.138419
62,50,0.602947
62,51,0.440664
62,52,0.483803
62,53,0.0618575
62,54,0.757
62,55,0
62,56,0.50802
62,57,0.809748
62,58,0.832434
62,59,0.846386
62,60,0.135721
62,61,0.0789136
62,62,0
62,63,0.168227
62,64,0.848398
62,65,0.683529
62,66,0.233981
62,67,0.642648
62,68,0.610274
62,69,0.49036
62,70,0.744715
62,71,0.543359
62,72,0.774302
62,73,0.110206
62,74,0.41458
62,75,0.754207
62,76,0.555949
62,77,0.304003
62,78,0.559644
62,79,0.0918549
62,80,0.316557
62,81,0.902432
62,82,0.8746
62,83,0.0918549
62,84,0.564107
62,85,0.0935438
62,86,0.88055
62,87,0.638383
62,88,0.726145
62,89,0.839933
62,90,0.594463
62,91,0.680939
62,92,0.0849951
62,93,0.688691
62,94,0.85097
62,95,0.864763
62,96,0.386164
62,97,0.0961441
62,98,0.52333
62,99,0.0849951
62,100,0.606396
62,101,0.289553
62,102,0.571625
62,103,0.393683
62,104,0.414291
62,105,0.0827465
62,106,0.174856
62,107,0.0827465
62,108,0.349119
62,109,0.774154
62,110,0.102111
62,111,0.706127
62,112,0.724873
62,113,0.0805183
62,114,0.718296
62,115,0.327194
62,116,0.155969
62,117,0.63706
62,118,0.0805183
62,119,0.0805183
62,120,0.539295
62,121,0.669917
62,122,0.672931
62,123,0.615502
62,124,0.421706
62,125,0.586998
62,126,0.536559
62,127,0.860954
62,128,0.738637
62,129,0.126196
62,130,0.0783114
62,131,0.410548
62,132,0.481265
62,133,0.568011
62,134,0.878246
62,135,0.0783114
62,136,0.640726
62,137,0.120355
62,138,0.0761266
62,139,0.0761266
62,140,0.0761266
62,141,0.219827
62,142,0.84888
62,143,0.77229
62,144,0.31422
62,145,0.644407
62,146,0.186788
62,147,0.555054
62,148,0.358897
62,149,0.285131
62,150,0.572375
62,151,0.0739648
62,152,0.0739648
62,153,0.332622
62,154,0.68911
62,155,0.549728
62,156,0.0739648
62,157,0.321339
62,158,0.508795
62,159,0.842028
62,160,0.53752
62,161,0.52965
62,162,0.343353
62,163,0.117691
62,164,0.196566
62,165,0.320505
62,166,0.186142
62,167,0.0718269
62,168,0.546502
62,169,0.336268
62,170,0.118097
62,171,0.626328
62,172,0.657702
62,173,0.0697135
62,174,0.430512
62,175,0.0094046
62,176,0.750473
62,177,0.724495
62,178,0.676539
62,179,0.228885
62,180,0.129141
62,181,0.368429
62,182,0.334692
62,183,0.291804
62,184,0
62,185,0.13581
62,186,0
62,187,0
62,188,0.57989
62,189,0.587518
62,190,0
62,191,0.24828
62,192,0.248038
62,193,0.380069
62,194,0.496841
62,195,0.575473
62,196,0
62,197,0
62,198,0.643515
62,199,0.503053
63,0,0.374399
63,1,0.0218962
63,2,0.115764
63,3,0.0218962
63,4,0.0230464
63,5,0.0218962
63,6,0.151169
63,7,0.0254611
63,8,0.0280274
63,9,0.0571368
63,10,0.380294
63,11,0.0497147
63,12,0.0280274
63,13,0.0280274
63,14,0.559901
63,15,0.0280274
63,16,0.292578
63,17,0.0293669
63,18,0.0293669
63,19,0.0948548
63,20,0.557666
63,21,0.0307437
63,22,0.569141
63,23,0.0293669
63,24,0.588272
63,25,0.292381
63,26,0
63,27,0.645913
63,28,0.337894
63,29,0
63,30,0.383655
63,31,0
63,32,0
63,33,0
63,34,0.161884
63,35,0.188667
63,36,0.0158468
63,37,0
63,38,0.489339
63,39,0.10114
63,40,0.123362
63,41,0.242451
63,42,0.526688
63,43,0.155151
63,44,0.533281
63,45,0.447671
63,46,0.205319
63,47,0.23046
63,48,0.592802
63,49,0.449308
63,50,0.705801
63,51,0.525317
63,52,0
63,53,0.663873
63,54,0
63,55,0.781896
63,56,0.347994
63,57,0.180975
63,58,0.818385
63,59,0.0871367
63,60,0.300857
63,61,0.592396
63,62,0.325734
63,63,0
63,64,0.522567
63,65,0.82723
63,66,0.828762
63,67,0.0988371
63,68,0.174213
63,69,0.841589
63,70,0.824924
63,71,0.574326
63,72,0.280851
63,73,0.369586
63,74,0.398901
63,75,0.713008
63,76,0.198918
63,77,0.137388
63,78,0.179289
63,79,0.673705
63,80,0.0918359
63,81,0.848136
63,82,0.608328
63,83,0.739877
63,84,0.851847
63,85,0.445225
63,86,0.864084
63,87,0.777354
63,88,0.934495
63,89,0.155728
63,90,0.692031
63,91,0.0993007
63,92,0.510187
63,93,0.314072
63,94,0.439522
63,95,0.0849739
63,96,0.15177
63,97,0.275069
63,98,0.0849739
63,99,0.328405
63,100,0.131817
63,101,0.911099
63,102,0.922646
63,103,0.420865
63,104,0.290434
63,105,0.336053
63,106,0.156127
63,107,0.517192
63,108,0.508407
63,109,0.370383
63,110,0.227462
63,111,0.529127
63,112,0.262137
63,113,0.863849
63,114,0.304756
63,115,0.147484
63,116,0.357332
63,117,0.20234
63,118,0.0804956
63,119,0.341728
63,120,0.415766
63,121,0.717453
63,122,0.491713
63,123,0.0804956
63,124,0.0900054
63,125,0.0804956
63,126,0.0782879
63,127,0.290193
63,128,0.315612
63,129,0.20148
63,130,0.679497
63,131,0.508327
63,132,0.173478
63,133,0.66382
63,134,0.0782879
63,135,0.535754
63,136,0.0761023
63,137,0.217348
63,138,0.11555
63,139,0.642749
63,140,0.659597
63,141,0.414103
63,142,0.243729
63,143,0.0761023
63,144,0.358272
63,145,0.621112
63,146,0.223816
63,147,0.79591
63,148,0.0739397
63,149,0.27215
63,150,0.213673
63,151,0.394788
63,152,0.0739397
63,153,0.788144
63,154,0.462749
63,155,0.243452
63,156,0.858944
63,157,0.624278
63,158,0.627235
63,159,0.268146
63,160,0.0718009
63,161,0.392922
63,162,0.862664
63,163,0.179017
63,164,0.151111
63,165,0.0718009
63,166,0.806695
63,167,0.31475
63,168,0.274162
63,169,0.0718009
63,170,0.0718009
63,171,0.0718009
63,172,0.537012
63,173,0.402655
63,174,0.0590854
63,175,0
63,176,0.0567798
63,177,0.3856
63,178,0
63,179,0.0681207
63,180,0.772826
63,181,0.160539
63,182,0.578755
63,183,0
63,184,0.0586272
63,185,0.149003
63,186,0.314426
63,187,0.0334139
63,188,0
63,189,0.0599489
63,190,0.419848
63,191,0
63,192,0.579337
63,193,0.408977
63,194,0.234687
63,195,0
63,196,0.485269
63,197,0.162025
63,198,0.292306
63,199,0
64,0,0.422188
64,1,0.318423
64,2,0.0207843
64,3,0.0197106
64,4,0.0207843
64,5,0.156412
64,6,0.0197106
64,7,0.133778
64,8,0.0254611
64,9,0.0254611
64,10,0.419384
64,11,0.0254611
64,12,0.393237
64,13,0.209792
64,14,0.0254611
64,15,0.0254611
64,16,0.579907
64,17,0.457346
64,18,0.0267254
64,19,0.0267254
64,20,0.0267254
64,21,0.566285
64,22,0.0267254
64,23,0.535724
64,24,0.199336
64,25,0.296303
64,26,0.615253
64,27,0
64,28,0
64,29,0.139146
64,30,0.0279992
64,31,0.239881
64,32,0
64,33,0.311008
64,34,0.45892
64,35,0.113891
64,36,0
64,37,0
64,38,0.630109
64,39,0.00767351
64,40,0.219156
64,41,0.43284
64,42,0.138794
64,43,0.0124036
64,44,0.013632
64,45,0.430599
64,46,0.0634134
64,47,0.00722729
64,48,0.298704
64,49,0.395553
64,50,0.0879716
64,51,0.423619
64,52,0.354456
64,53,0.327742
64,54,0.373212
64,55,0
64,56,0.0272684
64,57,0.394167
64,58,0.264249
64,59,0.131571
64,60,0
64,61,0.696873
64,62,0.773719
64,63,0.202291
64,64,0
64,65,0.393365
64,66,0.605396
64,67,0.664964
64,68,0.59744
64,69,0.754593
64,70,0.621315
64,71,0.918565
64,72,0.304147
64,73,0.371336
64,74,0.3703
64,75,0.609523
64,76,0.696112
64,77,0.107
64,78,0.950749
64,79,0.0918359
64,80,0.67797
64,81,0.58428
64,82,0.300632
64,83,0.349552
64,84,0.152092
64,85,0.821153
64,86,0.910692
64,87,0.265704
64,88,0.0872429
64,89,0.436646
64,90,0.647813
64,91,0.241464
64,92,0.46732
64,93,0.395196
64,94,0.0849739
64,95,0.693482
64,96,0.802122
64,97,0.662275
64,98,0.370003
64,99,0.402042
64,100,0.432026
64,101,0.0849739
64,102,0.340522
64,103,0.744371
64,104,0.389156
64,105,0.725328
64,106,0.376148
64,107,0.113108
64,108,0.867294
64,109,0.361863
64,110,0.114971
64,111,0.581015
64,112,0.0827246
64,113,0.443661
64,114,0.0827246
64,115,0.175354
64,116,0.313073
64,117,0.910511
64,118,0.491741
64,119,0.37346
64,120,0.404855
64,121,0.189456
64,122,0.665608
64,123,0.0804956
64,124,0.643132
64,125,0.772908
64,126,0.675752
64,127,0.493672
64,128,0.48601
64,129,0.107432
64,130,0.0782879
64,131,0.0782879
64,132,0.176401
64,133,0.358811
64,134,0.792731
64,135,0.6374
64,136,0.146742
64,137,0.231483
64,138,0.813112
64,139,0.0859018
64,140,0.665212
64,141,0.0761023
64,142,0.73877
64,143,0.726826
64,144,0.523156
64,145,0.777716
64,146,0.0761023
64,147,0.0761023
64,148,0.76104
64,149,0.549479
64,150,0.36603
64,151,0.248653
64,152,0.821693
64,153,0.114395
64,154,0.262835
64,155,0.545911
64,156,0.0739397
64,157,0.0739397
64,158,0.133173
64,159,0.547988
64,160,0.22258
64,161,0.175975
64,162,0.613113
64,163,0.493349
64,164,0.629155
64,165,0.500213
64,166,0.222674
64,167,0.0718009
64,168,0.832859
64,169,0.139393
64,170,0.0718009
64,171,0.60244
64,172,0.235623
64,173,0.0696866
64,174,0.356636
64,175,0
64,176,0.713887
64,177,0.44426
64,178,0
64,179,0.590003
64,180,0.108815
64,181,0.297014
64,182,0
64,183,0.0463533
64,184,0.521354
64,185,0.324836
64,186,0.702206
64,187,0.605584
64,188,0.472859
64,189,0
64,190,0.271859
64,191,0
64,192,0.256107
64,193,0.0114382
64,194,0.441719
64,195,0.0117271
64,196,0.632293
64,197,0
64,198,0.00942955
64,199,0.591618
65,0,0.166529
65,1,0.0370583
65,2,0.157899
65,3,0.259563
65,4,0.0828081
65,5,0.0197828
65,6,0.260483
65,7,0.0231123
65,8,0.382194
65,9,0.299152
65,10,0.0255231
65,11,0.0255231
65,12,0.0255231
65,13,0.0255231
65,14,0.0255231
65,15,0.544801
65,16,0.528261
65,17,0.0267855
65,18,0.373098
65,19,0.218663
65,20,0.0623314
65,21,0.0280857
65,22,0.262035
65,23,0.535912
65,24,0.101764
65,25,0.0280857
65,26,0
65,27,0.0307985
65,28,0
65,29,0.0105748
65,30,0
65,31,0.227473
65,32,0.455879
65,33,0.335709
65,34,0
65,35,0
65,36,0.448412
65,37,0.538127
65,38,0.326638
65,39,0.225805
65,40,0.222823
65,41,0.531152
65,42,0.318791
65,43,0.43433
65,44,0
65,45,0.64954
65,46,0.366633
65,47,0
65,48,0
65,49,0.151906
65,50,0.450212
65,51,0.412923
65,52,0.416087
65,53,0.116551
65,54,0.367196
65,55,0
65,56,0.44981
65,57,0.547839
65,58,0.288339
65,59,0.808499
65,60,0
65,61,0.482053
65,62,0.448094
65,63,0.835986
65,64,0.21811
65,65,0
65,66,0.726907
65,67,0.139861
65,68,0.107657
65,69,0.607218
65,70,0.801159
65,71,0.580988
65,72,0.167662
65,73,0.656871
65,74,0.220171
65,75,0.903094
65,76,0.865194
65,77,0.191891
65,78,0.556387
65,79,0.096514
65,80,0.433206
65,81,0.956127
65,82,0.67903
65,83,0.104182
65,84,0.596305
65,85,0.0918549
65,86,0.670537
65,87,0.69088
65,88,0.623119
65,89,0.362307
65,90,0.10962
65,91,0.546254
65,92,0.436586
65,93,0.654992
65,94,0.0895503
65,95,0.306696
65,96,0.891314
65,97,0.769249
65,98,0.450598
65,99,0.919614
65,100,0.382853
65,101,0.259677
65,102,0.511702
65,103,0.549868
65,104,0.917469
65,105,0.737562
65,106,0.466413
65,107,0.801675
65,108,0.0872633
65,109,0.0872633
65,110,0.800985
65,111,0.415755
65,112,0.0872633
65,113,0.499243
65,114,0.546878
65,115,0.66086
65,116,0.538031
65,117,0.242083
65,118,0.393634
65,119,0.202262
65,120,0.653307
65,121,0.544366
65,122,0.79041
65,123,0.139592
65,124,0.249057
65,125,0.880106
65,126,0.489096
65,127,0.179983
65,128,0.691376
65,129,0.0827465
65,130,0.151714
65,131,0.126346
65,132,0.304385
65,133,0.716312
65,134,0.736872
65,135,0.284929
65,136,0.50768
65,137,0.25709
65,138,0.140409
65,139,0.526387
65,140,0.369144
65,141,0.0805183
65,142,0.0805183
65,143,0.472116
65,144,0.574533
65,145,0.615966
65,146,0.206974
65,147,0.184122
65,148,0.0783114
65,149,0.664638
65,150,0.453634
65,151,0.649395
65,152,0.283014
65,153,0.318054
65,154,0.863766
65,155,0.604409
65,156,0.270497
65,157,0.435288
65,158,0.869259
65,159,0.0783114
65,160,0.504525
65,161,0.0983998
65,162,0.250513
65,163,0.0761266
65,164,0.0761266
65,165,0.0761266
65,166,0.262687
65,167,0.50051
65,168,0.422593
65,169,0.498012
65,170,0.122574
65,171,0.0761266
65,172,0.590047
65,173,0.21612
65,174,0.373884
65,175,0.184622
65,176,0
65,177,0.674865
65,178,0.467636
65,179,0
65,180,0.445924
65,181,0.0276906
65,182,0.637212
65,183,0
65,184,0.44703
65,185,0.599818
65,186,0.541819
65,187,0
65,188,0.144738
65,189,0.520711
65,190,0
65,191,0.767115
65,192,0.736963
65,193,0.349453
65,194,0.779524
65,195,0.755173
65,196,0.534505
65,197,0.154232
65,198,0.367704
65,199,0.0749511
66,0,0.753882
66,1,0.429988
66,2,0.0187498
66,3,0.312493
66,4,0.0187498
66,5,0.480418
66,6,0.0177551
66,7,0.0208543
66,8,0.367787
66,9,0.38651
66,10,0.0231123
66,11,0.0231123
66,12,0.0231123
66,13,0.0231123
66,14,0.0652282
66,15,0.279649
66,16,0.592723
66,17,0.0242987
66,18,0.322285
66,19,0.0242987
66,20,0.563027
66,21,0.520633
66,22,0.0242987
66,23,0.51318
66,24,0.0885039
66,25,0
66,26,0.485639
66,27,0
66,28,0.312221
66,29,0.0799299
66,30,0.145888
66,31,0.31184
66,32,0
66,33,0.454104
66,34,0.0265358
66,35,0.104103
66,36,0.335096
66,37,0.132128
66,38,0.339437
66,39,0.10647
66,40,0
66,41,0
66,42,0.526308
66,43,0
66,44,0
66,45,0
66,46,0.622057
66,47,0
66,48,0.226187
66,49,0.364983
66,50,0.203852
66,51,0.189252
66,52,0.292218
66,53,0.551755
66,54,0.129379
66,55,0.741965
66,56,0
66,57,0.0354792
66,58,0.0561155
66,59,0.641559
66,60,0.553256
66,61,0.624097
66,62,0.374576
66,63,0.851265
66,64,0.493259
66,65,0.809956
66,66,0
66,67,0.393535
66,68,0.226138
66,69,0.318555
66,70,0.1036
66,71,0.667661
66,72,0.582543
66,73,0.101233
66,74,0.527917
66,75,0.844335
66,76,0.252687
66,77,0.833715
66,78,0.768535
66,79,0.388002
66,80,0.357442
66,81,0.398577
66,82,0.866431
66,83,0.821926
66,84,0.933395
66,85,0.640645
66,86,0.169455
66,87,0.920679
66,88,0.734848
66,89,0.369228
66,90,0.128134
66,91,0.509786
66,92,0.0895503
66,93,0.837283
66,94,0.0895503
66,95,0.0895503
66,96,0.367862
66,97,0.786149
66,98,0.3734
66,99,0.589279
66,100,0.11143
66,101,0.464699
66,102,0.26804
66,103,0.693327
66,104,0.555479
66,105,0.801646
66,106,0.551113
66,107,0.827178
66,108,0.661517
66,109,0.345804
66,110,0.242921
66,111,0.0872633
66,112,0.779186
66,113,0.12858
66,114,0.894766
66,115,0.737249
66,116,0.808695
66,117,0.0888887
66,118,0.699823
66,119,0.584655
66,120,0.507033
66,121,0.869069
66,122,0.136336
66,123,0.58907
66,124,0.756051
66,125,0.137694
66,126,0.604612
66,127,0.163524
66,128,0.0827465
66,129,0.0827465
66,130,0.804921
66,131,0.129411
66,132,0.547723
66,133,0.125857
66,134,0.883396
66,135,0.166277
66,136,0.0805183
66,137,0.488315
66,138,0.0805183
66,139,0.705924
66,140,0.897217
66,141,0.352506
66,142,0.814909
66,143,0.739489
66,144,0.552659
66,145,0.773535
66,146,0.550736
66,147,0.432912
66,148,0.0783114
66,149,0.314587
66,150,0.0848174
66,151,0.507497
66,152,0.257666
66,153,0.295163
66,154,0.171346
66,155,0.0860538
66,156,0.505194
66,157,0.858383
66,158,0.334446
66,159,0.555925
66,160,0.0761266
66,161,0.216793
66,162,0.762762
66,163,0.599307
66,164,0.428297
66,165,0.731805
66,166,0.848786
66,167,0.502077
66,168,0.312591
66,169,0.0761266
66,170,0.303678
66,171,0.305486
66,172,0.431787
66,173,0.206905
66,174,0.0593281
66,175,0.00448846
66,176,0.000482944
66,177,0.704071
66,178,0.536292
66,179,0.0333566
66,180,0.125078
66,181,0.727529
66,182,0.648043
66,183,0.489934
66,184,0.123977
66,185,0
66,186,0.677271
66,187,0.736359
66,188,0
66,189,0.121349
66,190,0.401916
66,191,0
66,192,0.455994
66,193,0.28253
66,194,0.687194
66,195,0.00214281
66,196,0.126356
66,197,0.648002
66,198,0.616241
66,199,0.5568
67,0,0.755581
67,1,0.0158812
67,2,0.016799
67,3,0.135065
67,4,0.193977
67,5,0.0598907
67,6,0.344394
67,7,0.401909
67,8,0.0208543
67,9,0.0961166
67,10,0.0208543
67,11,0.307188
67,12,0.0305709
67,13,0.500962
67,14,0.0208543
67,15,0.365777
67,16,0.0219641
67,17,0.0219641
67,18,0.319588
67,19,0.0219641
67,20,0.238402
67,21,0.0231123
67,22,0.0219641
67,23,0
67,24,0.438594
67,25,0
67,26,0.126366
67,27,0
67,28,0
67,29,0
67,30,0.569044
67,31,0
67,32,0.242302
67,33,0
67,34,0.228352
67,35,0
67,36,0.243425
67,37,0
67,38,0
67,39,0.613583
67,40,0.479384
67,41,0
67,42,0.341615
67,43,0
67,44,0.590078
67,45,0
67,46,0
67,47,0.655214
67,48,0.0694451
67,49,0.443302
67,50,0
67,51,0
67,52,0
67,53,0.144483
67,54,0.0562345
67,55,0.6543
67,56,0.394672
67,57,0.610558
67,58,0
67,59,0.531305
67,60,0.025247
67,61,0.806214
67,62,0.646928
67,63,0.685049
67,64,0.0705202
67,65,0.296914
67,66,0.876302
67,67,0
67,68,0.739539
67,69,0.683444
67,70,0.96954
67,71,0.71696
67,72,0.525825
67,73,0.101233
67,74,0.403883
67,75,0.781584
67,76,0.948613
67,77,0.483796
67,78,0.793484
67,79,0.905552
67,80,0.864633
67,81,0.516644
67,82,0.096514
67,83,0.869848
67,84,0.570833
67,85,0.381113
67,86,0.160751
67,87,0.436805
67,88,0.0918549
67,89,0.0895503
67,90,0.474121
67,91,0.670694
67,92,0.107794
67,93,0.446142
67,94,0.404431
67,95,0.86715
67,96,0.572542
67,97,0.742611
67,98,0.835008
67,99,0.308077
67,100,0.431693
67,101,0.810507
67,102,0.0895503
67,103,0.0872633
67,104,0.824003
67,105,0.441032
67,106,0.747185
67,107,0.789278
67,108,0.0872633
67,109,0.56445
67,110,0.720196
67,111,0.837824
67,112,0.11355
67,113,0.734913
67,114,0.732254
67,115,0.706701
67,116,0.153156
67,117,0.915323
67,118,0.183053
67,119,0.179131
67,120,0.915406
67,121,0.695925
67,122,0.889373
67,123,0.0849951
67,124,0.189429
67,125,0.341166
67,126,0.0827465
67,127,0.799245
67,128,0.123452
67,129,0.863761
67,130,0.15709
67,131,0.604914
67,132,0.724037
67,133,0.241489
67,134,0.617764
67,135,0.608784
67,136,0.734005
67,137,0.416433
67,138,0.449546
67,139,0.743387
67,140,0.0805183
67,141,0.229722
67,142,0.641964
67,143,0.215958
67,144,0.0805183
67,145,0.435763
67,146,0.0805183
67,147,0.256302
67,148,0.412799
67,149,0.239107
67,150,0.500381
67,151,0.399898
67,152,0.0783114
67,153,0.461446
67,154,0.54294
67,155,0.266194
67,156,0.872653
67,157,0.601258
67,158,0.148007
67,159,0.0786735
67,160,0.539345
67,161,0.380219
67,162,0.758709
67,163,0.346746
67,164,0.705072
67,165,0.459837
67,166,0.0761266
67,167,0.529259
67,168,0.0761266
67,169,0.578622
67,170,0.366043
67,171,0.101504
67,172,0.0739648
67,173,0.0940388
67,174,0.329529
67,175,0
67,176,0.54758
67,177,0.415614
67,178,0.298981
67,179,0.0645373
67,180,0.758879
67,181,0
67,182,0.569381
67,183,0
67,184,0.463985
67,185,0.208894
67,186,0.235755
67,187,0.441577
67,188,0
67,189,0.491148
67,190,0.627636
67,191,0.57251
67,192,0
67,193,0.501973
67,194,0.034884
67,195,0
67,196,0.071585
67,197,0.181107
67,198,0.446725
67,199,0.153662
68,0,0.144109
68,1,0.0132686
68,2,0.179029
68,3,0.0132686
68,4,0.0140743
68,5,0.0132686
68,6,0.0132686
68,7,0.0157999
68,8,0.331135
68,9,0.362391
68,10,0.0176785
68,11,0.294498
68,12,0.470455
68,13,0.0176785
68,14,0.370232
68,15,0.14333
68,16,0.17946
68,17,0.0186754
68,18,0.0186754
68,19,0.307118
68,20,0.526611
68,21,0.0197106
68,22,0.0942618
68,23,0
68,24,0.358079
68,25,0.342431
68,26,0
68,27,0
68,28,0
68,29,0.416257
68,30,0.0254707
68,31,0
68,32,0.576934
68,33,0
68,34,0
68,35,0
68,36,0
68,37,0.238063
68,38,0.0721569
68,39,0.494696
68,40,0.0113604
68,41,0.46807
68,42,0.204204
68,43,0
68,44,0.610596
68,45,0
68,46,0.464039
68,47,0.245292
68,48,0.236763
68,49,0
68,50,0
68,51,0.181047
68,52,0
68,53,0.499701
68,54,0.348199
68,55,0.554114
68,56,0.277908
68,57,0.532605
68,58,0.640821
68,59,0.473397
68,60,0.405638
68,61,0.109399
68,62,0.764911
68,63,0.413308
68,64,0.170106
68,65,0.169423
68,66,0.796169
68,67,0.347704
68,68,0
68,69,0.843596
68,70,0.28065
68,71,0.233243
68,72,0.235642
68,73,0.115014
68,74,0.798579
68,75,0.488466
68,76,0.102783
68,77,0.132431
68,78,0.285627
68,79,0.668656
68,80,0.699345
68,81,0.285309
68,82,0.953946
68,83,0.190396
68,84,0.330819
68,85,0.714456
68,86,0.79572
68,87,0.120177
68,88,0.227611
68,89,0.534859
68,90,0.0895305
68,91,0.878863
68,92,0.0957777
68,93,0.1964
68,94,0.757513
68,95,0.610524
68,96,0.449495
68,97,0.0872429
68,98,0.455905
68,99,0.82656
68,100,0.852381
68,101,0.749353
68,102,0.0872429
68,103,0.0906493
68,104,0.86849
68,105,0.881985
68,106,0.595778
68,107,0.0849739
68,108,0.0849739
68,109,0.910781
68,110,0.693136
68,111,0.773297
68,112,0.234121
68,113,0.669531
68,114,0.0849739
68,115,0.592836
68,116,0.426687
68,117,0.81747
68,118,0.758136
68,119,0.698639
68,120,0.404478
68,121,0.758492
68,122,0.622627
68,123,0.553187
68,124,0.0827246
68,125,0.433071
68,126,0.209755
68,127,0.500164
68,128,0.472804
68,129,0.721788
68,130,0.382073
68,131,0.380535
68,132,0.52649
68,133,0.512706
68,134,0.535075
68,135,0.461288
68,136,0.451734
68,137,0.187896
68,138,0.511829
68,139,0.561857
68,140,0.165007
68,141,0.270522
68,142,0.401473
68,143,0.465447
68,144,0.0782879
68,145,0.46242
68,146,0.135512
68,147,0.516334
68,148,0.347157
68,149,0.0761023
68,150,0.285462
68,151,0.828877
68,152,0.796648
68,153,0.0761023
68,154,0.460076
68,155,0.88004
68,156,0.49397
68,157,0.755485
68,158,0.4683
68,159,0.0761023
68,160,0.557157
68,161,0.0739397
68,162,0.516068
68,163,0.172522
68,164,0.532617
68,165,0.140018
68,166,0.72024
68,167,0.080047
68,168,0.423609
68,169,0.33021
68,170,0.740806
68,171,0.687519
68,172,0.692283
68,173,0.23383
68,174,0.172716
68,175,0.732572
68,176,0.721681
68,177,0.405459
68,178,0.351022
68,179,0.178477
68,180,0.476012
68,181,0.746122
68,182,0.117762
68,183,0.383068
68,184,0
68,185,0.679884
68,186,0.367596
68,187,0.440318
68,188,0.548219
68,189,0
68,190,0.608039
68,191,0.226438
68,192,0.00084459
68,193,0.245169
68,194,0.520021
68,195,0.654524
68,196,0.500407
68,197,0.355482
68,198,0
68,199,0.0450787
69,0,0.149578
69,1,0.518375
69,2,0.0116433
69,3,0.439046
69,4,0.0116433
69,5,0.0381862
69,6,0.377495
69,7,0.0132656
69,8,0.0150433
69,9,0.0150433
69,10,0.205581
69,11,0.337423
69,12,0.0150433
69,13,0.531029
69,14,0.0150433
69,15,0.0150433
69,16,0.428007
69,17,0.515122
69,18,0.0159907
69,19,0.189401
69,20,0.0159907
69,21,0.4274
69,22,0
69,23,0
69,24,0
69,25,0.369834
69,26,0
69,27,0
69,28,0
69,29,0
69,30,0
69,31,0
69,32,0
69,33,0
69,34,0
69,35,0.0939042
69,36,0.421072
69,37,0
69,38,0.325288
69,39,0.496425
69,40,0
69,41,0
69,42,0.251507
69,43,0.323138
69,44,0
69,45,0.588191
69,46,0
69,47,0
69,48,0.541007
69,49,0
69,50,0.367807
69,51,0.642206
69,52,0.57691
69,53,0.434167
69,54,0
69,55,0
69,56,0.243013
69,57,0.191105
69,58,0
69,59,0.646628
69,60,0.494219
69,61,0.285653
69,62,0.0811218
69,63,0.718929
69,64,0.694726
69,65,0.367255
69,66,0.251952
69,67,0.556427
69,68,0.460512
69,69,0
69,70,0.103053
69,71,0.466689
69,72,0.856395
69,73,0.334259
69,74,0.0980466
69,75,0.530612
69,76,0.584321
69,77,0.094887
69,78,0.552826
69,79,0.664519
69,80,0.91293
69,81,0.583512
69,82,0.350042
69,83,0.873018
69,84,0.449654
69,85,0.0902006
69,86,0.122062
69,87,0.595662
69,88,0.541868
69,89,0.529679
69,90,0.756223
69,91,0.377026
69,92,0.190172
69,93,0.183999
69,94,0.583231
69,95,0.087885
69,96,0.087885
69,97,0.087885
69,98,0.333746
69,99,0.567892
69,100,0.505812
69,101,0.351755
69,102,0.087885
69,103,0.3548
69,104,0.679854
69,105,0.124969
69,106,0.891768
69,107,0.276111
69,108,0.178653
69,109,0.463665
69,110,0.0855874
69,111,0.11144
69,112,0.0855874
69,113,0.323433
69,114,0.0855874
69,115,0.542166
69,116,0.409746
69,117,0.143958
69,118,0.172683
69,119,0.0833089
69,120,0.71555
69,121,0.0833089
69,122,0.397563
69,123,0.0833089
69,124,0.189673
69,125,0.0833089
69,126,0.0810502
69,127,0.195547
69,128,0.0878665
69,129,0.385847
69,130,0.808544
69,131,0.638783
69,132,0.782707
69,133,0.894676
69,134,0.0810502
69,135,0.518662
69,136,0.0788122
69,137,0.0788122
69,138,0.841562
69,139,0.301208
69,140,0.505617
69,141,0.858196
69,142,0.468758
69,143,0.63666
69,144,0.246275
69,145,0.529962
69,146,0.245891
69,147,0.72065
69,148,0.730963
69,149,0.475617
69,150,0.766597
69,151,0.513588
69,152,0.505667
69,153,0.231235
69,154,0.529857
69,155,0.76075
69,156,0.320137
69,157,0.611612
69,158,0.0765959
69,159,0.485984
69,160,0.074402
69,161,0.074402
69,162,0.195245
69,163,0.074402
69,164,0.886739
69,165,0.321282
69,166,0.523607
69,167,0.074402
69,168,0.392747
69,169,0.453245
69,170,0.428857
69,171,0.074402
69,172,0.392858
69,173,0.0722314
69,174,0.633053
69,175,0.654079
69,176,0.52394
69,177,0
69,178,0.466787
69,179,0.354546
69,180,0.541381
69,181,0.333026
69,182,0
69,183,0.147465
69,184,0.658708
69,185,0.59041
69,186,0.00265693
69,187,0.079256
69,188,0.304878
69,189,0.139791
69,190,0.668096
69,191,0.483175
69,192,0.164233
69,193,0
69,194,0.522942
69,195,0.162114
69,196,0.401007
69,197,0.151788
69,198,0.306159
69,199,0
70,0,0.761479
70,1,0.0110784
70,2,0.0117709
70,3,0.0257763
70,4,0.0117709
70,5,0.0110784
70,6,0.0110784
70,7,0.465485
70,8,0.014918
70,9,0.54581
70,10,0.0197053
70,11,0.530279
70,12,0.0770402
70,13,0.1864
70,14,0.014918
70,15,0.014918
70,16,0.0157999
70,17,0.0878838
70,18,0.225202
70,19,0.492762
70,20,0.434612
70,21,0.101034
70,22,0.184238
70,23,0
70,24,0.282656
70,25,0
70,26,0.172496
70,27,0
70,28,0.282282
70,29,0
70,30,0.0174914
70,31,0.217898
70,32,0
70,33,0.240113
70,34,0
70,35,0
70,36,0.286333
70,37,0
70,38,0
70,39,0.50336
70,40,0
70,41,0.256481
70,42,0.456161
70,43,0.439976
70,44,0
70,45,0
70,46,0
70,47,0.28275
70,48,0.27535
70,49,0.46671
70,50,0.207023
70,51,0.13624
70,52,0
70,53,0
70,54,0.389584
70,55,0.687456
70,56,0.187179
70,57,0.00910349
70,58,0.0670187
70,59,0
70,60,0.170498
70,61,0.538447
70,62,0.598077
70,63,0.379541
70,64,0.229094
70,65,0.712365
70,66,0.758115
70,67,0
70,68,0.139901
70,69,0.0180089
70,70,0
70,71,0.90946
70,72,0.494691
70,73,0.680246
70,74,0.746534
70,75,0.298006
70,76,0.911393
70,77,0.863007
70,78,0.448252
70,79,0.534889
70,80,0.488394
70,81,0.23674
70,82,0.0964962
70,83,0.95633
70,84,0.541154
70,85,0.188016
70,86,0.628027
70,87,0.525849
70,88,0.637362
70,89,0.871325
70,90,0.816825
70,91,0.771716
70,92,0.227615
70,93,0.517249
70,94,0.515076
70,95,0.740579
70,96,0.861721
70,97,0.327221
70,98,0.57924
70,99,0.88519
70,100,0.501349
70,101,0.623459
70,102,0.802602
70,103,0.0872429
70,104,0.297078
70,105,0.546963
70,106,0.292694
70,107,0.219606
70,108,0.428264
70,109,0.759239
70,110,0.7744
70,111,0.935738
70,112,0.0872429
70,113,0.859393
70,114,0.911149
70,115,0.580917
70,116,0.0849739
70,117,0.555978
70,118,0.140854
70,119,0.749746
70,120,0.468453
70,121,0.0849739
70,122,0.555551
70,123,0.738004
70,124,0.550167
70,125,0.112563
70,126,0.51357
70,127,0.443687
70,128,0.473983
70,129,0.137934
70,130,0.373219
70,131,0.0827246
70,132,0.805735
70,133,0.220945
70,134,0.0827246
70,135,0.158154
70,136,0.813931
70,137,0.400432
70,138,0.423783
70,139,0.297555
70,140,0.215032
70,141,0.252765
70,142,0.288643
70,143,0.293342
70,144,0.176049
70,145,0.25592
70,146,0.0804956
70,147,0.319002
70,148,0.868179
70,149,0.137702
70,150,0.128249
70,151,0.402951
70,152,0.195004
70,153,0.750119
70,154,0.208047
70,155,0.809825
70,156,0.0782879
70,157,0.796407
70,158,0.330741
70,159,0.478548
70,160,0.0761023
70,161,0.773679
70,162,0.567941
70,163,0.887024
70,164,0.0761023
70,165,0.707667
70,166,0.120748
70,167,0.0761023
70,168,0.192986
70,169,0.63186
70,170,0.357105
70,171,0.496114
70,172,0.0739397
70,173,0.726411
70,174,0.796179
70,175,0.153829
70,176,0
70,177,0
70,178,0.564141
70,179,0
70,180,0.0597801
70,181,0.791292
70,182,0.464529
70,183,0.35446
70,184,0.635102
70,185,0.763822
70,186,0.25797
70,187,0.662108
70,188,0.662345
70,189,0.690827
70,190,0.242772
70,191,0.776031
70,192,0.574914
70,193,0
70,194,0.773463
70,195,0.757958
70,196,0.733279
70,197,0
70,198,0
70,199,0.0366695
71,0,0.762574
71,1,0.0945043
71,2,0.437985
71,3,0.010523
71,4,0.0111753
71,5,0.428798
71,6,0.010523
71,7,0.138084
71,8,0.451407
71,9,0.0141605
71,10,0.299763
71,11,0.0141605
71,12,0.0141605
71,13,0.0141605
71,14,0.2633
71,15,0.5683
71,16,0.0150017
71,17,0.0150017
71,18,0.438641
71,19,0.0150017
71,20,0
71,21,0
71,22,0
71,23,0.410376
71,24,0.0183264
71,25,0
71,26,0.375389
71,27,0
71,28,0
71,29,0.426532
71,30,0.218659
71,31,0
71,32,0
71,33,0.0820835
71,34,0
71,35,0.320089
71,36,0
71,37,0.387458
71,38,0
71,39,0
71,40,0.548342
71,41,0.593709
71,42,0
71,43,0
71,44,0
71,45,0
71,46,0
71,47,0.360731
71,48,0
71,49,0.586568
71,50,0.59697
71,51,0
71,52,0
71,53,0
71,54,0
71,55,0.372635
71,56,0.0388821
71,57,0.546405
71,58,0
71,59,0.483041
71,60,0.441992
71,61,0.465239
71,62,0
71,63,0.775063
71,64,0.00225558
71,65,0.327928
71,66,0.615391
71,67,0.390567
71,68,0.183853
71,69,0.862986
71,70,0.652873
71,71,0
71,72,0.180765
71,73,0.981089
71,74,0.101147
71,75,0.267332
71,76,0.34678
71,77,0.0988665
71,78,0.331085
71,79,0.0988665
71,80,0.172818
71,81,0.25009
71,82,0.0988665
71,83,0.374894
71,84,0.477756
71,85,0.119422
71,86,0.39123
71,87,0.126084
71,88,0.434622
71,89,0.186502
71,90,0.154353
71,91,0.141088
71,92,0.830842
71,93,0.798526
71,94,0.188625
71,95,0.824212
71,96,0.934161
71,97,0.634517
71,98,0.538554
71,99,0.40128
71,100,0.870207
71,101,0.528512
71,102,0.0918549
71,103,0.0895503
71,104,0.501054
71,105,0.0895503
71,106,0.313691
71,107,0.855765
71,108,0.106813
71,109,0.659857
71,110,0.9305
71,111,0.295498
71,112,0.933709
71,113,0.936148
71,114,0.686261
71,115,0.425046
71,116,0.0872633
71,117,0.0910727
71,118,0.581994
71,119,0.548716
71,120,0.315495
71,121,0.766425
71,122,0.720668
71,123,0.185042
71,124,0.603657
71,125,0.0872633
71,126,0.0849951
71,127,0.566386
71,128,0.613484
71,129,0.621459
71,130,0.0849951
71,131,0.524803
71,132,0.191083
71,133,0.128608
71,134,0.61843
71,135,0.744246
71,136,0.251028
71,137,0.0827465
71,138,0.642799
71,139,0.409969
71,140,0.686896
71,141,0.624648
71,142,0.757585
71,143,0.672722
71,144,0.621454
71,145,0.496741
71,146,0.160843
71,147,0.766109
71,148,0.640858
71,149,0.795881
71,150,0.37109
71,151,0.0805183
71,152,0.625392
71,153,0.154843
71,154,0.268341
71,155,0.290469
71,156,0.164263
71,157,0.38091
71,158,0.0805183
71,159,0.851744
71,160,0.0783114
71,161,0.0783114
71,162,0.443028
71,163,0.333931
71,164,0.209499
71,165,0.136238
71,166,0.150514
71,167,0.542184
71,168,0.192805
71,169,0.877413
71,170,0.0783114
71,171,0.0783114
71,172,0.579487
71,173,0.872032
71,174,0.63859
71,175,0.208016
71,176,0.375849
71,177,0
71,178,0.0622072
71,179,0.112384
71,180,0.774194
71,181,0.528975
71,182,0.228275
71,183,0.496038
71,184,0.774298
71,185,0.58465
71,186,0
71,187,0.0350068
71,188,0.0644521
71,189,0
71,190,0
71,191,0.23971
71,192,0.0200259
71,193,0.535861
71,194,0.680831
71,195,0.336715
71,196,0.773383
71,197,0
71,198,0
71,199,0.073376
72,0,0.172531
72,1,0.00717097
72,2,0.00769681
72,3,0.40486
72,4,0.00769681
72,5,0.00717097
72,6,0.00717097
72,7,0.478367
72,8,0.0101754
72,9,0.0710032
72,10,0.0101754
72,11,0.0101754
72,12,0.0101754
72,13,0.214339
72,14,0.512614
72,15,0.0101754
72,16,0.0108901
72,17,0.0108901
72,18,0.0157853
72,19,0.273403
72,20,0
72,21,0.208485
72,22,0
72,23,0
72,24,0
72,25,0
72,26,0.477725
72,27,0
72,28,0
72,29,0
72,30,0.223809
72,31,0
72,32,0.0201057
72,33,0.577725
72,34,0
72,35,0.351869
72,36,0
72,37,0
72,38,0.255739
72,39,0.0606585
72,40,0.45533
72,41,0.471824
72,42,0.308531
72,43,0
72,44,0.107739
72,45,0.243052
72,46,0
72,47,0.558538
72,48,0.286028
72,49,0.355074
72,50,0.27068
72,51,0.430504
72,52,0.00234764
72,53,0.435734
72,54,0
72,55,0.400626
72,56,0.494851
72,57,0
72,58,0
72,59,0.701856
72,60,0
72,61,0.4803
72,62,0.0703081
72,63,0.376034
72,64,0.530124
72,65,0.252914
72,66,0.188829
72,67,0.774103
72,68,0.688237
72,69,0.842549
72,70,0.296196
72,71,0.597016
72,72,0
72,73,0.836929
72,74,0.097568
72,75,0.698969
72,76,0.341135
72,77,0.671873
72,78,0.963794
72,79,0.264304
72,80,0.331236
72,81,0.666625
72,82,0.892989
72,83,0.11946
72,84,0.0925333
72,85,0.644108
72,86,0.253511
72,87,0.698763
72,88,0.434917
72,89,0.2758
72,90,0.7521
72,91,0.396237
72,92,0.401686
72,93,0.434684
72,94,0.653087
72,95,0.953063
72,96,0.122968
72,97,0.087885
72,98,0.266217
72,99,0.087885
72,100,0.814655
72,101,0.240142
72,102,0.342319
72,103,0.434826
72,104,0.0855874
72,105,0.381765
72,106,0.140549
72,107,0.428741
72,108,0.0855874
72,109,0.123414
72,110,0.713707
72,111,0.423802
72,112,0.817795
72,113,0.618795
72,114,0.56312
72,115,0.83842
72,116,0.295339
72,117,0.83421
72,118,0.572037
72,119,0.764325
72,120,0.151924
72,121,0.358206
72,122,0.195417
72,123,0.596308
72,124,0.835588
72,125,0.891202
72,126,0.585126
72,127,0.0810502
72,128,0.0810502
72,129,0.89723
72,130,0.0810502
72,131,0.834886
72,132,0.182477
72,133,0.423689
72,134,0.323403
72,135,0.314189
72,136,0.852243
72,137,0.510741
72,138,0.789718
72,139,0.0788122
72,140,0.690276
72,141,0.558767
72,142,0.460984
72,143,0.56418
72,144,0.242209
72,145,0.0809917
72,146,0.469664
72,147,0.602177
72,148,0.0765959
72,149,0.0987441
72,150,0.426766
72,151,0.191244
72,152,0.524025
72,153,0.689258
72,154,0.855402
72,155,0.425024
72,156,0.64587
72,157,0.51607
72,158,0.494127
72,159,0.698976
72,160,0.482996
72,161,0.600088
72,162,0.604339
72,163,0.744236
72,164,0.10254
72,165,0.074402
72,166,0.134746
72,167,0.074402
72,168,0.60288
72,169,0.074402
72,170,0.110331
72,171,0.381999
72,172,0.652725
72,173,0.652733
72,174,0
72,175,0
72,176,0.74867
72,177,0.512206
72,178,0.604114
72,179,0
72,180,0.710592
72,181,0.130523
72,182,0.112219
72,183,0.335035
72,184,0
72,185,0.0596228
72,186,0
72,187,0.660508
72,188,0.678549
72,189,0.451484
72,190,0.462341
72,191,0.272686
72,192,0.162714
72,193,0.177822
72,194,0.128064
72,195,0.376396
72,196,0.289568
72,197,0.368048
72,198,0.52205
72,199,0.00358714
73,0,0.672166
73,1,0.532931
73,2,0.287166
73,3,0.0566515
73,4,0.309626
73,5,0.43652
73,6,0.162995
73,7,0.254455
73,8,0.144695
73,9,0.0111753
73,10,0.271835
73,11,0.0528909
73,12,0.293763
73,13,0.0111753
73,14,0.0111753
73,15,0.409881
73,16,0.011865
73,17,0.011865
73,18,0.276553
73,19,0
73,20,0.304708
73,21,0
73,22,0.21001
73,23,0
73,24,0.328135
73,25,0.542961
73,26,0.253444
73,27,0
73,28,0.126129
73,29,0
73,30,0.0482319
73,31,0
73,32,0
73,33,0
73,34,0.318457
73,35,0
73,36,0
73,37,0
73,38,0.371479
73,39,0.202325
73,40,0.300146
73,41,0.071725
73,42,0
73,43,0.0307697
73,44,0.0763955
73,45,0
73,46,0
73,47,0.368246
73,48,0
73,49,0.592444
73,50,0.537375
73,51,0.522713
73,52,0
73,53,0.191769
73,54,0.634235
73,55,0
73,56,0.187451
73,57,0.358256
73,58,0.0433364
73,59,0
73,60,0
73,61,0.557399
73,62,0.0814774
73,63,0.237553
73,64,0.758835
73,65,0
73,66,0.392503
73,67,0.800033
73,68,0.251038
73,69,0.230216
73,70,0.545214
73,71,0.0116476
73,72,0.768106
73,73,0
73,74,0.686388
73,75,0.477662
73,76,0.263818
73,77,0.77608
73,78,0.727206
73,79,0.0988665
73,80,0.940605
73,81,0.676143
73,82,0.908994
73,83,0.82982
73,84,0.096514
73,85,0.426646
73,86,0.803482
73,87,0.0941765
73,88,0.922285
73,89,0.443708
73,90,0.378514
73,91,0.96219
73,92,0.507769
73,93,0.15347
73,94,0.245916
73,95,0.936723
73,96,0.113612
73,97,0.268657
73,98,0.470659
73,99,0.109691
73,100,0.614839
73,101,0.785235
73,102,0.718532
73,103,0.664665
73,104,0.566106
73,105,0.404238
73,106,0.146368
73,107,0.838253
73,108,0.195457
73,109,0.888655
73,110,0.85973
73,111,0.15193
73,112,0.588558
73,113,0.77683
73,114,0.0895503
73,115,0.600201
73,116,0.231922
73,117,0.814682
73,118,0.691732
73,119,0.184285
73,120,0.296311
73,121,0.100325
73,122,0.177339
73,123,0.842786
73,124,0.2925
73,125,0.46196
73,126,0.811266
73,127,0.434681
73,128,0.761585
73,129,0.323819
73,130,0.585484
73,131,0.417536
73,132,0.150166
73,133,0.34591
73,134,0.131901
73,135,0.768381
73,136,0.792937
73,137,0.321057
73,138,0.649423
73,139,0.0827465
73,140,0.26184
73,141,0.560502
73,142,0.244569
73,143,0.902516
73,144,0.39799
73,145,0.295083
73,146,0.565792
73,147,0.690551
73,148,0.162809
73,149,0.310569
73,150,0.0805183
73,151,0.522206
73,152,0.47398
73,153,0.171525
73,154,0.428852
73,155,0.827901
73,156,0.694906
73,157,0.311676
73,158,0.336579
73,159,0.530488
73,160,0.701194
73,161,0.0783114
73,162,0.0783114
73,163,0.0783114
73,164,0.409233
73,165,0.221186
73,166,0.766859
73,167,0.283828
73,168,0.623901
73,169,0.500382
73,170,0.409217
73,171,0.0783114
73,172,0.138311
73,173,0.731213
73,174,0
73,175,0.543376
73,176,0.0333711
73,177,0.523419
73,178,0.322009
73,179,0.291858
73,180,0
73,181,0.348788
73,182,0
73,183,0.500097
73,184,0.610792
73,185,0.427403
73,186,0.418472
73,187,0.402145
73,188,0
73,189,0
73,190,0.0315248
73,191,0.646355
73,192,0
73,193,0.153221
73,194,0.679685
73,195,0.466099
73,196,0.475692
73,197,0.547826
73,198,0
73,199,0.206781
74,0,0.341009
74,1,0.157811
74,2,0.0755547
74,3,0.202591
74,4,0.00870949
74,5,0.144013
74,6,0.00781301
74,7,0.237813
74,8,0.010523
74,9,0.461561
74,10,0.010523
74,11,0.010523
74,12,0.010523
74,13,0.010523
74,14,0.010523
74,15,0.010523
74,16,0.467891
74,17,0.312564
74,18,0.428392
74,19,0.508202
74,20,0.371807
74,21,0
74,22,0.362225
74,23,0.526324
74,24,0.0235353
74,25,0.246379
74,26,0.196613
74,27,0
74,28,0.00877454
74,29,0.26267
74,30,0.132342
74,31,0.381614
74,32,0
74,33,0
74,34,0.00945358
74,35,0.2845
74,36,0.204195
74,37,0.377877
74,38,0
74,39,0.498283
74,40,0.265785
74,41,0.102446
74,42,0
74,43,0
74,44,0.35978
74,45,0.0267082
74,46,0
74,47,0.269426
74,48,0
74,49,0
74,50,0.217527
74,51,0.587837
74,52,0
74,53,0.0237316
74,54,0.568116
74,55,0.412582
74,56,0
74,57,0.219854
74,58,0.582161
74,59,0.198579
74,60,0
74,61,0.181259
74,62,0.0466713
74,63,0.268181
74,64,0.2826
74,65,0.520926
74,66,0.0187852
74,67,0
74,68,0.380386
74,69,0.435777
74,70,0
74,71,0.110872
74,72,0.01077
74,73,0.303379
74,74,0
74,75,0.278437
74,76,0.81162
74,77,0.748587
74,78,0.626274
74,79,0.461728
74,80,0.917908
74,81,0.82348
74,82,0.101233
74,83,0.879995
74,84,0.115691
74,85,0.412614
74,86,0.781872
74,87,0.846015
74,88,0.45466
74,89,0.295291
74,90,0.715136
74,91,0.925828
74,92,0.506691
74,93,0.128061
74,94,0.189309
74,95,0.0941765
74,96,0.600685
74,97,0.885577
74,98,0.157417
74,99,0.690595
74,100,0.3778
74,101,0.694353
74,102,0.692627
74,103,0.542769
74,104,0.732149
74,105,0.0918549
74,106,0.823539
74,107,0.548567
74,108,0.767193
74,109,0.460157
74,110,0.0918549
74,111,0.696175
74,112,0.302598
74,113,0.0895503
74,114,0.587244
74,115,0.427065
74,116,0.515445
74,117,0.377892
74,118,0.299163
74,119,0.0895503
74,120,0.706323
74,121,0.0895503
74,122,0.0895503
74,123,0.246939
74,124,0.201583
74,125,0.170548
74,126,0.255075
74,127,0.826046
74,128,0.0872633
74,129,0.449606
74,130,0.552972
74,131,0.496435
74,132,0.18029
74,133,0.282713
74,134,0.0872633
74,135,0.0872633
74,136,0.328633
74,137,0.0849951
74,138,0.546333
74,139,0.143176
74,140,0.453169
74,141,0.615081
74,142,0.88669
74,143,0.803106
74,144,0.750131
74,145,0.522052
74,146,0.288474
74,147,0.321443
74,148,0.0827465
74,149,0.635893
74,150,0.368322
74,151,0.712837
74,152,0.733804
74,153,0.37395
74,154,0.0827465
74,155,0.0827465
74,156,0.601146
74,157,0.340733
74,158,0.887315
74,159,0.752685
74,160,0.851256
74,161,0.501986
74,162,0.310818
74,163,0.101562
74,164,0.854716
74,165,0.464959
74,166,0.128904
74,167,0.260255
74,168,0.487527
74,169,0.754587
74,170,0.483548
74,171,0.0805183
74,172,0.442321
74,173,0.442892
74,174,0
74,175,0.192592
74,176,0
74,177,0.185185
74,178,0.597365
74,179,0.00422533
74,180,0
74,181,0.0566299
74,182,0
74,183,0.73754
74,184,0.516322
74,185,0
74,186,0
74,187,0.20918
74,188,0.345828
74,189,0.796782
74,190,0.0560201
74,191,0.299557
74,192,0.401241
74,193,0.469312
74,194,0.503592
74,195,0.35843
74,196,0.0308352
74,197,0.729057
74,198,0.715247
74,199,0.620833
75,0,0.771043
75,1,0.0900015
75,2,0.533305
75,3,0.00698032
75,4,0.00737909
75,5,0.543251
75,6,0.317505
75,7,0.00828249
75,8,0.00932957
75,9,0.107993
75,10,0.00932957
75,11,0.0266558
75,12,0.359689
75,13,0.00932957
75,14,0.00932957
75,15,0.0749636
75,16,0.120614
75,17,0
75,18,0.48687
75,19,0
75,20,0
75,21,0
75,22,0.170539
75,23,0
75,24,0.416413
75,25,0
75,26,0.140211
75,27,0
75,28,0
75,29,0.0673174
75,30,0.488701
75,31,0
75,32,0
75,33,0.448917
75,34,0
75,35,0
75,36,0.415703
75,37,0
75,38,0
75,39,0
75,40,0.248526
75,41,0.318668
75,42,0.221568
75,43,0.0430788
75,44,0
75,45,0
75,46,0.544556
75,47,0.309055
75,48,0.0226652
75,49,0.478375
75,50,0.415154
75,51,0.43446
75,52,0
75,53,0.0293309
75,54,0.468213
75,55,0.531415
75,56,0.357689
75,57,0.063606
75,58,0.647061
75,59,0.641213
75,60,0.606285
75,61,0.603798
75,62,0.706144
75,63,0.653783
75,64,0.520248
75,65,0.164407
75,66,0.755755
75,67,0.405406
75,68,0.362578
75,69,0.139701
75,70,0.645061
75,71,0.079946
75,72,0.851392
75,73,0.339465
75,74,0.586468
75,75,0
75,76,0.149294
75,77,0.38501
75,78,0.551145
75,79,0.850594
75,80,0.804892
75,81,0.403691
75,82,0.650092
75,83,0.623325
75,84,0.43285
75,85,0.096514
75,86,0.43766
75,87,0.295652
75,88,0.717464
75,89,0.809469
75,90,0.245417
75,91,0.647665
75,92,0.686726
75,93,0.0987025
75,94,0.608526
75,95,0.565672
75,96,0.828437
75,97,0.0941765
75,98,0.523131
75,99,0.390564
75,100,0.463645
75,101,0.785353
75,102,0.137536
75,103,0.619178
75,104,0.769699
75,105,0.50795
75,106,0.230118
75,107,0.92687
75,108,0.904912
75,109,0.791947
75,110,0.789402
75,111,0.720879
75,112,0.2146
75,113,0.442801
75,114,0.355279
75,115,0.656226
75,116,0.492984
75,117,0.801715
75,118,0.0895503
75,119,0.235747
75,120,0.644324
75,121,0.248676
75,122,0.909495
75,123,0.364974
75,124,0.381303
75,125,0.551946
75,126,0.0872633
75,127,0.233518
75,128,0.546177
75,129,0.517858
75,130,0.660413
75,131,0.0872633
75,132,0.339543
75,133,0.835063
75,134,0.710253
75,135,0.156572
75,136,0.381011
75,137,0.0849951
75,138,0.12144
75,139,0.333274
75,140,0.817667
75,141,0.0849951
75,142,0.101492
75,143,0.0849951
75,144,0.4561
75,145,0.504888
75,146,0.794135
75,147,0.0849951
75,148,0.354859
75,149,0.820351
75,150,0.292175
75,151,0.0827465
75,152,0.12734
75,153,0.259983
75,154,0.481559
75,155,0.565292
75,156,0.868577
75,157,0.505967
75,158,0.868043
75,159,0.483989
75,160,0.0847423
75,161,0.590156
75,162,0.591842
75,163,0.494301
75,164,0.495235
75,165,0.372111
75,166,0.718447
75,167,0.0805183
75,168,0.427388
75,169,0.0805183
75,170,0.366543
75,171,0.325171
75,172,0.0783114
75,173,0.540689
75,174,0.39912
75,175,0.405544
75,176,0.0457165
75,177,0.271706
75,178,0.493826
75,179,0.491518
75,180,0.182999
75,181,0
75,182,0.640731
75,183,0.402056
75,184,0.222669
75,185,0.205587
75,186,0.0530837
75,187,0.182957
75,188,0
75,189,0.0152831
75,190,0.761102
75,191,0
75,192,0.707912
75,193,0.455417
75,194,0.5897
75,195,0.30562
75,196,0
75,197,0.404708
75,198,0.355335
75,199,0.453951
76,0,0.621665
76,1,0.00628661
76,2,0.00661631
76,3,0.27889
76,4,0.268614
76,5,0.262195
76,6,0.00628661
76,7,0.506666
76,8,0.00828249
76,9,0.563963
76,10,0.189976
76,11,0.101903
76,12,0.00828249
76,13,0.025281
76,14,0.00828249
76,15,0.0573967
76,16,0.434787
76,17,0
76,18,0.442579
76,19,0.439845
76,20,0.172202
76,21,0.407036
76,22,0
76,23,0.0824467
76,24,0.0624073
76,25,0.428377
76,26,0
76,27,0.196403
76,28,0.0440414
76,29,0.155426
76,30,0
76,31,0
76,32,0.195552
76,33,0
76,34,0.386665
76,35,0
76,36,0
76,37,0
76,38,0
76,39,0
76,40,0
76,41,0.439143
76,42,0.328249
76,43,0
76,44,0
76,45,0.450642
76,46,0.233598
76,47,0
76,48,0
76,49,0.122503
76,50,0
76,51,0.452627
76,52,0
76,53,0
76,54,0
76,55,0.482923
76,56,0.60577
76,57,0.0314838
76,58,0.138394
76,59,0.117591
76,60,0.662457
76,61,0.468068
76,62,0.271068
76,63,0.322205
76,64,0
76,65,0.126613
76,66,0.681448
76,67,0.00984317
76,68,0.301746
76,69,0
76,70,0.283955
76,71,0.453484
76,72,0.837448
76,73,0.0903253
76,74,0.67459
76,75,0.258827
76,76,0
76,77,0.0970848
76,78,0.352314
76,79,0.439827
76,80,0.257706
76,81,0.858543
76,82,0.475988
76,83,0.102503
76,84,0.202348
76,85,0.557392
76,86,0.446426
76,87,0.096514
76,88,0.508089
76,89,0.798319
76,90,0.482442
76,91,0.92846
76,92,0.74624
76,93,0.214951
76,94,0.45019
76,95,0.309525
76,96,0.3361
76,97,0.788609
76,98,0.185849
76,99,0.520167
76,100,0.241342
76,101,0.302993
76,102,0.924432
76,103,0.788914
76,104,0.267101
76,105,0.0918549
76,106,0.503858
76,107,0.549679
76,108,0.0918549
76,109,0.865001
76,110,0.0918549
76,111,0.346054
76,112,0.739386
76,113,0.474798
76,114,0.456497
76,115,0.0895503
76,116,0.0895503
76,117,0.908556
76,118,0.0895503
76,119,0.582995
76,120,0.736915
76,121,0.503072
76,122,0.534408
76,123,0.513968
76,124,0.748836
76,125,0.0895503
76,126,0.847307
76,127,0.105575
76,128,0.827058
76,129,0.0872633
76,130,0.658961
76,131,0.10162
76,132,0.403358
76,133,0.617382
76,134,0.932353
76,135,0.714686
76,136,0.715562
76,137,0.471068
76,138,0.299223
76,139,0.840154
76,140,0.38031
76,141,0.341362
76,142,0.230444
76,143,0.163933
76,144,0.868955
76,145,0.731944
76,146,0.166512
76,147,0.0849951
76,148,0.68563
76,149,0.210092
76,150,0.605791
76,151,0.477768
76,152,0.768388
76,153,0.195422
76,154,0.0827465
76,155,0.570768
76,156,0.264378
76,157,0.0827465
76,158,0.742502
76,159,0.157594
76,160,0.0837095
76,161,0.460049
76,162,0.3178
76,163,0.553995
76,164,0.144358
76,165,0.317081
76,166,0.333166
76,167,0.0805183
76,168,0.862005
76,169,0.708687
76,170,0.850988
76,171,0.319374
76,172,0.119604
76,173,0.150988
76,174,0.474551
76,175,0
76,176,0
76,177,0.716443
76,178,0.0403452
76,179,0.653536
76,180,0.0144412
76,181,0.734042
76,182,0.219971
76,183,0
76,184,0.0121252
76,185,0.347908
76,186,0.52492
76,187,0.365163
76,188,0.397761
76,189,0.358527
76,190,0.613863
76,191,0.580917
76,192,0
76,193,0.03111
76,194,0.234358
76,195,0.161827
76,196,0.441696
76,197,0.661027
76,198,0.189105
76,199,0.403145
77,0,0.664982
77,1,0.00599075
77,2,0.00628661
77,3,0.488592
77,4,0.190636
77,5,0.274655
77,6,0.00599075
77,7,0.259622
77,8,0.177811
77,9,0.00781301
77,10,0.101305
77,11,0.383747
77,12,0.00781301
77,13,0.512776
77,14,0.444796
77,15,0.0271236
77,16,0.0615501
77,17,0.17148
77,18,0
77,19,0
77,20,0
77,21,0.4053
77,22,0.43816
77,23,0
77,24,0
77,25,0
77,26,0.205167
77,27,0.281294
77,28,0
77,29,0
77,30,0
77,31,0.41871
77,32,0
77,33,0
77,34,0.327916
77,35,0.566073
77,36,0
77,37,0.414221
77,38,0.249419
77,39,0.227199
77,40,0
77,41,0
77,42,0.0369174
77,43,0
77,44,0
77,45,0
77,46,0.434173
77,47,0.210089
77,48,0.513566
77,49,0.469172
77,50,0.303987
77,51,0
77,52,0.31189
77,53,0.183228
77,54,0
77,55,0.394059
77,56,0.504367
77,57,0.627055
77,58,0.132672
77,59,0
77,60,0
77,61,0.491734
77,62,0.595378
77,63,0.123031
77,64,0
77,65,0.391388
77,66,0.159748
77,67,0
77,68,0.291074
77,69,0
77,70,0.68102
77,71,0.495599
77,72,0.143381
77,73,0.197076
77,74,0
77,75,0.332529
77,76,0.575684
77,77,0
77,78,0.851719
77,79,0.982151
77,80,0.513858
77,81,0.712004
77,82,0.684949
77,83,0.586336
77,84,0.404222
77,85,0.231245
77,86,0.920355
77,87,0.148379
77,88,0.0988665
77,89,0.878315
77,90,0.60579
77,91,0.109213
77,92,0.879158
77,93,0.372349
77,94,0.966105
77,95,0.254437
77,96,0.49595
77,97,0.581223
77,98,0.621387
77,99,0.660717
77,100,0.096514
77,101,0.658617
77,102,0.47554
77,103,0.639714
77,104,0.882121
77,105,0.734881
77,106,0.645699
77,107,0.249504
77,108,0.328725
77,109,0.501371
77,110,0.234125
77,111,0.842979
77,112,0.221338
77,113,0.911267
77,114,0.429315
77,115,0.623249
77,116,0.155137
77,117,0.347358
77,118,0.786662
77,119,0.257471
77,120,0.247789
77,121,0.4067
77,122,0.381718
77,123,0.14985
77,124,0.801953
77,125,0.370727
77,126,0.420185
77,127,0.310621
77,128,0.0895503
77,129,0.0895503
77,130,0.0895503
77,131,0.0895503
77,132,0.75157
77,133,0.49826
77,134,0.702336
77,135,0.670016
77,136,0.260091
77,137,0.374985
77,138,0.0872633
77,139,0.625158
77,140,0.912698
77,141,0.216155
77,142,0.504468
77,143,0.170368
77,144,0.172343
77,145,0.0872633
77,146,0.840948
77,147,0.372381
77,148,0.355484
77,149,0.66484
77,150,0.6703
77,151,0.650612
77,152,0.118879
77,153,0.0993566
77,154,0.84858
77,155,0.0849951
77,156,0.515765
77,157,0.324633
77,158,0.335437
77,159,0.541127
77,160,0.442206
77,161,0.382775
77,162,0.620526
77,163,0.252864
77,164,0.0827465
77,165,0.38195
77,166,0.0827465
77,167,0.266237
77,168,0.822959
77,169,0.0827465
77,170,0.0827465
77,171,0.804891
77,172,0.272316
77,173,0.526796
77,174,0
77,175,0.431715
77,176,0.484748
77,177,0
77,178,0
77,179,0
77,180,0.609919
77,181,0.626959
77,182,0.651856
77,183,0.809692
77,184,0.801176
77,185,0.572853
77,186,0
77,187,0.397828
77,188,0
77,189,0.269826
77,190,0.0222852
77,191,0.514739
77,192,0.744318
77,193,0.734528
77,194,0
77,195,0.776157
77,196,0.202221
77,197,0
77,198,0.128131
77,199,0.11689
78,0,0.206013
78,1,0.00549865
78,2,0.00572827
78,3,0.173165
78,4,0.00572827
78,5,0.00549865
78,6,0.00549865
78,7,0.265142
78,8,0.00698032
78,9,0.00698032
78,10,0.367247
78,11,0.00698032
78,12,0.00698032
78,13,0.20495
78,14,0
78,15,0
78,16,0
78,17,0
78,18,0.243166
78,19,0.144272
78,20,0.28455
78,21,0.459848
78,22,0
78,23,0.22278
78,24,0.384494
78,25,0
78,26,0.190002
78,27,0
78,28,0.0324663
78,29,0.52045
78,30,0.105782
78,31,0.247963
78,32,0
78,33,0.326644
78,34,0
78,35,0
78,36,0
78,37,0.0459788
78,38,0
78,39,0.094823
78,40,0.315936
78,41,0.399369
78,42,0.299359
78,43,0.404608
78,44,0.0266381
78,45,0.496296
78,46,0.478459
78,47,0.429449
78,48,0
78,49,0.161904
78,50,0.00973572
78,51,0.465337
78,52,0.0564904
78,53,0.302964
78,54,0.133982
78,55,0
78,56,0
78,57,0
78,58,0.131314
78,59,0.153309
78,60,0
78,61,0
78,62,0
78,63,0.134957
78,64,0.496856
78,65,0.172792
78,66,0.527236
78,67,0.650823
78,68,0.703638
78,69,0.609602
78,70,0.222107
78,71,0.492683
78,72,0.49297
78,73,0.00224435
78,74,0.374956
78,75,0
78,76,0
78,77,0.322366
78,78,0
78,79,0.89056
78,80,0.174858
78,81,0.904327
78,82,0.309396
78,83,0.104777
78,84,0.350525
78,85,0.984888
78,86,0.55235
78,87,0.600059
78,88,0.0988665
78,89,0.667559
78,90,0.0988665
78,91,0.486184
78,92,0.743812
78,93,0.096514
78,94,0.63159
78,95,0.148179
78,96,0.815929
78,97,0.096514
78,98,0.901535
78,99,0.673195
78,100,0.934184
78,101,0.685398
78,102,0.096514
78,103,0.555759
78,104,0.280007
78,105,0.136069
78,106,0.0941765
78,107,0.333613
78,108,0.149975
78,109,0.353909
78,110,0.229723
78,111,0.326496
78,112,0.266538
78,113,0.531368
78,114,0.372128
78,115,0.614751
78,116,0.528881
78,117,0.922166
78,118,0.229845
78,119,0.549634
78,120,0.611842
78,121,0.313783
78,122,0.0918549
78,123,0.378558
78,124,0.400332
78,125,0.705347
78,126,0.542635
78,127,0.22898
78,128,0.766848
78,129,0.470253
78,130,0.927473
78,131,0.726331
78,132,0.18095
78,133,0.0895503
78,134,0.316014
78,135,0.497282
78,136,0.166476
78,137,0.348414
78,138,0.857846
78,139,0.352792
78,140,0.738665
78,141,0.123128
78,142,0.715619
78,143,0.0872633
78,144,0.699417
78,145,0.12486
78,146,0.703616
78,147,0.273199
78,148,0.0849951
78,149,0.0849951
78,150,0.863281
78,151,0.743438
78,152,0.331814
78,153,0.0849951
78,154,0.170113
78,155,0.777828
78,156,0.712502
78,157,0.768615
78,158,0.0849951
78,159,0.537653
78,160,0.288785
78,161,0.0827465
78,162,0.314685
78,163,0.528823
78,164,0.105829
78,165,0.689788
78,166,0.0827529
78,167,0.338328
78,168,0.104225
78,169,0.0827465
78,170,0.760354
78,171,0.0827465
78,172,0.193888
78,173,0.537673
78,174,0
78,175,0
78,176,0.649589
78,177,0.706029
78,178,0.226008
78,179,0.813962
78,180,0.756837
78,181,0.169405
78,182,0.638295
78,183,0.169546
78,184,0.205739
78,185,0
78,186,0.0222255
78,187,0
78,188,0.73277
78,189,0.170667
78,190,0.620111
78,191,0.113272
78,192,0.305669
78,193,0.0265132
78,194,0.733811
78,195,0.503215
78,196,0
78,197,0
78,198,0
78,199,0
79,0,0.202203
79,1,0.570415
79,2,0.00387886
79,3,0.0906122
79,4,0.21043
79,5,0.00373641
79,6,0.156407
79,7,0.0426574
79,8,0.00477845
79,9,0.562131
79,10,0.0375692
79,11,0.00477845
79,12,0.00477845
79,13,0
79,14,0.0913044
79,15,0.313358
79,16,0
79,17,0.30922
79,18,0.50508
79,19,0
79,20,0
79,21,0.319279
79,22,0.169681
79,23,0.172096
79,24,0.535185
79,25,0.0948529
79,26,0
79,27,0.538137
79,28,0.198182
79,29,0
79,30,0
79,31,0.405523
79,32,0
79,33,0
79,34,0
79,35,0
79,36,0.269728
79,37,0.479489
79,38,0.0646397
79,39,0.487676
79,40,0.460957
79,41,0.523403
79,42,0
79,43,0
79,44,0
79,45,0.15772
79,46,0.53426
79,47,0.16753
79,48,0
79,49,0.475866
79,50,0.461188
79,51,0
79,52,0.226852
79,53,0.0655016
79,54,0.591626
79,55,0.20656
79,56,0.604719
79,57,0
79,58,0.197461
79,59,0.264139
79,60,0.384451
79,61,0.398119
79,62,0.133511
79,63,0
79,64,0
79,65,0.508913
79,66,0
79,67,0.547709
79,68,0.472026
79,69,0.43663
79,70,0.511556
79,71,0.406053
79,72,0.444354
79,73,0.639234
79,74,0.688041
79,75,0.72931
79,76,0.277604
79,77,0.697592
79,78,0.365688
79,79,0
79,80,0.642246
79,81,0.617109
79,82,0.262105
79,83,0.106328
79,84,0.242527
79,85,0.708403
79,86,0.101237
79,87,0.820123
79,88,0.688092
79,89,0.315069
79,90,0.367774
79,91,0.291154
79,92,0.094887
79,93,0.094887
79,94,0.717567
79,95,0.133557
79,96,0.151465
79,97,0.484893
79,98,0.275097
79,99,0.923208
79,100,0.15926
79,101,0.904486
79,102,0.608248
79,103,0.713457
79,104,0.470166
79,105,0.351314
79,106,0.49627
79,107,0.27504
79,108,0.685241
79,109,0.237362
79,110,0.665225
79,111,0.330633
79,112,0.862442
79,113,0.918318
79,114,0.380551
79,115,0.101055
79,116,0.637763
79,117,0.418204
79,118,0.934629
79,119,0.33852
79,120,0.753809
79,121,0.315068
79,122,0.643126
79,123,0.798889
79,124,0.407169
79,125,0.382016
79,126,0.087885
79,127,0.569765
79,128,0.880431
79,129,0.246356
79,130,0.51669
79,131,0.087885
79,132,0.17456
79,133,0.149441
79,134,0.809213
79,135,0.679474
79,136,0.52612
79,137,0.330849
79,138,0.0855874
79,139,0.246127
79,140,0.602976
79,141,0.679088
79,142,0.611515
79,143,0.500173
79,144,0.640755
79,145,0.0855874
79,146,0.646987
79,147,0.321847
79,148,0.481457
79,149,0.617266
79,150,0.699234
79,151,0.281034
79,152,0.0833089
79,153,0.388127
79,154,0.126469
79,155,0.429381
79,156,0.814254
79,157,0.127529
79,158,0.0833089
79,159,0.751423
79,160,0.422226
79,161,0.621701
79,162,0.863958
79,163,0.65431
79,164,0.828666
79,165,0.730694
79,166,0.388868
79,167,0.419253
79,168,0.12601
79,169,0.435655
79,170,0.733058
79,171,0.796664
79,172,0.174873
79,173,0.404703
79,174,0.278155
79,175,0.802834
79,176,0.419512
79,177,0
79,178,0.195572
79,179,0
79,180,0.686995
79,181,0
79,182,0.339921
79,183,0.744445
79,184,0.434812
79,185,0.537255
79,186,0.247127
79,187,0.328406
79,188,0.746568
79,189,0.384796
79,190,0.161613
79,191,0.258976
79,192,0.0966785
79,193,0.115751
79,194,0.00346691
79,195,0.0155256
79,196,0
79,197,0.47653
79,198,0.518973
79,199,0.146831
80,0,0.201564
80,1,0.136197
80,2,0.00500163
80,3,0.072127
80,4,0.00500163
80,5,0.285532
80,6,0.0571658
80,7,0.23969
80,8,0.451434
80,9,0.427687
80,10,0.396012
80,11,0.320733
80,12,0.583888
80,13,0
80,14,0.244666
80,15,0.205221
80,16,0
80,17,0
80,18,0
80,19,0
80,20,0.25773
80,21,0.0745906
80,22,0.0319371
80,23,0.545097
80,24,0.375692
80,25,0.223051
80,26,0
80,27,0.503813
80,28,0
80,29,0.464435
80,30,0
80,31,0.0996392
80,32,0.00680472
80,33,0.0850774
80,34,0
80,35,0.056777
80,36,0
80,37,0.0433599
80,38,0
80,39,0
80,40,0
80,41,0.521309
80,42,0.380681
80,43,0
80,44,0
80,45,0.0410199
80,46,0.50492
80,47,0
80,48,0.145546
80,49,0
80,50,0
80,51,0
80,52,0.15861
80,53,0.389354
80,54,0
80,55,0
80,56,0.0522244
80,57,0
80,58,0
80,59,0.403997
80,60,0
80,61,0.232564
80,62,0
80,63,0.387207
80,64,0
80,65,0.0043164
80,66,0
80,67,0.021942
80,68,0.527753
80,69,0.0904875
80,70,0.141099
80,71,0
80,72,0.0945985
80,73,0.00205931
80,74,0.250675
80,75,0.4293
80,76,0.52386
80,77,0.234199
80,78,0.824631
80,79,0.141005
80,80,0
80,81,0.358409
80,82,0.211537
80,83,0.41017
80,84,0.925969
80,85,0.0988665
80,86,0.606781
80,87,0.280805
80,88,0.42731
80,89,0.965145
80,90,0.569057
80,91,0.183563
80,92,0.225837
80,93,0.121727
80,94,0.455534
80,95,0.914445
80,96,0.189786
80,97,0.736315
80,98,0.096514
80,99,0.455331
80,100,0.486808
80,101,0.390702
80,102,0.791234
80,103,0.540919
80,104,0.628946
80,105,0.919785
80,106,0.909279
80,107,0.156969
80,108,0.523042
80,109,0.209254
80,110,0.0941765
80,111,0.692517
80,112,0.580306
80,113,0.232082
80,114,0.103083
80,115,0.504021
80,116,0.235433
80,117,0.707553
80,118,0.799861
80,119,0.67699
80,120,0.694815
80,121,0.383165
80,122,0.875588
80,123,0.943555
80,124,0.527796
80,125,0.354026
80,126,0.873898
80,127,0.7303
80,128,0.10545
80,129,0.0895503
80,130,0.210929
80,131,0.617556
80,132,0.402729
80,133,0.0895503
80,134,0.1924
80,135,0.0895503
80,136,0.0872633
80,137,0.12863
80,138,0.251919
80,139,0.534366
80,140,0.374225
80,141,0.314168
80,142,0.263213
80,143,0.0872633
80,144,0.591171
80,145,0.40341
80,146,0.542215
80,147,0.871504
80,148,0.148193
80,149,0.379307
80,150,0.588942
80,151,0.890347
80,152,0.809811
80,153,0.511869
80,154,0.88202
80,155,0.38329
80,156,0.911577
80,157,0.811786
80,158,0.171893
80,159,0.0849951
80,160,0.848432
80,161,0.433524
80,162,0.743588
80,163,0.310249
80,164,0.520858
80,165,0.0827465
80,166,0.434898
80,167,0.561863
80,168,0.189729
80,169,0.75528
80,170,0.165463
80,171,0.633188
80,172,0.131147
80,173,0.490376
80,174,0.605232
80,175,0.709374
80,176,0
80,177,0.215021
80,178,0.653325
80,179,0.109151
80,180,0.674445
80,181,0.322384
80,182,0.0803935
80,183,0.565151
80,184,0
80,185,0.0348297
80,186,0.0232928
80,187,0
80,188,0
80,189,0.278516
80,190,0.0602375
80,191,0
80,192,0.803757
80,193,0
80,194,0.27206
80,195,0.416332
80,196,0
80,197,0.792695
80,198,0.0639317
80,199,0.257799
81,0,0.785279
81,1,0.121912
81,2,0.00489801
81,3,0.00482443
81,4,0.00489801
81,5,0.571564
81,6,0.568756
81,7,0.00513588
81,8,0.00549865
81,9,0.399499
81,10,0.065343
81,11,0.00549865
81,12,0
81,13,0.331108
81,14,0.571498
81,15,0.00660665
81,16,0.56063
81,17,0
81,18,0.0999142
81,19,0
81,20,0.260392
81,21,0.353707
81,22,0
81,23,0.258061
81,24,0.437438
81,25,0.208871
81,26,0
81,27,0
81,28,0.201635
81,29,0.129037
81,30,0.0720752
81,31,0.0447408
81,32,0
81,33,0.261635
81,34,0.122177
81,35,0
81,36,0.236673
81,37,0.0946051
81,38,0
81,39,0
81,40,0
81,41,0.436661
81,42,0
81,43,0.226826
81,44,0.181247
81,45,0
81,46,0
81,47,0.154969
81,48,0.0397485
81,49,0.169931
81,50,0.260401
81,51,0
81,52,0
81,53,0.432006
81,54,0.409629
81,55,0
81,56,0.0773163
81,57,0
81,58,0
81,59,0
81,60,0.299348
81,61,0.408405
81,62,0.232005
81,63,0.408426
81,64,0.128989
81,65,0
81,66,0.644687
81,67,0
81,68,0.386592
81,69,0.0721053
81,70,0
81,71,0.747239
81,72,0
81,73,0.242365
81,74,0.467995
81,75,0.649816
81,76,0.555879
81,77,0.590986
81,78,0.282745
81,79,0.0715994
81,80,0.237353
81,81,0
81,82,0.109762
81,83,0.254961
81,84,0.610763
81,85,0.850748
81,86,0.105238
81,87,0.818022
81,88,0.318075
81,89,0.140855
81,90,0.101279
81,91,0.408373
81,92,0.786941
81,93,0.80443
81,94,0.958282
81,95,0.506172
81,96,0.232328
81,97,0.0988665
81,98,0.423613
81,99,0.315755
81,100,0.680297
81,101,0.721105
81,102,0.437197
81,103,0.624375
81,104,0.867983
81,105,0.819263
81,106,0.223489
81,107,0.630179
81,108,0.468309
81,109,0.893854
81,110,0.096514
81,111,0.579451
81,112,0.150161
81,113,0.0941765
81,114,0.828165
81,115,0.751081
81,116,0.837186
81,117,0.878134
81,118,0.576234
81,119,0.161619
81,120,0.0941765
81,121,0.649995
81,122,0.577123
81,123,0.835174
81,124,0.469435
81,125,0.550415
81,126,0.349309
81,127,0.706559
81,128,0.616853
81,129,0.791098
81,130,0.0918549
81,131,0.314554
81,132,0.529607
81,133,0.495091
81,134,0.0918549
81,135,0.426022
81,136,0.333371
81,137,0.207468
81,138,0.0895503
81,139,0.830124
81,140,0.129767
81,141,0.0895503
81,142,0.438014
81,143,0.308367
81,144,0.092415
81,145,0.295388
81,146,0.0988941
81,147,0.0895503
81,148,0.202829
81,149,0.704434
81,150,0.160747
81,151,0.275508
81,152,0.393885
81,153,0.777327
81,154,0.150904
81,155,0.901106
81,156,0.365528
81,157,0.548212
81,158,0.658099
81,159,0.0872633
81,160,0.381325
81,161,0.740604
81,162,0.390155
81,163,0.0849951
81,164,0.286901
81,165,0.406323
81,166,0.436927
81,167,0.678455
81,168,0.671974
81,169,0.572767
81,170,0.569965
81,171,0.863126
81,172,0.700283
81,173,0.0827465
81,174,0.142544
81,175,0.769665
81,176,0.334133
81,177,0.301152
81,178,0.800868
81,179,0.609257
81,180,0.0778815
81,181,0.033911
81,182,0
81,183,0.544828
81,184,0
81,185,0.173288
81,186,0.512927
81,187,0.316819
81,188,0.796996
81,189,0.246522
81,190,0.42513
81,191,0.262236
81,192,0.0710409
81,193,0
81,194,0.308289
81,195,0.441857
81,196,0.383434
81,197,0
81,198,0.198217
81,199,0.139317
82,0,0.680434
82,1,0.00477759
82,2,0.00476487
82,3,0.0795587
82,4,0.00476487
82,5,0.211121
82,6,0.0291231
82,7,0.322222
82,8,0.00500163
82,9,0.00500163
82,10,0.104338
82,11,0
82,12,0.214257
82,13,0.241793
82,14,0
82,15,0.276422
82,16,0
82,17,0.363658
82,18,0
82,19,0.58502
82,20,0
82,21,0.391616
82,22,0.0372296
82,23,0.0556198
82,24,0.472433
82,25,0.530005
82,26,0
82,27,0.050626
82,28,0.546951
82,29,0.0740057
82,30,0.38378
82,31,0.224017
82,32,0.121898
82,33,0
82,34,0
82,35,0.329979
82,36,0.276244
82,37,0.119968
82,38,0.0532723
82,39,0.362652
82,40,0.522773
82,41,0.561763
82,42,0
82,43,0.140517
82,44,0.209504
82,45,0
82,46,0
82,47,0.214958
82,48,0.541246
82,49,0.0133086
82,50,0.216361
82,51,0
82,52,0
82,53,0
82,54,0.225453
82,55,0
82,56,0
82,57,0.335204
82,58,0.206234
82,59,0.602855
82,60,0
82,61,0.0384012
82,62,0.288648
82,63,0.42922
82,64,0.161234
82,65,0.438949
82,66,0.216969
82,67,0
82,68,0.02957
82,69,0.698947
82,70,0.712651
82,71,0.0168545
82,72,0.743451
82,73,0
82,74,0.634528
82,75,0.45593
82,76,0.152181
82,77,0
82,78,0.150787
82,79,0.172104
82,80,0.428208
82,81,0.841657
82,82,0
82,83,0.405971
82,84,0.698439
82,85,0.94509
82,86,0.101221
82,87,0.815677
82,88,0.972823
82,89,0.753758
82,90,0.405005
82,91,0.963338
82,92,0.974546
82,93,0.789256
82,94,0.588256
82,95,0.733776
82,96,0.269816
82,97,0.335013
82,98,0.245681
82,99,0.441287
82,100,0.623384
82,101,0.228991
82,102,0.396731
82,103,0.849134
82,104,0.184527
82,105,0.467208
82,106,0.642988
82,107,0.781564
82,108,0.741624
82,109,0.683546
82,110,0.0941765
82,111,0.0941765
82,112,0.157631
82,113,0.888133
82,114,0.392565
82,115,0.855421
82,116,0.846245
82,117,0.428453
82,118,0.686133
82,119,0.833315
82,120,0.204327
82,121,0.105386
82,122,0.811688
82,123,0.201777
82,124,0.917545
82,125,0.422848
82,126,0.0895503
82,127,0.20008
82,128,0.772969
82,129,0.223215
82,130,0.666665
82,131,0.421651
82,132,0.477504
82,133,0.0895503
82,134,0.30471
82,135,0.698357
82,136,0.583638
82,137,0.0872633
82,138,0.506872
82,139,0.361603
82,140,0.694536
82,141,0.561982
82,142,0.379786
82,143,0.888498
82,144,0.495037
82,145,0.809465
82,146,0.791251
82,147,0.386182
82,148,0.275148
82,149,0.514614
82,150,0.259945
82,151,0.526814
82,152,0.667339
82,153,0.118972
82,154,0.776709
82,155,0.630567
82,156,0.587501
82,157,0.784028
82,158,0.88895
82,159,0.418774
82,160,0.0827465
82,161,0.606317
82,162,0.891127
82,163,0.593752
82,164,0.754884
82,165,0.254924
82,166,0.348757
82,167,0.404544
82,168,0.295596
82,169,0.0827465
82,170,0.835382
82,171,0.0827465
82,172,0.547773
82,173,0.276867
82,174,0
82,175,0.0298652
82,176,0.0733876
82,177,0.78787
82,178,0.488494
82,179,0.428652
82,180,0.3826
82,181,0
82,182,0.0363619
82,183,0.130835
82,184,0.022387
82,185,0
82,186,0
82,187,0.690775
82,188,0.752846
82,189,0
82,190,0.192879
82,191,0
82,192,0.506567
82,193,0.175722
82,194,0.587191
82,195,0.353167
82,196,0.516388
82,197,0.0216841
82,198,0
82,199,0
83,0,0.24413
83,1,0.589055
83,2,0.00481775
83,3,0.505761
83,4,0.00481775
83,5,0
83,6,0
83,7,0.220957
83,8,0.00482443
83,9,0.38395
83,10,0
83,11,0.515481
83,12,0.398215
83,13,0.0486089
83,14,0
83,15,0
83,16,0.128415
83,17,0
83,18,0.49134
83,19,0.0705288
83,20,0
83,21,0
83,22,0.16756
83,23,0.558688
83,24,0.239255
83,25,0
83,26,0.100123
83,27,0
83,28,0.164802
83,29,0.14367
83,30,0.0582853
83,31,0.404571
83,32,0.114486
83,33,0.319628
83,34,0.295952
83,35,0.469178
83,36,0
83,37,0.402626
83,38,0.084001
83,39,0.0341919
83,40,0.18225
83,41,0.308212
83,42,0
83,43,0
83,44,0
83,45,0.171266
83,46,0
83,47,0.27692
83,48,0.426338
83,49,0
83,50,0
83,51,0
83,52,0.16246
83,53,0.332122
83,54,0
83,55,0
83,56,0
83,57,0.181259
83,58,0.207096
83,59,0.295656
83,60,0
83,61,0
83,62,0.141608
83,63,0.323392
83,64,0.471228
83,65,0
83,66,0.244446
83,67,0.611314
83,68,0
83,69,0
83,70,0.106729
83,71,0.393161
83,72,0.565933
83,73,0.521981
83,74,0
83,75,0.767577
83,76,0.166659
83,77,0.300066
83,78,0.549759
83,79,0.0715913
83,80,0.664304
83,81,0.785336
83,82,0.246521
83,83,0
83,84,0.299441
83,85,0.573257
83,86,0.339669
83,87,0.528903
83,88,0.678128
83,89,0.908997
83,90,0.127837
83,91,0.357608
83,92,0.096514
83,93,0.191841
83,94,0.847755
83,95,0.714415
83,96,0.096514
83,97,0.096514
83,98,0.269059
83,99,0.901624
83,100,0.096514
83,101,0.322299
83,102,0.259187
83,103,0.702214
83,104,0.0941765
83,105,0.0941765
83,106,0.724631
83,107,0.0941765
83,108,0.278288
83,109,0.154552
83,110,0.704791
83,111,0.439404
83,112,0.88542
83,113,0.535985
83,114,0.712806
83,115,0.187287
83,116,0.12353
83,117,0.0918549
83,118,0.731281
83,119,0.815905
83,120,0.0918549
83,121,0.873366
83,122,0.188548
83,123,0.0918549
83,124,0.0918549
83,125,0.0918549
83,126,0.782957
83,127,0.0970875
83,128,0.128742
83,129,0.0895503
83,130,0.0895503
83,131,0.235592
83,132,0.425697
83,133,0.30928
83,134,0.0895503
83,135,0.553479
83,136,0.304677
83,137,0.723312
83,138,0.626807
83,139,0.619307
83,140,0.914205
83,141,0.367158
83,142,0.095042
83,143,0.835956
83,144,0.0872633
83,145,0.844962
83,146,0.0872633
83,147,0.116495
83,148,0.0849951
83,149,0.839086
83,150,0.0849951
83,151,0.0849951
83,152,0.759791
83,153,0.208735
83,154,0.0849951
83,155,0.893584
83,156,0.313624
83,157,0.901352
83,158,0.0849951
83,159,0.500669
83,160,0.0827465
83,161,0.123686
83,162,0.786962
83,163,0.514153
83,164,0.492054
83,165,0.817781
83,166,0.124281
83,167,0.862754
83,168,0.607115
83,169,0.819551
83,170,0.551295
83,171,0.590555
83,172,0.248408
83,173,0.708037
83,174,0.407692
83,175,0.183528
83,176,0.540054
83,177,0.54584
83,178,0.37247
83,179,0.552924
83,180,0.465042
83,181,0.425435
83,182,0.595584
83,183,0.305728
83,184,0.70903
83,185,0.730528
83,186,0.274164
83,187,0.103541
83,188,0.715211
83,189,0.406469
83,190,0.68754
83,191,0
83,192,0.621872
83,193,0.566219
83,194,0.442166
83,195,0.205643
83,196,0.469742
83,197,0.652183
83,198,0.154134
83,199,0.168568
84,0,0.769291
84,1,0.00497758
84,2,0.00488465
84,3,0.00497758
84,4,0.42919
84,5,0.264519
84,6,0.106289
84,7,0.150028
84,8,0.00478027
84,9,0
84,10,0
84,11,0
84,12,0.263519
84,13,0
84,14,0.122018
84,15,0.161793
84,16,0.585342
84,17,0.590373
84,18,0.455727
84,19,0.489769
84,20,0.187799
84,21,0.335948
84,22,0.521197
84,23,0.00358374
84,24,0.0882806
84,25,0.152746
84,26,0.39724
84,27,0
84,28,0.00341092
84,29,0
84,30,0.125217
84,31,0
84,32,0
84,33,0.182428
84,34,0
84,35,0.560385
84,36,0
84,37,0.373486
84,38,0.0995738
84,39,0.203885
84,40,0.417119
84,41,0.372108
84,42,0.229044
84,43,0.0705702
84,44,0.428177
84,45,0
84,46,0
84,47,0.399792
84,48,0
84,49,0.480001
84,50,0.293955
84,51,0.314233
84,52,0.217612
84,53,0.21801
84,54,0
84,55,0
84,56,0
84,57,0.538267
84,58,0
84,59,0.218391
84,60,0
84,61,0.465588
84,62,0.423983
84,63,0
84,64,0.0885334
84,65,0
84,66,0
84,67,0.361878
84,68,0.586748
84,69,0.473202
84,70,0.0232942
84,71,0.459844
84,72,0.314023
84,73,0.719816
84,74,0.00204296
84,75,0.210095
84,76,0
84,77,0.0997068
84,78,0.0887218
84,79,0.140899
84,80,0.0654693
84,81,0.843002
84,82,0.867081
84,83,0.764879
84,84,0
84,85,0.556656
84,86,0.123031
84,87,0.910885
84,88,0.757403
84,89,0.0988665
84,90,0.211861
84,91,0.365185
84,92,0.159182
84,93,0.0988665
84,94,0.144908
84,95,0.421887
84,96,0.471456
84,97,0.229097
84,98,0.66157
84,99,0.137087
84,100,0.10194
84,101,0.412981
84,102,0.422257
84,103,0.800714
84,104,0.942133
84,105,0.341587
84,106,0.096514
84,107,0.32683
84,108,0.434019
84,109,0.23767
84,110,0.537769
84,111,0.67813
84,112,0.383294
84,113,0.459527
84,114,0.660807
84,115,0.156888
84,116,0.0941765
84,117,0.775258
84,118,0.0941765
84,119,0.789453
84,120,0.844191
84,121,0.293519
84,122,0.16177
84,123,0.0941765
84,124,0.349992
84,125,0.321687
84,126,0.448232
84,127,0.826245
84,128,0.55797
84,129,0.127978
84,130,0.0918549
84,131,0.677315
84,132,0.558363
84,133,0.421169
84,134,0.504061
84,135,0.528929
84,136,0.781773
84,137,0.517867
84,138,0.874776
84,139,0.244237
84,140,0.783981
84,141,0.44022
84,142,0.0895503
84,143,0.195714
84,144,0.936785
84,145,0.640821
84,146,0.392049
84,147,0.0895503
84,148,0.445386
84,149,0.496655
84,150,0.821402
84,151,0.329032
84,152,0.82963
84,153,0.0872633
84,154,0.387636
84,155,0.217408
84,156,0.3821
84,157,0.883867
84,158,0.0940868
84,159,0.0872633
84,160,0.0849951
84,161,0.117609
84,162,0.710605
84,163,0.663428
84,164,0.589984
84,165,0.265872
84,166,0.241124
84,167,0.42994
84,168,0.841922
84,169,0.176521
84,170,0.735563
84,171,0.687289
84,172,0.67054
84,173,0.740168
84,174,0
84,175,0.584291
84,176,0.357955
84,177,0.305817
84,178,0.648314
84,179,0
84,180,0
84,181,0.542012
84,182,0.27773
84,183,0.777458
84,184,0.631641
84,185,0.729924
84,186,0.0618592
84,187,0.0867931
84,188,0.689286
84,189,0.231442
84,190,0.152793
84,191,0
84,192,0.432966
84,193,0
84,194,0.574405
84,195,0.106866
84,196,0.291098
84,197,0
84,198,0.614712
84,199,0.216929
85,0,0.353042
85,1,0.259912
85,2,0.00497758
85,3,0.00509583
85,4,0.0925231
85,5,0
85,6,0.508344
85,7,0
85,8,0.319108
85,9,0.324162
85,10,0
85,11,0.373221
85,12,0.0461851
85,13,0.129322
85,14,0.32612
85,15,0
85,16,0.0478291
85,17,0.576521
85,18,0.132845
85,19,0
85,20,0
85,21,0.472623
85,22,0
85,23,0
85,24,0
85,25,0
85,26,0
85,27,0.085363
85,28,0
85,29,0
85,30,0.495274
85,31,0.131345
85,32,0.340038
85,33,0
85,34,0.248446
85,35,0
85,36,0
85,37,0.129493
85,38,0
85,39,0
85,40,0
85,41,0
85,42,0.36093
85,43,0.265906
85,44,0.391251
85,45,0.075101
85,46,0.508702
85,47,0
85,48,0.0339498
85,49,0.036719
85,50,0.134417
85,51,0.4191
85,52,0
85,53,0.466597
85,54,0.432456
85,55,0
85,56,0.568721
85,57,0
85,58,0.413911
85,59,0
85,60,0
85,61,0.338401
85,62,0.332541
85,63,0
85,64,0.456159
85,65,0.0168006
85,66,0
85,67,0
85,68,0.599332
85,69,0.168469
85,70,0
85,71,0
85,72,0.504472
85,73,0.675933
85,74,0.61971
85,75,0.358328
85,76,0.216332
85,77,0.601265
85,78,0.650989
85,79,0.725115
85,80,0.121877
85,81,0.26464
85,82,0.633572
85,83,0.509983
85,84,0.213835
85,85,0
85,86,0.538169
85,87,0.865835
85,88,0.214915
85,89,0.681851
85,90,0.682097
85,91,0.381041
85,92,0.950912
85,93,0.390538
85,94,0.101233
85,95,0.96521
85,96,0.196
85,97,0.431981
85,98,0.199498
85,99,0.306371
85,100,0.327675
85,101,0.656822
85,102,0.432641
85,103,0.465236
85,104,0.38868
85,105,0.32071
85,106,0.289935
85,107,0.934955
85,108,0.706969
85,109,0.0988665
85,110,0.722312
85,111,0.549685
85,112,0.264825
85,113,0.096514
85,114,0.23485
85,115,0.795417
85,116,0.291012
85,117,0.760381
85,118,0.662911
85,119,0.505535
85,120,0.449381
85,121,0.34422
85,122,0.886576
85,123,0.408173
85,124,0.742638
85,125,0.096514
85,126,0.374217
85,127,0.936304
85,128,0.402484
85,129,0.584764
85,130,0.252937
85,131,0.740421
85,132,0.251847
85,133,0.696627
85,134,0.224567
85,135,0.661828
85,136,0.0918549
85,137,0.526393
85,138,0.608675
85,139,0.757511
85,140,0.595936
85,141,0.351516
85,142,0.3285
85,143,0.882065
85,144,0.441326
85,145,0.58544
85,146,0.709809
85,147,0.76224
85,148,0.367999
85,149,0.394898
85,150,0.293166
85,151,0.849712
85,152,0.77145
85,153,0.212075
85,154,0.291
85,155,0.544773
85,156,0.213216
85,157,0.706115
85,158,0.524406
85,159,0.659029
85,160,0.325755
85,161,0.813006
85,162,0.435113
85,163,0.621718
85,164,0.553749
85,165,0.703796
85,166,0.325227
85,167,0.634067
85,168,0.281279
85,169,0.0872633
85,170,0.445879
85,171,0.0872633
85,172,0.385636
85,173,0.821072
85,174,0.775278
85,175,0.794614
85,176,0.374163
85,177,0.537733
85,178,0.614365
85,179,0.807396
85,180,0
85,181,0
85,182,0.723125
85,183,0
85,184,0.244778
85,185,0.0716212
85,186,0.440032
85,187,0.523999
85,188,0
85,189,0.0328848
85,190,0.251475
85,191,0.248838
85,192,0
85,193,0.763487
85,194,0
85,195,0.55344
85,196,0.538158
85,197,0.343548
85,198,0.258373
85,199,0
86,0,0.600873
86,1,0.613503
86,2,0.00540529
86,3,0
86,4,0.519548
86,5,0
86,6,0
86,7,0.0635789
86,8,0.38479
86,9,0.458211
86,10,0.0366031
86,11,0.557056
86,12,0.606082
86,13,0
86,14,0.562695
86,15,0.029626
86,16,0.189255
86,17,0.186118
86,18,0
86,19,0.214094
86,20,0.399114
86,21,0.166387
86,22,0
86,23,0.505588
86,24,0.10454
86,25,0
86,26,0.23589
86,27,0
86,28,0.304249
86,29,0
86,30,0
86,31,0
86,32,0
86,33,0.0167772
86,34,0
86,35,0.536061
86,36,0.0630383
86,37,0.021094
86,38,0
86,39,0
86,40,0
86,41,0.382347
86,42,0
86,43,0
86,44,0
86,45,0
86,46,0.229752
86,47,0.249413
86,48,0.246476
86,49,0.345936
86,50,0
86,51,0.0272275
86,52,0
86,53,0
86,54,0
86,55,0.397529
86,56,0.0500381
86,57,0.552067
86,58,0
86,59,0
86,60,0
86,61,0
86,62,0.0862324
86,63,0
86,64,0.410124
86,65,0.489559
86,66,0
86,67,0
86,68,0
86,69,0.102133
86,70,0.164952
86,71,0.248118
86,72,0
86,73,0.368562
86,74,0.538086
86,75,0.0901918
86,76,0.517624
86,77,0.236311
86,78,0.766916
86,79,0.236085
86,80,0.0650689
86,81,0.14149
86,82,0.752168
86,83,0.448475
86,84,0.510641
86,85,0.139732
86,86,0
86,87,0.313466
86,88,0.100874
86,89,0.127238
86,90,0.363275
86,91,0.187067
86,92,0.174765
86,93,0.716023
86,94,0.649406
86,95,0.272624
86,96,0.491359
86,97,0.494765
86,98,0.312083
86,99,0.725628
86,100,0.764875
86,101,0.723838
86,102,0.185391
86,103,0.286174
86,104,0.914058
86,105,0.790482
86,106,0.096514
86,107,0.217966
86,108,0.50439
86,109,0.474376
86,110,0.194545
86,111,0.885877
86,112,0.662438
86,113,0.437399
86,114,0.7182
86,115,0.159351
86,116,0.0941765
86,117,0.881629
86,118,0.48468
86,119,0.0941765
86,120,0.0941765
86,121,0.854369
86,122,0.210515
86,123,0.213272
86,124,0.585401
86,125,0.87493
86,126,0.49386
86,127,0.0918549
86,128,0.376882
86,129,0.824119
86,130,0.824589
86,131,0.159161
86,132,0.565361
86,133,0.0918549
86,134,0.471368
86,135,0.507851
86,136,0.837654
86,137,0.544644
86,138,0.744834
86,139,0.370488
86,140,0.0895503
86,141,0.0895503
86,142,0.284804
86,143,0.738341
86,144,0.441491
86,145,0.0895503
86,146,0.937139
86,147,0.469912
86,148,0.0872633
86,149,0.451126
86,150,0.51874
86,151,0.0872633
86,152,0.34495
86,153,0.768711
86,154,0.259595
86,155,0.0872633
86,156,0.681427
86,157,0.801453
86,158,0.100128
86,159,0.108743
86,160,0.667586
86,161,0.0849951
86,162,0.310691
86,163,0.284153
86,164,0.0849951
86,165,0.833265
86,166,0.840771
86,167,0.0849951
86,168,0.436091
86,169,0.646227
86,170,0.374575
86,171,0.544941
86,172,0.667078
86,173,0.713177
86,174,0.254334
86,175,0.0855358
86,176,0.722356
86,177,0.251186
86,178,0.620033
86,179,0.737799
86,180,0.774607
86,181,0.211069
86,182,0.816961
86,183,0.192618
86,184,0.0467812
86,185,0.141114
86,186,0.227748
86,187,0.80126
86,188,0.018063
86,189,0.403372
86,190,0
86,191,0.769565
86,192,0.45479
86,193,0.380106
86,194,0.137633
86,195,0.585569
86,196,0.291282
86,197,0.0563099
86,198,0.606176
86,199,0
87,0,0.803139
87,1,0.00580698
87,2,0.283253
87,3,0.392922
87,4,0
87,5,0
87,6,0
87,7,0.611996
87,8,0.134898
87,9,0.443852
87,10,0.519717
87,11,0.0885832
87,12,0
87,13,0.515639
87,14,0.455986
87,15,0.0648492
87,16,0
87,17,0
87,18,0.0499934
87,19,0.0463089
87,20,0.459701
87,21,0.22196
87,22,0.0050545
87,23,0.102893
87,24,0
87,25,0.325546
87,26,0
87,27,0.266121
87,28,0.573569
87,29,0
87,30,0.269702
87,31,0.555394
87,32,0
87,33,0
87,34,0.301278
87,35,0
87,36,0
87,37,0.312175
87,38,0
87,39,0.479472
87,40,0.121527
87,41,0
87,42,0
87,43,0.317654
87,44,0
87,45,0
87,46,0
87,47,0
87,48,0
87,49,0.169097
87,50,0.369778
87,51,0
87,52,0
87,53,0
87,54,0.303261
87,55,0
87,56,0.461809
87,57,0.560843
87,58,0
87,59,0.436669
87,60,0
87,61,0.278345
87,62,0.402027
87,63,0
87,64,0.603707
87,65,0.121202
87,66,0.397468
87,67,0.00476376
87,68,0
87,69,0
87,70,0
87,71,0.423701
87,72,0.10522
87,73,0.297773
87,74,0.195641
87,75,0.299326
87,76,0.507887
87,77,0.403752
87,78,0.713494
87,79,0
87,80,0.052013
87,81,0.558655
87,82,0.274464
87,83,0.303904
87,84,0.796011
87,85,0.0481807
87,86,0.713864
87,87,0
87,88,0.73248
87,89,0.100874
87,90,0.744064
87,91,0.580816
87,92,0.101884
87,93,0.409981
87,94,0.364198
87,95,0.456742
87,96,0.385312
87,97,0.848099
87,98,0.20801
87,99,0.730623
87,100,0.101233
87,101,0.326622
87,102,0.954555
87,103,0.749035
87,104,0.694121
87,105,0.500501
87,106,0.186716
87,107,0.219671
87,108,0.217502
87,109,0.787413
87,110,0.110404
87,111,0.342363
87,112,0.976583
87,113,0.784702
87,114,0.711547
87,115,0.34337
87,116,0.637654
87,117,0.795263
87,118,0.096514
87,119,0.374077
87,120,0.867612
87,121,0.820599
87,122,0.95495
87,123,0.096514
87,124,0.23846
87,125,0.327029
87,126,0.434952
87,127,0.621438
87,128,0.175174
87,129,0.654011
87,130,0.362322
87,131,0.227069
87,132,0.0941765
87,133,0.327926
87,134,0.0941765
87,135,0.706316
87,136,0.840318
87,137,0.193621
87,138,0.937878
87,139,0.0918549
87,140,0.0918549
87,141,0.0918549
87,142,0.442801
87,143,0.0918549
87,144,0.88344
87,145,0.176438
87,146,0.375933
87,147,0.550995
87,148,0.0895503
87,149,0.475039
87,150,0.0895503
87,151,0.893824
87,152,0.327971
87,153,0.0895503
87,154,0.904315
87,155,0.597115
87,156,0.295459
87,157,0.380166
87,158,0.261881
87,159,0.513961
87,160,0.0872633
87,161,0.659866
87,162,0.776693
87,163,0.104064
87,164,0.0872633
87,165,0.815823
87,166,0.852061
87,167,0.0872633
87,168,0.0872633
87,169,0.843464
87,170,0.0872633
87,171,0.117184
87,172,0.0849951
87,173,0.546245
87,174,0.0791176
87,175,0.81006
87,176,0.690335
87,177,0.507697
87,178,0.418566
87,179,0.749449
87,180,0.0479701
87,181,0.434263
87,182,0.709289
87,183,0.441957
87,184,0.431947
87,185,0.6711
87,186,0.0989984
87,187,0.793411
87,188,0.119712
87,189,0.429327
87,190,0.375819
87,191,0.265665
87,192,0.166093
87,193,0.229411
87,194,0.446629
87,195,0.274901
87,196,0.116108
87,197,0.369555
87,198,0.269083
87,199,0.253534
88,0,0.47703
88,1,0.254541
88,2,0.29671
88,3,0.187365
88,4,0
88,5,0.550206
88,6,0.172587
88,7,0
88,8,0.219603
88,9,0
88,10,0
88,11,0.44179
88,12,0.360193
88,13,0.542435
88,14,0.0535017
88,15,0
88,16,0.396927
88,17,0.33549
88,18,0
88,19,0
88,20,0
88,21,0.50022
88,22,0.14498
88,23,0.294222
88,24,0
88,25,0
88,26,0
88,27,0.208389
88,28,0.325583
88,29,0.202625
88,30,0
88,31,0
88,32,0
88,33,0.29246
88,34,0.33519
88,35,0.0221958
88,36,0.185352
88,37,0
88,38,0.12006
88,39,0
88,40,0
88,41,0.135249
88,42,0.553189
88,43,0
88,44,0.039403
88,45,0
88,46,0
88,47,0
88,48,0
88,49,0.293924
88,50,0
88,51,0
88,52,0.157673
88,53,0.349817
88,54,0
88,55,0.439088
88,56,0.494909
88,57,0
88,58,0.0338067
88,59,0.210301
88,60,0.336304
88,61,0.0818994
88,62,0.415102
88,63,0.533108
88,64,0
88,65,0.157923
88,66,0
88,67,0.374434
88,68,0.431141
88,69,0.509132
88,70,0.558045
88,71,0
88,72,0.0823683
88,73,0.549237
88,74,0
88,75,0.561909
88,76,0
88,77,0.368971
88,78,0
88,79,0.0736762
88,80,0.13794
88,81,0.117526
88,82,0.513978
88,83,0.78031
88,84,0
88,85,0.603298
88,86,0.698094
88,87,0.874179
88,88,0
88,89,0.817935
88,90,0.185106
88,91,0.573802
88,92,0.565884
88,93,0.662852
88,94,0.378496
88,95,0.485818
88,96,0.822984
88,97,0.909409
88,98,0.819925
88,99,0.550159
88,100,0.679453
88,101,0.661887
88,102,0.427619
88,103,0.79012
88,104,0.0988665
88,105,0.241983
88,106,0.973534
88,107,0.829199
88,108,0.430122
88,109,0.558594
88,110,0.830505
88,111,0.683203
88,112,0.854352
88,113,0.096514
88,114,0.313285
88,115,0.719145
88,116,0.117215
88,117,0.096514
88,118,0.455905
88,119,0.096514
88,120,0.802511
88,121,0.641882
88,122,0.642551
88,123,0.376332
88,124,0.312614
88,125,0.096514
88,126,0.862984
88,127,0.133264
88,128,0.938382
88,129,0.693958
88,130,0.693684
88,131,0.628097
88,132,0.366107
88,133,0.132352
88,134,0.437126
88,135,0.410266
88,136,0.386226
88,137,0.422551
88,138,0.251356
88,139,0.837662
88,140,0.0918549
88,141,0.10239
88,142,0.54217
88,143,0.878116
88,144,0.216872
88,145,0.877545
88,146,0.629587
88,147,0.363988
88,148,0.87248
88,149,0.107669
88,150,0.457732
88,151,0.707323
88,152,0.781884
88,153,0.132615
88,154,0.11677
88,155,0.125183
88,156,0.192227
88,157,0.0895503
88,158,0.301775
88,159,0.173937
88,160,0.749486
88,161,0.0872633
88,162,0.837697
88,163,0.159709
88,164,0.20759
88,165,0.318939
88,166,0.611655
88,167,0.644906
88,168,0.79258
88,169,0.916536
88,170,0.536869
88,171,0.84934
88,172,0.0849951
88,173,0.125732
88,174,0.689154
88,175,0.250142
88,176,0
88,177,0.371387
88,178,0.671641
88,179,0
88,180,0.54429
88,181,0.194607
88,182,0.681981
88,183,0.392191
88,184,0.387161
88,185,0
88,186,0.5773
88,187,0.645392
88,188,0
88,189,0
88,190,0
88,191,0.771731
88,192,0.0555439
88,193,0.802373
88,194,0.00833966
88,195,0.340034
88,196,0.192187
88,197,0.690861
88,198,0.0558056
88,199,0.0616582
89,0,0.8083
89,1,0.528142
89,2,0
89,3,0
89,4,0
89,5,0
89,6,0.120383
89,7,0
89,8,0.240009
89,9,0
89,10,0
89,11,0
89,12,0.320818
89,13,0
89,14,0.5202
89,15,0
89,16,0
89,17,0.280256
89,18,0
89,19,0
89,20,0.407248
89,21,0
89,22,0
89,23,0
89,24,0
89,25,0.112386
89,26,0.162445
89,27,0.136456
89,28,0
89,29,0.40636
89,30,0.385278
89,31,0
89,32,0.261652
89,33,0.568623
89,34,0
89,35,0.3385
89,36,0.611801
89,37,0.349413
89,38,0.563208
89,39,0.198375
89,40,0
89,41,0
89,42,0.503257
89,43,0.313451
89,44,0.0271409
89,45,0.378159
89,46,0.545195
89,47,0.208942
89,48,0
89,49,0
89,50,0.540358
89,51,0
89,52,0
89,53,0
89,54,0
89,55,0
89,56,0.304033
89,57,0.298969
89,58,0.390107
89,59,0
89,60,0.091687
89,61,0.167227
89,62,0
89,63,0
89,64,0.133646
89,65,0.227609
89,66,0.49789
89,67,0.149095
89,68,0
89,69,0.474861
89,70,0
89,71,0.0625781
89,72,0
89,73,0.672354
89,74,0
89,75,0.232619
89,76,0.518159
89,77,0
89,78,0
89,79,0
89,80,0
89,81,0
89,82,0.217403
89,83,0.128857
89,84,0.219248
89,85,0.455374
89,86,0.483199
89,87,0.00265499
89,88,0.23768
89,89,0
89,90,0.346243
89,91,0.137619
89,92,0.758256
89,93,0.916255
89,94,0.46521
89,95,0.90252
89,96,0.436833
89,97,0.105238
89,98,0.772137
89,99,0.945855
89,100,0.412784
89,101,0.588061
89,102,0.105255
89,103,0.783707
89,104,0.647551
89,105,0.101233
89,106,0.871283
89,107,0.135785
89,108,0.775589
89,109,0.914158
89,110,0.24632
89,111,0.943281
89,112,0.983084
89,113,0.306481
89,114,0.290236
89,115,0.210079
89,116,0.617824
89,117,0.815337
89,118,0.744746
89,119,0.657581
89,120,0.0988665
89,121,0.0988665
89,122,0.788976
89,123,0.829808
89,124,0.0988665
89,125,0.254186
89,126,0.725251
89,127,0.429967
89,128,0.318166
89,129,0.500544
89,130,0.378204
89,131,0.733331
89,132,0.096514
89,133,0.421963
89,134,0.528062
89,135,0.751951
89,136,0.443962
89,137,0.403315
89,138,0.891708
89,139,0.232973
89,140,0.330897
89,141,0.150679
89,142,0.189673
89,143,0.327399
89,144,0.479199
89,145,0.494099
89,146,0.561917
89,147,0.119038
89,148,0.323695
89,149,0.320922
89,150,0.794078
89,151,0.419299
89,152,0.432423
89,153,0.6075
89,154,0.274322
89,155,0.458574
89,156,0.884471
89,157,0.0918549
89,158,0.923989
89,159,0.238084
89,160,0.560104
89,161,0.329937
89,162,0.0895503
89,163,0.687313
89,164,0.788121
89,165,0.563443
89,166,0.473052
89,167,0.275313
89,168,0.0895503
89,169,0.410424
89,170,0.554719
89,171,0.387318
89,172,0.599883
89,173,0.783171
89,174,0.666233
89,175,0.0365839
89,176,0.234772
89,177,0.272915
89,178,0.20525
89,179,0.615851
89,180,0.651221
89,181,0.0567124
89,182,0.0933033
89,183,0.141797
89,184,0.71627
89,185,0.417241
89,186,0.652417
89,187,0.658882
89,188,0.510415
89,189,0.636989
89,190,0
89,191,0.13958
89,192,0.0359865
89,193,0.0257691
89,194,0
89,195,0
89,196,0.652225
89,197,0.43201
89,198,0.231486
89,199,0.731266
90,0,0.180957
90,1,0
90,2,0.0542588
90,3,0.459717
90,4,0.584207
90,5,0
90,6,0.665923
90,7,0
90,8,0.317417
90,9,0.0238493
90,10,0
90,11,0.137084
90,12,0.249796
90,13,0.0179339
90,14,0.442585
90,15,0.138894
90,16,0.61276
90,17,0.271958
90,18,0
90,19,0.295858
90,20,0.082572
90,21,0.103544
90,22,0.613851
90,23,0.296718
90,24,0.296575
90,25,0
90,26,0.359798
90,27,0.131904
90,28,0.293902
90,29,0
90,30,0.0443958
90,31,0.389478
90,32,0
90,33,0.421852
90,34,0.167779
90,35,0
90,36,0.630724
90,37,0.151615
90,38,0.0271698
90,39,0.278268
90,40,0.50836
90,41,0.117071
90,42,0
90,43,0.0839585
90,44,0.475417
90,45,0.527415
90,46,0.551689
90,47,0.404572
90,48,0.122337
90,49,0
90,50,0.044913
90,51,0.54459
90,52,0.303681
90,53,0
90,54,0.181058
90,55,0
90,56,0.0306878
90,57,0
90,58,0.44881
90,59,0
90,60,0.0341513
90,61,0
90,62,0.453644
90,63,0.224837
90,64,0
90,65,0.00615542
90,66,0.330374
90,67,0
90,68,0.557898
90,69,0
90,70,0.370494
90,71,0.470006
90,72,0.289129
90,73,0.533457
90,74,0
90,75,0.184903
90,76,0.485161
90,77,0
90,78,0.0393293
90,79,0.0554793
90,80,0.298387
90,81,0.545231
90,82,0.0708649
90,83,0.0796546
90,84,0.0238412
90,85,0.719366
90,86,0.513197
90,87,0.534244
90,88,0.0988063
90,89,0.42937
90,90,0
90,91,0.703982
90,92,0.585348
90,93,0.736606
90,94,0.564146
90,95,0.212782
90,96,0.805412
90,97,0.960885
90,98,0.927807
90,99,0.868348
90,100,0.881441
90,101,0.101233
90,102,0.584831
90,103,0.678672
90,104,0.63867
90,105,0.41497
90,106,0.952917
90,107,0.102307
90,108,0.163428
90,109,0.180093
90,110,0.376258
90,111,0.437056
90,112,0.676214
90,113,0.0984758
90,114,0.665738
90,115,0.882789
90,116,0.243396
90,117,0.484057
90,118,0.476754
90,119,0.843261
90,120,0.627847
90,121,0.939982
90,122,0.551975
90,123,0.222733
90,124,0.684863
90,125,0.124058
90,126,0.436349
90,127,0.487941
90,128,0.0941765
90,129,0.375206
90,130,0.366551
90,131,0.0941765
90,132,0.426218
90,133,0.0941765
90,134,0.674272
90,135,0.0941765
90,136,0.389292
90,137,0.639081
90,138,0.200387
90,139,0.574034
90,140,0.840488
90,141,0.597174
90,142,0.0918549
90,143,0.538007
90,144,0.725575
90,145,0.720221
90,146,0.453122
90,147,0.0918549
90,148,0.226456
90,149,0.0895503
90,150,0.867526
90,151,0.886636
90,152,0.924368
90,153,0.451833
90,154,0.142483
90,155,0.639915
90,156,0.606575
90,157,0.619731
90,158,0.171185
90,159,0.734892
90,160,0.0872633
90,161,0.573399
90,162,0.747245
90,163,0.500146
90,164,0.579946
90,165,0.465634
90,166,0.628016
90,167,0.0872633
90,168,0.155805
90,169,0.881928
90,170,0.648662
90,171,0.0872633
90,172,0.525795
90,173,0.727749
90,174,0.550298
90,175,0.219021
90,176,0.415622
90,177,0.0560668
90,178,0.275405
90,179,0.707312
90,180,0.0733548
90,181,0.208165
90,182,0.659964
90,183,0.0637391
90,184,0.719937
90,185,0
90,186,0.763581
90,187,0.392516
90,188,0.548122
90,189,0.00321262
90,190,0.195855
90,191,0.654834
90,192,0.653511
90,193,0.0199998
90,194,0.23188
90,195,0.310357
90,196,0.556508
90,197,0
90,198,0.40155
90,199,0.789204
91,0,0.175338
91,1,0.0146968
91,2,0
91,3,0.389328
91,4,0
91,5,0.525935
91,6,0
91,7,0.410485
91,8,0
91,9,0.216456
91,10,0.28103
91,11,0
91,12,0.599307
91,13,0.114681
91,14,0.222097
91,15,0.497524
91,16,0.157601
91,17,0.167918
91,18,0.0679626
91,19,0
91,20,0.350068
91,21,0.444692
91,22,0
91,23,0.187262
91,24,0.637091
91,25,0.131376
91,26,0
91,27,0.38204
91,28,0.247649
91,29,0.261711
91,30,0.357724
91,31,0.326505
91,32,0.572785
91,33,0.469575
91,34,0.0219963
91,35,0
91,36,0.302551
91,37,0.110923
91,38,0.437735
91,39,0.362396
91,40,0
91,41,0.0402248
91,42,0
91,43,0.560547
91,44,0.483815
91,45,0.219504
91,46,0.374681
91,47,0
91,48,0
91,49,0
91,50,0.160026
91,51,0.374375
91,52,0.539531
91,53,0.20854
91,54,0
91,55,0.518198
91,56,0
91,57,0
91,58,0.249568
91,59,0.27711
91,60,0.51497
91,61,0
91,62,0
91,63,0.458264
91,64,0
91,65,0.359563
91,66,0.5459
91,67,0.483874
91,68,0
91,69,0.369114
91,70,0.23768
91,71,0
91,72,0
91,73,0.313226
91,74,0
91,75,0
91,76,0
91,77,0.682116
91,78,0.0927205
91,79,0.0824477
91,80,0
91,81,0.706786
91,82,0
91,83,0
91,84,0.391307
91,85,0.271872
91,86,0
91,87,0.547548
91,88,0.657878
91,89,0.632813
91,90,0.306167
91,91,0
91,92,0.645808
91,93,0.100874
91,94,0.704531
91,95,0.515187
91,96,0.275105
91,97,0.462232
91,98,0.45405
91,99,0.142412
91,100,0.692877
91,101,0.191747
91,102,0.737962
91,103,0.93065
91,104,0.328519
91,105,0.36239
91,106,0.113875
91,107,0.330436
91,108,0.588365
91,109,0.0988665
91,110,0.675646
91,111,0.907432
91,112,0.188283
91,113,0.578887
91,114,0.0988665
91,115,0.253478
91,116,0.112154
91,117,0.397894
91,118,0.268071
91,119,0.746699
91,120,0.121394
91,121,0.95363
91,122,0.096514
91,123,0.779809
91,124,0.096514
91,125,0.792493
91,126,0.295887
91,127,0.298451
91,128,0.25477
91,129,0.760986
91,130,0.451125
91,131,0.0941765
91,132,0.0941765
91,133,0.200136
91,134,0.907468
91,135,0.312814
91,136,0.574417
91,137,0.0918549
91,138,0.655141
91,139,0.184096
91,140,0.120187
91,141,0.351316
91,142,0.112833
91,143,0.329775
91,144,0.0918549
91,145,0.14084
91,146,0.615578
91,147,0.102185
91,148,0.560912
91,149,0.905827
91,150,0.874274
91,151,0.714638
91,152,0.89179
91,153,0.0895503
91,154,0.527562
91,155,0.0895503
91,156,0.809469
91,157,0.864347
91,158,0.289934
91,159,0.107568
91,160,0.660209
91,161,0.776722
91,162,0.101139
91,163,0.667319
91,164,0.0872633
91,165,0.0872633
91,166,0.0872633
91,167,0.646481
91,168,0.137048
91,169,0.73048
91,170,0.884878
91,171,0.311536
91,172,0.128488
91,173,0.0849951
91,174,0.603008
91,175,0.0562685
91,176,0.152894
91,177,0.271233
91,178,0.215964
91,179,0.77904
91,180,0.242294
91,181,0.155472
91,182,0.559695
91,183,0.2001
91,184,0.201703
91,185,0.144753
91,186,0.208181
91,187,0.0771773
91,188,0.0775467
91,189,0.566562
91,190,0.253192
91,191,0.814656
91,192,0.420184
91,193,0.431231
91,194,0.558875
91,195,0.518058
91,196,0.554829
91,197,0.651554
91,198,0.235404
91,199,0.768768
92,0,0.626519
92,1,0.0923377
92,2,0.0490417
92,3,0.568883
92,4,0.220198
92,5,0
92,6,0
92,7,0.541826
92,8,0.257807
92,9,0.173472
92,10,0.483916
92,11,0.673884
92,12,0.503537
92,13,0.217194
92,14,0.0429237
92,15,0
92,16,0.544809
92,17,0.433135
92,18,0.138441
92,19,0
92,20,0.178513
92,21,0.572392
92,22,0
92,23,0
92,24,0.17586
92,25,0.534581
92,26,0.475467
92,27,0
92,28,0.37149
92,29,0
92,30,0
92,31,0.0195148
92,32,0.278872
92,33,0.226372
92,34,0
92,35,0
92,36,0.352539
92,37,0
92,38,0
92,39,0
92,40,0.472176
92,41,0.452328
92,42,0
92,43,0.280707
92,44,0
92,45,0.26836
92,46,0.473451
92,47,0
92,48,0.00275553
92,49,0
92,50,0
92,51,0.501023
92,52,0
92,53,0.0723012
92,54,0
92,55,0.330095
92,56,0
92,57,0.407207
92,58,0
92,59,0
92,60,0
92,61,0
92,62,0.024612
92,63,0.292417
92,64,0.404745
92,65,0.275873
92,66,0.464951
92,67,0.123899
92,68,0
92,69,0.497137
92,70,0.428118
92,71,0.496458
92,72,0.346778
92,73,0
92,74,0.18765
92,75,0
92,76,0.405935
92,77,0.0866588
92,78,0.00649231
92,79,0
92,80,0.466423
92,81,0.411207
92,82,0.746989
92,83,0.755571
92,84,0
92,85,0
92,86,0.56014
92,87,0.369451
92,88,0.757547
92,89,0.622458
92,90,0.505775
92,91,0.882081
92,92,0
92,93,0.920722
92,94,0.983546
92,95,0.61034
92,96,0.737885
92,97,0.662917
92,98,0.47334
92,99,0.25058
92,100,0.681949
92,101,0.345482
92,102,0.105255
92,103,0.525901
92,104,0.101233
92,105,0.101233
92,106,0.101233
92,107,0.101233
92,108,0.790955
92,109,0.39707
92,110,0.337574
92,111,0.881493
92,112,0.101233
92,113,0.957306
92,114,0.8745
92,115,0.0988665
92,116,0.0988665
92,117,0.87234
92,118,0.684205
92,119,0.538499
92,120,0.709087
92,121,0.372146
92,122,0.0988665
92,123,0.617955
92,124,0.297589
92,125,0.0988665
92,126,0.221613
92,127,0.096514
92,128,0.722417
92,129,0.698109
92,130,0.278259
92,131,0.406747
92,132,0.096514
92,133,0.324999
92,134,0.943672
92,135,0.096514
92,136,0.423888
92,137,0.0941765
92,138,0.154044
92,139,0.228266
92,140,0.388407
92,141,0.504269
92,142,0.123177
92,143,0.494021
92,144,0.483614
92,145,0.0941765
92,146,0.526695
92,147,0.573992
92,148,0.898466
92,149,0.225159
92,150,0.12995
92,151,0.631999
92,152,0.621751
92,153,0.236548
92,154,0.275168
92,155,0.0918549
92,156,0.326687
92,157,0.529799
92,158,0.0918549
92,159,0.0918549
92,160,0.254878
92,161,0.308873
92,162,0.519043
92,163,0.337072
92,164,0.670095
92,165,0.498937
92,166,0.45331
92,167,0.137212
92,168,0.520081
92,169,0.653019
92,170,0.411911
92,171,0.0895503
92,172,0.196067
92,173,0.573868
92,174,0.400457
92,175,0.637183
92,176,0.543237
92,177,0
92,178,0.260803
92,179,0.499087
92,180,0.25446
92,181,0.448137
92,182,0.189239
92,183,0
92,184,0.736743
92,185,0.514023
92,186,0
92,187,0.121571
92,188,0.104405
92,189,0
92,190,0.266705
92,191,0.428344
92,192,0.369921
92,193,0
92,194,0
92,195,0.109076
92,196,0.41676
92,197,0.35079
92,198,0.309293
92,199,0.00589225
93,0,0.227886
93,1,0.692903
93,2,0
93,3,0.249992
93,4,0.342197
93,5,0.498648
93,6,0.0567977
93,7,0.0484974
93,8,0.624566
93,9,0.468707
93,10,0
93,11,0.0471764
93,12,0.0858169
93,13,0.061936
93,14,0.14477
93,15,0
93,16,0
93,17,0.249591
93,18,0.288826
93,19,0.0302242
93,20,0.414693
93,21,0
93,22,0.636465
93,23,0
93,24,0
93,25,0.642139
93,26,0.241126
93,27,0.351264
93,28,0.172506
93,29,0
93,30,0.537842
93,31,0.428692
93,32,0
93,33,0
93,34,0
93,35,0.331448
93,36,0.542233
93,37,0.305748
93,38,0
93,39,0.463846
93,40,0.075431
93,41,0
93,42,0
93,43,0.452741
93,44,0.0557732
93,45,0.261696
93,46,0
93,47,0.0890339
93,48,0
93,49,0.336135
93,50,0.430475
93,51,0.519906
93,52,0.372841
93,53,0.371294
93,54,0
93,55,0.4447
93,56,0.32982
93,57,0.343847
93,58,0.123389
93,59,0
93,60,0.406434
93,61,0.000647423
93,62,0
93,63,0.455591
93,64,0.104344
93,65,0
93,66,0.144565
93,67,0
93,68,0.58477
93,69,0.187245
93,70,0
93,71,0.0316852
93,72,0.25573
93,73,0.0282974
93,74,0
93,75,0
93,76,0.655153
93,77,0.0420876
93,78,0.216038
93,79,0
93,80,0
93,81,0.08722
93,82,0
93,83,0.654639
93,84,0
93,85,0.117712
93,86,0.569529
93,87,0.726712
93,88,0
93,89,0.16383
93,90,0.0431739
93,91,0.836321
93,92,0.646176
93,93,0
93,94,0.116145
93,95,0.741378
93,96,0.189491
93,97,0.442371
93,98,0.291823
93,99,0.585709
93,100,0.415136
93,101,0.863401
93,102,0.794857
93,103,0.805472
93,104,0.46222
93,105,0.156136
93,106,0.101233
93,107,0.482361
93,108,0.145491
93,109,0.357066
93,110,0.97854
93,111,0.317118
93,112,0.424143
93,113,0.292775
93,114,0.403286
93,115,0.259134
93,116,0.392404
93,117,0.674873
93,118,0.965497
93,119,0.241055
93,120,0.719962
93,121,0.216135
93,122,0.342776
93,123,0.594161
93,124,0.889069
93,125,0.463642
93,126,0.33012
93,127,0.096514
93,128,0.898216
93,129,0.625098
93,130,0.656812
93,131,0.315733
93,132,0.490881
93,133,0.454825
93,134,0.132228
93,135,0.096514
93,136,0.614932
93,137,0.155138
93,138,0.452847
93,139,0.773846
93,140,0.525626
93,141,0.444038
93,142,0.104383
93,143,0.0941765
93,144,0.758852
93,145,0.52186
93,146,0.246761
93,147,0.173271
93,148,0.210992
93,149,0.226517
93,150,0.431785
93,151,0.0918549
93,152,0.467098
93,153,0.799006
93,154,0.574775
93,155,0.378952
93,156,0.285433
93,157,0.937913
93,158,0.483122
93,159,0.219097
93,160,0.589982
93,161,0.167678
93,162,0.562574
93,163,0.117085
93,164,0.658726
93,165,0.731024
93,166,0.117387
93,167,0.316888
93,168,0.0895503
93,169,0.615899
93,170,0.137167
93,171,0.50145
93,172,0.098717
93,173,0.28033
93,174,0.416154
93,175,0.815071
93,176,0.759691
93,177,0.70768
93,178,0.0379696
93,179,0.0280667
93,180,0
93,181,0.527138
93,182,0.0416187
93,183,0.516832
93,184,0.378202
93,185,0.66601
93,186,0
93,187,0.721776
93,188,0.664506
93,189,0.491535
93,190,0.00145552
93,191,0.323548
93,192,0.728274
93,193,0.63309
93,194,0.509694
93,195,0.456061
93,196,0.427127
93,197,0.690086
93,198,0
93,199,0.425571
94,0,0.522242
94,1,0
94,2,0
94,3,0.468028
94,4,0.313658
94,5,0.493765
94,6,0.452721
94,7,0.236314
94,8,0.35515
94,9,0.641335
94,10,0.421297
94,11,0.514798
94,12,0.33737
94,13,0.630736
94,14,0.19472
94,15,0
94,16,0.473856
94,17,0.31863
94,18,0
94,19,0.311
94,20,0
94,21,0
94,22,0
94,23,0
94,24,0
94,25,0.493003
94,26,0.514705
94,27,0.367085
94,28,0.362421
94,29,0.531938
94,30,0
94,31,0
94,32,0
94,33,0.158409
94,34,0.660825
94,35,0.341086
94,36,0
94,37,0.384869
94,38,0
94,39,0.564297
94,40,0.31416
94,41,0.572059
94,42,0.363463
94,43,0
94,44,0.4997
94,45,0
94,46,0.100505
94,47,0.239082
94,48,0.445237
94,49,0.171112
94,50,0
94,51,0
94,52,0.421617
94,53,0
94,54,0
94,55,0.485047
94,56,0
94,57,0
94,58,0.165281
94,59,0.421685
94,60,0.564302
94,61,0.463353
94,62,0
94,63,0
94,64,0
94,65,0
94,66,0.335607
94,67,0.218389
94,68,0.399814
94,69,0.548732
94,70,0.13946
94,71,0.0718916
94,72,0.491246
94,73,0
94,74,0.386965
94,75,0.367341
94,76,0.109861
94,77,0
94,78,0.0216418
94,79,0
94,80,0.493859
94,81,0.300599
94,82,0.130039
94,83,0.368962
94,84,0.709152
94,85,0.478832
94,86,0.318812
94,87,0
94,88,0.674334
94,89,0
94,90,0.827928
94,91,0.72497
94,92,0.859372
94,93,0.87424
94,94,0
94,95,0.845782
94,96,0.315711
94,97,0.104956
94,98,0.595794
94,99,0.938553
94,100,0.869239
94,101,0.53722
94,102,0.462471
94,103,0.309949
94,104,0.382878
94,105,0.68272
94,106,0.101233
94,107,0.101233
94,108,0.112507
94,109,0.242052
94,110,0.400781
94,111,0.362584
94,112,0.101233
94,113,0.946222
94,114,0.721327
94,115,0.568807
94,116,0.850247
94,117,0.37407
94,118,0.0988665
94,119,0.915189
94,120,0.170344
94,121,0.105772
94,122,0.823093
94,123,0.953861
94,124,0.0988665
94,125,0.820212
94,126,0.797292
94,127,0.359699
94,128,0.886106
94,129,0.396299
94,130,0.300633
94,131,0.757727
94,132,0.935901
94,133,0.76626
94,134,0.096514
94,135,0.332192
94,136,0.452951
94,137,0.122934
94,138,0.419262
94,139,0.578881
94,140,0.378408
94,141,0.832694
94,142,0.0941765
94,143,0.391973
94,144,0.800956
94,145,0.6904
94,146,0.0941765
94,147,0.673218
94,148,0.0918549
94,149,0.0918549
94,150,0.605866
94,151,0.27352
94,152,0.174764
94,153,0.453405
94,154,0.252596
94,155,0.250115
94,156,0.296401
94,157,0.0918549
94,158,0.645262
94,159,0.217956
94,160,0.506175
94,161,0.0895503
94,162,0.0895503
94,163,0.478299
94,164,0.776121
94,165,0.118348
94,166,0.844278
94,167,0.272302
94,168,0.284512
94,169,0.309205
94,170,0.897615
94,171,0.709352
94,172,0.18068
94,173,0.891278
94,174,0.0528413
94,175,0
94,176,0.53918
94,177,0.0828257
94,178,0.661983
94,179,0.675294
94,180,0.184756
94,181,0.325232
94,182,0.00696671
94,183,0.417673
94,184,0
94,185,0.309178
94,186,0.719833
94,187,0.185237
94,188,0.452667
94,189,0.425678
94,190,0.463776
94,191,0.0279036
94,192,0.468378
94,193,0.536263
94,194,0.575263
94,195,0.31356
94,196,0.717624
94,197,0.482545
94,198,0.648866
94,199,0.0711874
95,0,0.150629
95,1,0.543705
95,2,0
95,3,0.0479287
95,4,0.510067
95,5,0
95,6,0.156688
95,7,0.212111
95,8,0.232423
95,9,0
95,10,0.0440895
95,11,0.585209
95,12,0.463058
95,13,0.218816
95,14,0.165833
95,15,0.466353
95,16,0.705047
95,17,0.0616352
95,18,0
95,19,0.330304
95,20,0.660154
95,21,0.461815
95,22,0.535853
95,23,0.306693
95,24,0.163985
95,25,0.282016
95,26,0
95,27,0.064055
95,28,0
95,29,0.619126
95,30,0.315556
95,31,0
95,32,0.411129
95,33,0.354267
95,34,0.295284
95,35,0.185411
95,36,0.611502
95,37,0
95,38,0.670729
95,39,0.115314
95,40,0
95,41,0
95,42,0
95,43,0
95,44,0.494716
95,45,0.422179
95,46,0.420929
95,47,0.451854
95,48,0
95,49,0.519996
95,50,0.0673593
95,51,0
95,52,0.261369
95,53,0
95,54,0.266706
95,55,0
95,56,0.451579
95,57,0.344531
95,58,0.0824672
95,59,0
95,60,0.265122
95,61,0
95,62,0
95,63,0
95,64,0.382969
95,65,0
95,66,0.514942
95,67,0.319949
95,68,0
95,69,0.523065
95,70,0
95,71,0
95,72,0
95,73,0.11134
95,74,0.0196028
95,75,0
95,76,0
95,77,0
95,78,0.587046
95,79,0.0485033
95,80,0
95,81,0.0764215
95,82,0.163746
95,83,0.481994
95,84,0.407476
95,85,0
95,86,0.659535
95,87,0.32106
95,88,0.690663
95,89,0.207196
95,90,0.498025
95,91,0.44102
95,92,0.402608
95,93,0
95,94,0.875642
95,95,0
95,96,0.265952
95,97,0.104263
95,98,0.865679
95,99,0.998126
95,100,0.106862
95,101,0.788096
95,102,0.168954
95,103,0.44547
95,104,0.101233
95,105,0.635114
95,106,0.818788
95,107,0.101233
95,108,0.869225
95,109,0.975034
95,110,0.101233
95,111,0.213431
95,112,0.101233
95,113,0.329491
95,114,0.621608
95,115,0.726898
95,116,0.948388
95,117,0.684705
95,118,0.56132
95,119,0.430011
95,120,0.515358
95,121,0.894871
95,122,0.0988665
95,123,0.0988665
95,124,0.360682
95,125,0.0988665
95,126,0.960677
95,127,0.617967
95,128,0.096514
95,129,0.826752
95,130,0.615361
95,131,0.17974
95,132,0.614059
95,133,0.784316
95,134,0.63309
95,135,0.647245
95,136,0.420253
95,137,0.452702
95,138,0.74529
95,139,0.299748
95,140,0.438007
95,141,0.748178
95,142,0.52344
95,143,0.477199
95,144,0.0965786
95,145,0.156097
95,146,0.225397
95,147,0.0941765
95,148,0.851917
95,149,0.797833
95,150,0.508183
95,151,0.38858
95,152,0.714009
95,153,0.556018
95,154,0.444005
95,155,0.0943566
95,156,0.615718
95,157,0.434583
95,158,0.74465
95,159,0.721711
95,160,0.285156
95,161,0.38462
95,162,0.926059
95,163,0.932329
95,164,0.20205
95,165,0.592264
95,166,0.610259
95,167,0.662423
95,168,0.0895503
95,169,0.3981
95,170,0.0895503
95,171,0.566422
95,172,0.18194
95,173,0.564603
95,174,0
95,175,0.232936
95,176,0.675117
95,177,0.259099
95,178,0.343319
95,179,0.581335
95,180,0.111233
95,181,0
95,182,0.0250013
95,183,0
95,184,0.510782
95,185,0.515528
95,186,0.0236302
95,187,0.181572
95,188,0.00762137
95,189,0
95,190,0
95,191,0.358793
95,192,0.276427
95,193,0
95,194,0.357139
95,195,0.544493
95,196,0.60507
95,197,0.0273244
95,198,0.266843
95,199,0.75616
96,0,0.617891
96,1,0.27854
96,2,0.325048
96,3,0.68876
96,4,0.00160612
96,5,0.483261
96,6,0.0882947
96,7,0
96,8,0
96,9,0.578572
96,10,0.484825
96,11,0.168792
96,12,0.650111
96,13,0.674428
96,14,0.208992
96,15,0.330514
96,16,0.363873
96,17,0.405327
96,18,0.680561
96,19,0.541199
96,20,0.400837
96,21,0
96,22,0.0743966
96,23,0
96,24,0
96,25,0.599324
96,26,0.562738
96,27,0
96,28,0
96,29,0.0075298
96,30,0.646477
96,31,0.473752
96,32,0.518903
96,33,0.220976
96,34,0.407507
96,35,0.683179
96,36,0
96,37,0
96,38,0
96,39,0.0991615
96,40,0.579366
96,41,0.437273
96,42,0.525044
96,43,0.47882
96,44,0.382276
96,45,0.00317488
96,46,0.0650659
96,47,0
96,48,0
96,49,0.00527555
96,50,0
96,51,0.318371
96,52,0.0821764
96,53,0.128486
96,54,0.429655
96,55,0.287771
96,56,0.000545643
96,57,0.264602
96,58,0.284321
96,59,0.0863281
96,60,0.556095
96,61,0.225468
96,62,0
96,63,0.381608
96,64,0
96,65,0.569543
96,66,0.378794
96,67,0.00829112
96,68,0
96,69,0.391274
96,70,0.434982
96,71,0.537032
96,72,0.16969
96,73,0.303477
96,74,0.374343
96,75,0
96,76,0
96,77,0
96,78,0.273544
96,79,0
96,80,0.231996
96,81,0.475951
96,82,0.437113
96,83,0.702389
96,84,0.0443859
96,85,0.299251
96,86,0.487257
96,87,0.499173
96,88,0.0306169
96,89,0.231636
96,90,0.062667
96,91,0.069012
96,92,0
96,93,0.396692
96,94,0.859372
96,95,0.168829
96,96,0
96,97,0.445325
96,98,0.765118
96,99,0.6193
96,100,0.486538
96,101,0.564168
96,102,0.454607
96,103,0.409736
96,104,0.107934
96,105,0.124513
96,106,0.150291
96,107,0.365813
96,108,0.130501
96,109,0.30615
96,110,0.964688
96,111,0.14401
96,112,0.834963
96,113,0.718962
96,114,0.845359
96,115,0.820148
96,116,0.0988665
96,117,0.356985
96,118,0.504678
96,119,0.678369
96,120,0.550949
96,121,0.886313
96,122,0.863751
96,123,0.721422
96,124,0.915232
96,125,0.326701
96,126,0.684734
96,127,0.103767
96,128,0.768898
96,129,0.454666
96,130,0.725844
96,131,0.257875
96,132,0.096514
96,133,0.183607
96,134,0.678635
96,135,0.142563
96,136,0.312091
96,137,0.832897
96,138,0.512347
96,139,0.456015
96,140,0.152469
96,141,0.489686
96,142,0.613444
96,143,0.0941765
96,144,0.230687
96,145,0.472993
96,146,0.845437
96,147,0.248513
96,148,0.844237
96,149,0.364375
96,150,0.0918549
96,151,0.419632
96,152,0.275134
96,153,0.832539
96,154,0.166269
96,155,0.213151
96,156,0.182025
96,157,0.884022
96,158,0.352365
96,159,0.0918549
96,160,0.365657
96,161,0.105953
96,162,0.27199
96,163,0.423095
96,164,0.325782
96,165,0.0895503
96,166,0.599445
96,167,0.681103
96,168,0.862973
96,169,0.157457
96,170,0.18355
96,171,0.0895503
96,172,0.685923
96,173,0.835774
96,174,0.0142418
96,175,0
96,176,0.266269
96,177,0
96,178,0.172254
96,179,0.16789
96,180,0.326203
96,181,0.173979
96,182,0.645675
96,183,0.65949
96,184,0.0585752
96,185,0
96,186,0
96,187,0.298741
96,188,0.806164
96,189,0.337635
96,190,0.345695
96,191,0.240883
96,192,0.512649
96,193,0.686745
96,194,0.733039
96,195,0
96,196,0.736605
96,197,0.395488
96,198,0.651599
96,199,0.66863
97,0,0.742354
97,1,0.0175535
97,2,0.746977
97,3,0.3426
97,4,0.0137011
97,5,0.0165229
97,6,0.386334
97,7,0.200365
97,8,0.000150926
97,9,0.708376
97,10,0.52467
97,11,0.487497
97,12,0.0510518
97,13,0.337931
97,14,0.309793
97,15,0.282244
97,16,0.376319
97,17,0.410056
97,18,0
97,19,0.355163
97,20,0
97,21,0.272595
97,22,0
97,23,0.611136
97,24,0.124953
97,25,0.677128
97,26,0.687328
97,27,0.0437863
97,28,0.251392
97,29,0.519711
97,30,0
97,31,0.0559
97,32,0.599554
97,33,0
97,34,0.630135
97,35,0.606787
97,36,0.0494276
97,37,0.247001
97,38,0.0522249
97,39,0.285488
97,40,0.203154
97,41,0
97,42,0.0166408
97,43,0.489719
97,44,0.419937
97,45,0.582397
97,46,0.0141864
97,47,0.0176104
97,48,0.221676
97,49,0.0119167
97,50,0.62865
97,51,0.393872
97,52,0.534374
97,53,0
97,54,0.249188
97,55,0
97,56,0.584474
97,57,0.194049
97,58,0.234643
97,59,0.103983
97,60,0
97,61,0.406907
97,62,0.439632
97,63,0
97,64,0.573428
97,65,0.362346
97,66,0
97,67,0
97,68,0
97,69,0.138482
97,70,0.517286
97,71,0.431089
97,72,0.289347
97,73,0
97,74,0.265335
97,75,0.0432999
97,76,0
97,77,0.620027
97,78,0.439762
97,79,0.382318
97,80,0.053634
97,81,0.4665
97,82,0.182292
97,83,0.0119767
97,84,0.545358
97,85,0
97,86,0.376604
97,87,0.576112
97,88,0.508177
97,89,0.0655326
97,90,0.152031
97,91,0
97,92,0
97,93,0.0691116
97,94,0.319924
97,95,0.0102102
97,96,0.874221
97,97,0
97,98,0.577748
97,99,0.391774
97,100,0.262182
97,101,0.131405
97,102,0.315965
97,103,0.101233
97,104,0.802183
97,105,0.553275
97,106,0.726284
97,107,0.212855
97,108,0.694179
97,109,0.720178
97,110,0.101233
97,111,0.40192
97,112,0.101233
97,113,0.748603
97,114,0.863435
97,115,0.348347
97,116,0.542427
97,117,0.947003
97,118,0.939382
97,119,0.319458
97,120,0.636526
97,121,0.173126
97,122,0.612982
97,123,0.725759
97,124,0.233347
97,125,0.76742
97,126,0.099411
97,127,0.279869
97,128,0.694679
97,129,0.682678
97,130,0.673306
97,131,0.95726
97,132,0.814143
97,133,0.096514
97,134,0.096514
97,135,0.627374
97,136,0.544934
97,137,0.77974
97,138,0.841829
97,139,0.25018
97,140,0.510985
97,141,0.841956
97,142,0.663154
97,143,0.606185
97,144,0.610244
97,145,0.538424
97,146,0.0941765
97,147,0.172328
97,148,0.497328
97,149,0.927902
97,150,0.506904
97,151,0.155948
97,152,0.123122
97,153,0.141981
97,154,0.904581
97,155,0.376906
97,156,0.929838
97,157,0.0918549
97,158,0.689887
97,159,0.657628
97,160,0.741967
97,161,0.3886
97,162,0.640296
97,163,0.590006
97,164,0.412555
97,165,0.726047
97,166,0.248832
97,167,0.0895503
97,168,0.546687
97,169,0.134004
97,170,0.292681
97,171,0.101783
97,172,0.0872633
97,173,0.0872633
97,174,0.657164
97,175,0.577844
97,176,0.4859
97,177,0.676229
97,178,0.797496
97,179,0.0383073
97,180,0.659211
97,181,0.35948
97,182,0.250114
97,183,0
97,184,0.551215
97,185,0.201996
97,186,0.264837
97,187,0.536897
97,188,0.294958
97,189,0.0130194
97,190,0.252821
97,191,0.103709
97,192,0.468404
97,193,0
97,194,0.760499
97,195,0
97,196,0.746675
97,197,0.0700456
97,198,0.00684757
97,199,0.360133
98,0,0.379261
98,1,0.333708
98,2,0.49225
98,3,0.326505
98,4,0.398408
98,5,0.31638
98,6,0.0717229
98,7,0.0448984
98,8,0.143563
98,9,0.0166329
98,10,0.23733
98,11,0.0112299
98,12,0.542543
98,13,0.652695
98,14,0.00514947
98,15,0.264101
98,16,0.0292519
98,17,0.405141
98,18,0.000472633
98,19,0.494763
98,20,0.588499
98,21,0.395142
98,22,0
98,23,0.232835
98,24,0.518381
98,25,0.702347
98,26,0.347029
98,27,0.444965
98,28,0
98,29,0.532328
98,30,0
98,31,0.399858
98,32,0.0717622
98,33,0.698066
98,34,0
98,35,0.693053
98,36,0.234196
98,37,0.234028
98,38,0
98,39,0.607077
98,40,0.485336
98,41,0.441724
98,42,0
98,43,0.249751
98,44,0.339003
98,45,0.0160176
98,46,0
98,47,0.57546
98,48,0.636292
98,49,0
98,50,0.312387
98,51,0.463092
98,52,0.575319
98,53,0.318729
98,54,0
98,55,0.342048
98,56,0.264973
98,57,0.515469
98,58,0.0413001
98,59,0.466886
98,60,0.300889
98,61,0.289012
98,62,0.131465
98,63,0
98,64,0.260002
98,65,0.354293
98,66,0
98,67,0
98,68,0
98,69,0
98,70,0
98,71,0
98,72,0
98,73,0
98,74,0.242421
98,75,0.301151
98,76,0.139429
98,77,0.33657
98,78,0.24267
98,79,0.139204
98,80,0.640297
98,81,0
98,82,0
98,83,0.654339
98,84,0.679187
98,85,0.335412
98,86,0.430421
98,87,0.382056
98,88,0.302526
98,89,0
98,90,0.315222
98,91,0.0771936
98,92,0.686267
98,93,0
98,94,0.203434
98,95,0.428031
98,96,0.760744
98,97,0.310823
98,98,0
98,99,0.684099
98,100,0.103475
98,101,0.640543
98,102,0.777805
98,103,0.157148
98,104,0.672117
98,105,0.959139
98,106,0.783491
98,107,0.350505
98,108,0.465824
98,109,0.481023
98,110,0.942582
98,111,0.943434
98,112,0.47121
98,113,0.190482
98,114,0.234327
98,115,0.394031
98,116,0.134805
98,117,0.815738
98,118,0.0988665
98,119,0.736171
98,120,0.318541
98,121,0.164117
98,122,0.212746
98,123,0.536515
98,124,0.977528
98,125,0.24044
98,126,0.814287
98,127,0.461733
98,128,0.096514
98,129,0.151141
98,130,0.149775
98,131,0.129199
98,132,0.791291
98,133,0.927637
98,134,0.294228
98,135,0.473668
98,136,0.8876
98,137,0.0941765
98,138,0.824997
98,139,0.363695
98,140,0.569835
98,141,0.777062
98,142,0.31739
98,143,0.0941765
98,144,0.0941765
98,145,0.562766
98,146,0.466638
98,147,0.140143
98,148,0.389619
98,149,0.534595
98,150,0.890637
98,151,0.729465
98,152,0.720017
98,153,0.124687
98,154,0.28807
98,155,0.71721
98,156,0.384792
98,157,0.132259
98,158,0.211269
98,159,0.45064
98,160,0.30722
98,161,0.385653
98,162,0.604448
98,163,0.131626
98,164,0.346404
98,165,0.93179
98,166,0.635978
98,167,0.274123
98,168,0.0895503
98,169,0.503525
98,170,0.681147
98,171,0.663616
98,172,0.31625
98,173,0.0872633
98,174,0.663322
98,175,0.257122
98,176,0.551383
98,177,0.171641
98,178,0.443799
98,179,0
98,180,0.760537
98,181,0.388737
98,182,0.779854
98,183,0.53564
98,184,0.562385
98,185,0.114446
98,186,0.301796
98,187,0.0022477
98,188,0.304215
98,189,0.570576
98,190,0.510398
98,191,0.677451
98,192,0.0222447
98,193,0.180862
98,194,0
98,195,0.434665
98,196,0.17259
98,197,0.570998
98,198,0.768715
98,199,0.289047
99,0,0.237141
99,1,0.496425
99,2,0.0390542
99,3,0.512395
99,4,0.602169
99,5,0.0410902
99,6,0.0410902
99,7,0.313416
99,8,0.146734
99,9,0.526506
99,10,0.462074
99,11,0.0720421
99,12,0.0808437
99,13,0.406332
99,14,0.746977
99,15,0.0191962
99,16,0.694499
99,17,0.241532
99,18,0.0129644
99,19,0.168608
99,20,0.0110973
99,21,0.665134
99,22,0.0200708
99,23,0.17904
99,24,0.00855559
99,25,0.0628192
99,26,0.00171088
99,27,0.360225
99,28,0
99,29,0.7257
99,30,0
99,31,0.129269
99,32,0.413667
99,33,0.0304911
99,34,0
99,35,0.224799
99,36,0.0612095
99,37,0
99,38,0
99,39,0.423056
99,40,0
99,41,0.438712
99,42,0.711434
99,43,0.0212583
99,44,0.0757971
99,45,0.708076
99,46,0.048902
99,47,0
99,48,0.149837
99,49,0.24855
99,50,0.358686
99,51,0.355294
99,52,0.134919
99,53,0.59669
99,54,0
99,55,0.376581
99,56,0
99,57,0
99,58,0
99,59,0
99,60,0
99,61,0.0505446
99,62,0.312466
99,63,0.393296
99,64,0.338051
99,65,0.420853
99,66,0
99,67,0
99,68,0
99,69,0
99,70,0.367607
99,71,0
99,72,0
99,73,0.377333
99,74,0.0321253
99,75,0.0322501
99,76,0.394577
99,77,0.417624
99,78,0.346611
99,79,0
99,80,0.0375226
99,81,0.0781213
99,82,0.628983
99,83,0.573069
99,84,0.081845
99,85,0
99,86,0.373456
99,87,0.39786
99,88,0
99,89,0.730021
99,90,0.752032
99,91,0.162894
99,92,0.312051
99,93,0.574838
99,94,0.0290094
99,95,0.129996
99,96,0.480313
99,97,0.398058
99,98,0.275742
99,99,0
99,100,0.636261
99,101,0.777811
99,102,0.104466
99,103,0.740396
99,104,0.826986
99,105,0.852049
99,106,0.164536
99,107,0.245538
99,108,0.623771
99,109,0.953696
99,110,0.953111
99,111,0.868186
99,112,0.328906
99,113,0.351836
99,114,0.807095
99,115,0.186463
99,116,0.715282
99,117,0.850241
99,118,0.810231
99,119,0.350863
99,120,0.0988665
99,121,0.80636
99,122,0.323731
99,123,0.37141
99,124,0.266352
99,125,0.0988665
99,126,0.496166
99,127,0.473896
99,128,0.558991
99,129,0.93921
99,130,0.775669
99,131,0.199195
99,132,0.717891
99,133,0.860523
99,134,0.947528
99,135,0.555137
99,136,0.713396
99,137,0.112888
99,138,0.801498
99,139,0.347437
99,140,0.0941765
99,141,0.764093
99,142,0.225884
99,143,0.416022
99,144,0.134839
99,145,0.0941765
99,146,0.623786
99,147,0.869004
99,148,0.905385
99,149,0.445132
99,150,0.234189
99,151,0.0918549
99,152,0.272797
99,153,0.579224
99,154,0.367353
99,155,0.558814
99,156,0.624602
99,157,0.893421
99,158,0.0918549
99,159,0.215919
99,160,0.856451
99,161,0.865314
99,162,0.439723
99,163,0.607457
99,164,0.758951
99,165,0.420366
99,166,0.193278
99,167,0.512467
99,168,0.573374
99,169,0.0895503
99,170,0.903232
99,171,0.693557
99,172,0.837083
99,173,0.16478
99,174,0.0579792
99,175,0
99,176,0.163225
99,177,0.723446
99,178,0
99,179,0.122911
99,180,0.222878
99,181,0.130365
99,182,0.151851
99,183,0.550761
99,184,0.75855
99,185,0.565726
99,186,0.158522
99,187,0.438223
99,188,0.516657
99,189,0.281068
99,190,0.711652
99,191,0.439125
99,192,0.212398
99,193,0.217392
99,194,0.112599
99,195,0.0373657
99,196,0.697696
99,197,0.365803
99,198,0.609759
99,199,0.337075
100,0,0.554156
100,1,0.573442
100,2,0.0871945
100,3,0.375694
100,4,0.0505365
100,5,0.311355
100,6,0.468631
100,7,0.132862
100,8,0.185138
100,9,0.457138
100,10,0.409184
100,11,0.572749
100,12,0.74796
100,13,0.725374
100,14,0.283283
100,15,0.681236
100,16,0.464758
100,17,0.613977
100,18,0.287678
100,19,0.151438
100,20,0.0645451
100,21,0.17068
100,22,0.747449
100,23,0.452106
100,24,0.550672
100,25,0.0446895
100,26,0.655197
100,27,0.427376
100,28,0.58608
100,29,0.442486
100,30,0.00156198
100,31,0.234435
100,32,0.193387
100,33,0.223481
100,34,0
100,35,0.198144
100,36,0.726819
100,37,0.45899
100,38,0.535109
100,39,0.112866
100,40,0.122851
100,41,0.150555
100,42,0
100,43,0.0688272
100,44,0.0927836
100,45,0.386442
100,46,0
100,47,0
100,48,0.185813
100,49,0.439759
100,50,0.0992382
100,51,0.459673
100,52,0
100,53,0.0665912
100,54,0.110537
100,55,0.585372
100,56,0.324471
100,57,0
100,58,0.235753
100,59,0.131477
100,60,0
100,61,0.409835
100,62,0
100,63,0.0797849
100,64,0
100,65,0
100,66,0.530448
100,67,0
100,68,0.359428
100,69,0.324832
100,70,0.226898
100,71,0
100,72,0
100,73,0.396794
100,74,0.118549
100,75,0.134974
100,76,0.0764444
100,77,0.390662
100,78,0.206951
100,79,0.5966
100,80,0.187319
100,81,0
100,82,0.421975
100,83,0.39164
100,84,0.125703
100,85,0
100,86,0.389737
100,87,0
100,88,0.332709
100,89,0.0572059
100,90,0.449475
100,91,0.433375
100,92,0
100,93,0.513689
100,94,0
100,95,0.283714
100,96,0.641474
100,97,0
100,98,0.617873
100,99,0.479158
100,100,0
100,101,0.800121
100,102,0.306684
100,103,0.663797
100,104,0.959354
100,105,0.101233
100,106,0.181694
100,107,0.488722
100,108,0.563628
100,109,0.953464
100,110,0.101233
100,111,0.522517
100,112,0.49098
100,113,0.0988665
100,114,0.268745
100,115,0.182294
100,116,0.488854
100,117,0.471322
100,118,0.839557
100,119,0.611605
100,120,0.0988665
100,121,0.122315
100,122,0.262147
100,123,0.656594
100,124,0.223488
100,125,0.923777
100,126,0.755175
100,127,0.606155
100,128,0.639588
100,129,0.815121
100,130,0.269011
100,131,0.144777
100,132,0.619185
100,133,0.577355
100,134,0.816851
100,135,0.588856
100,136,0.679344
100,137,0.0941765
100,138,0.0941765
100,139,0.253243
100,140,0.0941765
100,141,0.155093
100,142,0.786022
100,143,0.464345
100,144,0.239882
100,145,0.0941765
100,146,0.667939
100,147,0.747619
100,148,0.548254
100,149,0.518612
100,150,0.373546
100,151,0.611311
100,152,0.662232
100,153,0.656998
100,154,0.289994
100,155,0.905385
100,156,0.600439
100,157,0.0918549
100,158,0.543866
100,159,0.272354
100,160,0.914012
100,161,0.837486
100,162,0.44174
100,163,0.566312
100,164,0.447955
100,165,0.291705
100,166,0.185852
100,167,0.16742
100,168,0.331194
100,169,0.306804
100,170,0.463992
100,171,0.337626
100,172,0.497561
100,173,0.285676
100,174,0.750371
100,175,0.69186
100,176,0.305909
100,177,0.45999
100,178,0.486012
100,179,0
100,180,0.0329036
100,181,0
100,182,0.57486
100,183,0.750221
100,184,0.619817
100,185,0
100,186,0.704552
100,187,0.275328
100,188,0.0439576
100,189,0.305929
100,190,0.605192
100,191,0.0239861
100,192,0.209431
100,193,0.112948
100,194,0.656315
100,195,0.723403
100,196,0.464591
100,197,0
100,198,0
100,199,0
101,0,0.347834
101,1,0.488956
101,2,0.269753
101,3,0.0653261
101,4,0.062592
101,5,0.186274
101,6,0.714141
101,7,0.312034
101,8,0.749376
101,9,0.346933
101,10,0.374033
101,11,0.0482572
101,12,0.426302
101,13,0.113174
101,14,0.0423942
101,15,0.215792
101,16,0.198155
101,17,0.74851
101,18,0.65933
101,19,0.412285
101,20,0.256496
101,21,0.435836
101,22,0.609983
101,23,0.64109
101,24,0.711469
101,25,0.434003
101,26,0.530291
101,27,0.355008
101,28,0.511679
101,29,0.658529
101,30,0.393758
101,31,0.0150004
101,32,0.311047
101,33,0.0145302
101,34,0.0121843
101,35,0.338371
101,36,0.208995
101,37,0.00875066
101,38,0.00750522
101,39,0.192572
101,40,0.427956
101,41,0.40683
101,42,0.375172
101,43,0.032816
101,44,0.722949
101,45,0.481046
101,46,0.435226
101,47,0.0837941
101,48,0.432803
101,49,0.280969
101,50,0
101,51,0
101,52,0
101,53,0.492259
101,54,0
101,55,0
101,56,0.124107
101,57,0.435186
101,58,0.384816
101,59,0
101,60,0.297347
101,61,0
101,62,0.0226508
101,63,0
101,64,0.0644007
101,65,0.251118
101,66,0.413438
101,67,0.504032
101,68,0.377497
101,69,0.496982
101,70,0
101,71,0.0576088
101,72,0.165991
101,73,0.57641
101,74,0.373342
101,75,0.16061
101,76,0.345032
101,77,0.11429
101,78,0.566208
101,79,0.0968831
101,80,0
101,81,0.604754
101,82,0.331735
101,83,0.0192175
101,84,0.477485
101,85,0.418591
101,86,0.242555
101,87,0.00705125
101,88,0.274443
101,89,0.0494907
101,90,0.289106
101,91,0.0241274
101,92,0.502985
101,93,0.760989
101,94,0.32601
101,95,0.0394458
101,96,0.50116
101,97,0.219403
101,98,0.0294066
101,99,0.359866
101,100,0.197712
101,101,0
101,102,0.457222
101,103,0.872148
101,104,0.794668
101,105,0.450052
101,106,0.652043
101,107,0.357006
101,108,0.189002
101,109,0.155992
101,110,0.304322
101,111,0.658656
101,112,0.254898
101,113,0.254864
101,114,0.328079
101,115,0.588117
101,116,0.0988665
101,117,0.0988665
101,118,0.114663
101,119,0.323994
101,120,0.571313
101,121,0.407838
101,122,0.833199
101,123,0.796507
101,124,0.0990326
101,125,0.772847
101,126,0.260222
101,127,0.258582
101,128,0.369754
101,129,0.566635
101,130,0.35361
101,131,0.774603
101,132,0.790378
101,133,0.815564
101,134,0.656289
101,135,0.595702
101,136,0.266497
101,137,0.309155
101,138,0.953532
101,139,0.465769
101,140,0.475418
101,141,0.267338
101,142,0.134688
101,143,0.740577
101,144,0.541112
101,145,0.473815
101,146,0.349995
101,147,0.604452
101,148,0.526339
101,149,0.475774
101,150,0.942768
101,151,0.118957
101,152,0.904916
101,153,0.797272
101,154,0.937553
101,155,0.0918549
101,156,0.589783
101,157,0.227677
101,158,0.314522
101,159,0.0918549
101,160,0.818132
101,161,0.692741
101,162,0.791075
101,163,0.641624
101,164,0.541419
101,165,0.480478
101,166,0.26801
101,167,0.848036
101,168,0.829753
101,169,0.264093
101,170,0.357135
101,171,0.3485
101,172,0.567094
101,173,0.527486
101,174,0.0374769
101,175,0.0626232
101,176,0
101,177,0.429152
101,178,0.713609
101,179,0.536358
101,180,0
101,181,0.710678
101,182,0.710401
101,183,0
101,184,0.556911
101,185,0.694476
101,186,0
101,187,0.201765
101,188,0
101,189,0.36382
101,190,0.251139
101,191,0
101,192,0.122577
101,193,0.10823
101,194,0.571452
101,195,0.730013
101,196,0.648646
101,197,0
101,198,0.637976
101,199,0.544404
102,0,0.289878
102,1,0.0829202
102,2,0.0751332
102,3,0.0770832
102,4,0.681806
102,5,0.180451
102,6,0.122605
102,7,0.751825
102,8,0.750652
102,9,0.0593315
102,10,0.487829
102,11,0.0603195
102,12,0.0590848
102,13,0.362463
102,14,0.0545748
102,15,0.586026
102,16,0.230498
102,17,0.127222
102,18,0.0500226
102,19,0.38051
102,20,0.660564
102,21,0.378464
102,22,0.41789
102,23,0.0482481
102,24,0.649513
102,25,0.157113
102,26,0.0390562
102,27,0.477058
102,28,0.232112
102,29,0.669674
102,30,0.198452
102,31,0.640746
102,32,0.0207576
102,33,0.342536
102,34,0.697535
102,35,0.746977
102,36,0.68765
102,37,0.0212376
102,38,0.726055
102,39,0.620833
102,40,0.144366
102,41,0.392137
102,42,0.679427
102,43,0.168111
102,44,0.00689911
102,45,0.00357448
102,46,0
102,47,0.3224
102,48,0.11387
102,49,0.0544671
102,50,0
102,51,0
102,52,0.610002
102,53,0.477581
102,54,0.0813872
102,55,0.446789
102,56,0
102,57,0.116424
102,58,0.115519
102,59,0.238208
102,60,0
102,61,0.514324
102,62,0.0790352
102,63,0.090268
102,64,0.0655683
102,65,0
102,66,0.0622016
102,67,0
102,68,0.193883
102,69,0.0148115
102,70,0
102,71,0.572149
102,72,0
102,73,0
102,74,0.00870501
102,75,0
102,76,0
102,77,0.225262
102,78,0.479744
102,79,0.258179
102,80,0.603572
102,81,0
102,82,0.54827
102,83,0.575184
102,84,0.539253
102,85,0
102,86,0.410189
102,87,0
102,88,0.519697
102,89,0
102,90,0.418995
102,91,0
102,92,0
102,93,0
102,94,0.483084
102,95,0.433692
102,96,0.414682
102,97,0.0215526
102,98,0.826136
102,99,0.0897658
102,100,0.52018
102,101,0.188269
102,102,0
102,103,0.138021
102,104,0.624301
102,105,0.369833
102,106,0.561178
102,107,0.884423
102,108,0.61184
102,109,0.183674
102,110,0.753827
102,111,0.252268
102,112,0.162136
102,113,0.806252
102,114,0.150735
102,115,0.0988665
102,116,0.671578
102,117,0.454739
102,118,0.774608
102,119,0.709889
102,120,0.246922
102,121,0.973103
102,122,0.367394
102,123,0.403194
102,124,0.0988665
102,125,0.505939
102,126,0.096514
102,127,0.656939
102,128,0.096514
102,129,0.174335
102,130,0.628764
102,131,0.192916
102,132,0.739499
102,133,0.843853
102,134,0.343544
102,135,0.37572
102,136,0.214906
102,137,0.905603
102,138,0.260967
102,139,0.837016
102,140,0.0995471
102,141,0.0941765
102,142,0.0995452
102,143,0.271945
102,144,0.849438
102,145,0.261328
102,146,0.358002
102,147,0.5399
102,148,0.727183
102,149,0.143725
102,150,0.264111
102,151,0.0918549
102,152,0.138133
102,153,0.652809
102,154,0.420693
102,155,0.240162
102,156,0.178413
102,157,0.494952
102,158,0.929427
102,159,0.248267
102,160,0.693107
102,161,0.582799
102,162,0.465792
102,163,0.465721
102,164,0.459767
102,165,0.84245
102,166,0.872126
102,167,0.714793
102,168,0.788173
102,169,0.175643
102,170,0.595137
102,171,0.931049
102,172,0.235582
102,173,0.730346
102,174,0.151394
102,175,0.0394379
102,176,0
102,177,0.551076
102,178,0.625871
102,179,0.727575
102,180,0.749102
102,181,0
102,182,0.77807
102,183,0
102,184,0.646053
102,185,0.245284
102,186,0.231429
102,187,0
102,188,0.797746
102,189,0.218366
102,190,0.185314
102,191,0.55687
102,192,0
102,193,0.717123
102,194,0.0886078
102,195,0.392965
102,196,0.619511
102,197,0.02066
102,198,0.167684
102,199,0.473689
103,0,0.314609
103,1,0.0840002
103,2,0.496638
103,3,0.602614
103,4,0.660262
103,5,0.755128
103,6,0.755128
103,7,0.752598
103,8,0.516219
103,9,0.581723
103,10,0.648187
103,11,0.429975
103,12,0.691441
103,13,0.590437
103,14,0.532346
103,15,0.507288
103,16,0.0601947
103,17,0.0594337
103,18,0.555072
103,19,0.0547056
103,20,0.323534
103,21,0.0534429
103,22,0.707812
103,23,0.365878
103,24,0.749097
103,25,0.0473555
103,26,0.0456093
103,27,0.590164
103,28,0.160592
103,29,0.270038
103,30,0.240899
103,31,0.602051
103,32,0.270556
103,33,0.0336563
103,34,0.360145
103,35,0.09049
103,36,0.0321012
103,37,0.322943
103,38,0.0267131
103,39,0.548323
103,40,0.075515
103,41,0.0160153
103,42,0.144439
103,43,0.00181037
103,44,0.615184
103,45,0.0102524
103,46,0.594909
103,47,0
103,48,0
103,49,0.312914
103,50,0
103,51,0.435108
103,52,0.393126
103,53,0
103,54,0
103,55,0.363196
103,56,0
103,57,0.0569757
103,58,0.135761
103,59,0.266903
103,60,0.504511
103,61,0.567414
103,62,0.0594908
103,63,0
103,64,0
103,65,0
103,66,0.280872
103,67,0
103,68,0.157949
103,69,0.523213
103,70,0.507243
103,71,0.459479
103,72,0
103,73,0
103,74,0
103,75,0.462708
103,76,0
103,77,0.514017
103,78,0.523584
103,79,0.230914
103,80,0.143849
103,81,0
103,82,0
103,83,0
103,84,0
103,85,0.308911
103,86,0.630465
103,87,0.218941
103,88,0
103,89,0.171222
103,90,0
103,91,0.708585
103,92,0.183135
103,93,0.417424
103,94,0.140918
103,95,0.308998
103,96,0.511805
103,97,0
103,98,0.526009
103,99,0.15005
103,100,0.850867
103,101,0.517994
103,102,0.0918215
103,103,0
103,104,0.976084
103,105,0.860093
103,106,0.161929
103,107,0.854073
103,108,0.263804
103,109,0.105255
103,110,0.772346
103,111,0.882519
103,112,0.600247
103,113,0.896226
103,114,0.231956
103,115,0.822757
103,116,0.137459
103,117,0.85904
103,118,0.76243
103,119,0.655065
103,120,0.908821
103,121,0.205522
103,122,0.81544
103,123,0.84927
103,124,0.608252
103,125,0.433471
103,126,0.16099
103,127,0.0988665
103,128,0.0988665
103,129,0.178302
103,130,0.697819
103,131,0.304735
103,132,0.138893
103,133,0.253691
103,134,0.415473
103,135,0.122082
103,136,0.108357
103,137,0.570712
103,138,0.096514
103,139,0.374548
103,140,0.650941
103,141,0.743085
103,142,0.259448
103,143,0.253569
103,144,0.650335
103,145,0.494559
103,146,0.096514
103,147,0.79879
103,148,0.356803
103,149,0.855373
103,150,0.460253
103,151,0.279041
103,152,0.0941765
103,153,0.289111
103,154,0.142501
103,155,0.694332
103,156,0.734348
103,157,0.325506
103,158,0.789896
103,159,0.834272
103,160,0.519723
103,161,0.504405
103,162,0.155697
103,163,0.68383
103,164,0.783311
103,165,0.596385
103,166,0.828697
103,167,0.923916
103,168,0.199346
103,169,0.832503
103,170,0.333912
103,171,0.885735
103,172,0.603332
103,173,0.621104
103,174,0.0774985
103,175,0.197905
103,176,0.0599006
103,177,0.201026
103,178,0.035334
103,179,0.463135
103,180,0.102831
103,181,0.542019
103,182,0.789381
103,183,0.224348
103,184,0
103,185,0
103,186,0
103,187,0.653733
103,188,0.345644
103,189,0.799256
103,190,0.537633
103,191,0
103,192,0.361813
103,193,0.751483
103,194,0.665503
103,195,0.203277
103,196,0.399925
103,197,0.546246
103,198,0.179239
103,199,0.657412
104,0,0.471371
104,1,0.608232
104,2,0.634467
104,3,0.14434
104,4,0.292924
104,5,0.0938685
104,6,0.503291
104,7,0.507774
104,8,0.219329
104,9,0.680622
104,10,0.119484
104,11,0.481239
104,12,0.382481
104,13,0.0722764
104,14,0.0722765
104,15,0.419012
104,16,0.205943
104,17,0.070801
104,18,0.23552
104,19,0.716705
104,20,0.0661889
104,21,0.0649395
104,22,0.751824
104,23,0.480912
104,24,0.0529819
104,25,0.635959
104,26,0.0572694
104,27,0.421266
104,28,0.352428
104,29,0.19605
104,30,0.250278
104,31,0.0459766
104,32,0.0393864
104,33,0.0454832
104,34,0.250048
104,35,0.373307
104,36,0.0474634
104,37,0.0398841
104,38,0.0386187
104,39,0.418155
104,40,0.733111
104,41,0.312791
104,42,0.0523985
104,43,0.258366
104,44,0.54812
104,45,0.0788704
104,46,0
104,47,0
104,48,0.199217
104,49,0.213411
104,50,0
104,51,0.307081
104,52,0.307042
104,53,0
104,54,0
104,55,0.318959
104,56,0.512224
104,57,0
104,58,0
104,59,0.0289119
104,60,0.293248
104,61,0.333599
104,62,0.167051
104,63,0.416607
104,64,0.548398
104,65,0
104,66,0
104,67,0
104,68,0
104,69,0.222155
104,70,0.410709
104,71,0
104,72,0
104,73,0
104,74,0.138229
104,75,0.531483
104,76,0
104,77,0.231394
104,78,0
104,79,0.477113
104,80,0
104,81,0
104,82,0.0944693
104,83,0.388693
104,84,0
104,85,0.370789
104,86,0.0747765
104,87,0
104,88,0.660239
104,89,0.376316
104,90,0.143039
104,91,0.414316
104,92,0.144739
104,93,0.721946
104,94,0.275282
104,95,0.148493
104,96,0.768293
104,97,0.727928
104,98,0.410374
104,99,0
104,100,0.432044
104,101,0.3055
104,102,0.115456
104,103,0.659875
104,104,0
104,105,0.462364
104,106,0.704938
104,107,0.629478
104,108,0.875436
104,109,0.344448
104,110,0.723488
104,111,0.747219
104,112,0.477155
104,113,0.851848
104,114,0.20906
104,115,0.211939
104,116,0.101233
104,117,0.909768
104,118,0.608698
104,119,0.101233
104,120,0.900982
104,121,0.271403
104,122,0.434772
104,123,0.563326
104,124,0.652221
104,125,0.401317
104,126,0.0988665
104,127,0.972594
104,128,0.368797
104,129,0.895655
104,130,0.502721
104,131,0.458826
104,132,0.404631
104,133,0.864475
104,134,0.609837
104,135,0.0988665
104,136,0.322103
104,137,0.306967
104,138,0.709322
104,139,0.197614
104,140,0.651434
104,141,0.432043
104,142,0.944836
104,143,0.128592
104,144,0.292547
104,145,0.154684
104,146,0.351579
104,147,0.314839
104,148,0.0941765
104,149,0.0941765
104,150,0.345232
104,151,0.0941765
104,152,0.243565
104,153,0.791057
104,154,0.55248
104,155,0.905192
104,156,0.20178
104,157,0.5991
104,158,0.899874
104,159,0.592664
104,160,0.508307
104,161,0.416933
104,162,0.0918549
104,163,0.935812
104,164,0.304281
104,165,0.698539
104,166,0.0918549
104,167,0.656288
104,168,0.0918549
104,169,0.786827
104,170,0.887013
104,171,0.719955
104,172,0.244277
104,173,0.857257
104,174,0.784404
104,175,0.478726
104,176,0
104,177,0.167436
104,178,0.829883
104,179,0.063239
104,180,0.172656
104,181,0.219226
104,182,0.0854514
104,183,0.461115
104,184,0.0490294
104,185,0.674229
104,186,0.405034
104,187,0.295684
104,188,0.320653
104,189,0.352231
104,190,0
104,191,0
104,192,0.825023
104,193,0.0573594
104,194,0
104,195,0.185163
104,196,0.805652
104,197,0
104,198,0
104,199,0
105,0,0.832867
105,1,0.105547
105,2,0.716645
105,3,0.170884
105,4,0.757964
105,5,0.659204
105,6,0.758975
105,7,0.0963155
105,8,0.0899625
105,9,0.75425
105,10,0.116889
105,11,0.300122
105,12,0.155214
105,13,0.358675
105,14,0.0837591
105,15,0.3664
105,16,0.198571
105,17,0.482674
105,18,0.753406
105,19,0.682325
105,20,0.0778254
105,21,0.0765947
105,22,0.732594
105,23,0.0778254
105,24,0.134921
105,25,0.752597
105,26,0.332978
105,27,0.11166
105,28,0.0639649
105,29,0.393991
105,30,0.178042
105,31,0.0580247
105,32,0.392099
105,33,0.0575286
105,34,0.195197
105,35,0.326242
105,36,0.0560063
105,37,0.132059
105,38,0.375334
105,39,0.0482422
105,40,0.0549544
105,41,0.63574
105,42,0.366562
105,43,0.339439
105,44,0.148822
105,45,0.433187
105,46,0.0091451
105,47,0.460149
105,48,0.0363363
105,49,0
105,50,0.289721
105,51,0.177655
105,52,0
105,53,0.15862
105,54,0.297508
105,55,0.148234
105,56,0.0725286
105,57,0
105,58,0.412334
105,59,0.130157
105,60,0.31293
105,61,0
105,62,0.183949
105,63,0
105,64,0
105,65,0.55226
105,66,0.38403
105,67,0
105,68,0
105,69,0
105,70,0.0549617
105,71,0.11139
105,72,0
105,73,0
105,74,0
105,75,0.14362
105,76,0.278866
105,77,0
105,78,0
105,79,0.577173
105,80,0
105,81,0.447124
105,82,0.0486293
105,83,0.0370456
105,84,0
105,85,0
105,86,0.538153
105,87,0.363584
105,88,0
105,89,0.331738
105,90,0
105,91,0.550228
105,92,0.505791
105,93,0.507904
105,94,0
105,95,0
105,96,0.516415
105,97,0.710186
105,98,0.307005
105,99,0.800095
105,100,0.132833
105,101,0.833922
105,102,0.447641
105,103,0.391829
105,104,0.875676
105,105,0
105,106,0.593567
105,107,0.994492
105,108,0.661821
105,109,0.776157
105,110,0.271164
105,111,0.640851
105,112,0.105238
105,113,0.101233
105,114,0.105238
105,115,0.418065
105,116,0.389048
105,117,0.101233
105,118,0.291675
105,119,0.101233
105,120,0.217724
105,121,0.92529
105,122,0.255647
105,123,0.101233
105,124,0.684921
105,125,0.101233
105,126,0.105477
105,127,0.775056
105,128,0.684789
105,129,0.976997
105,130,0.222768
105,131,0.656161
105,132,0.208286
105,133,0.144773
105,134,0.160055
105,135,0.643459
105,136,0.105691
105,137,0.748886
105,138,0.630143
105,139,0.767926
105,140,0.525118
105,141,0.900541
105,142,0.408781
105,143,0.549028
105,144,0.096514
105,145,0.47645
105,146,0.096514
105,147,0.405761
105,148,0.561106
105,149,0.270648
105,150,0.488591
105,151,0.789884
105,152,0.206991
105,153,0.755291
105,154,0.835052
105,155,0.901318
105,156,0.764326
105,157,0.0941765
105,158,0.698461
105,159,0.471202
105,160,0.0918549
105,161,0.935567
105,162,0.141702
105,163,0.181896
105,164,0.103214
105,165,0.324631
105,166,0.845792
105,167,0.23881
105,168,0.103421
105,169,0.508276
105,170,0.0918549
105,171,0.66165
105,172,0.434224
105,173,0.474035
105,174,0.146535
105,175,0.384213
105,176,0
105,177,0.156128
105,178,0.826292
105,179,0.497606
105,180,0.470888
105,181,0.358994
105,182,0.332383
105,183,0.722772
105,184,0.153031
105,185,0.203733
105,186,0.662818
105,187,0
105,188,0.211243
105,189,0.408602
105,190,0.480758
105,191,0.217838
105,192,0.400028
105,193,0.678318
105,194,0.455593
105,195,0.559102
105,196,0.0527024
105,197,0.351123
105,198,0
105,199,0.211967
106,0,0.0430352
106,1,0.115968
106,2,0.113429
106,3,0.474578
106,4,0.538948
106,5,0.290657
106,6,0.115183
106,7,0.584486
106,8,0.591298
106,9,0.0991984
106,10,0.229094
106,11,0.219006
106,12,0.501069
106,13,0.717791
106,14,0.0949254
106,15,0.75604
106,16,0.0942305
106,17,0.0935194
106,18,0.0907284
106,19,0.461774
106,20,0.491745
106,21,0.583695
106,22,0.755128
106,23,0.0891665
106,24,0.417961
106,25,0.461004
106,26,0.75425
106,27,0.641745
106,28,0.0756531
106,29,0.753406
106,30,0.0688367
106,31,0.0698424
106,32,0.0634542
106,33,0.129771
106,34,0.659147
106,35,0.562402
106,36,0.538991
106,37,0.751824
106,38,0.276028
106,39,0.255184
106,40,0.0572732
106,41,0.635551
106,42,0.600842
106,43,0.525863
106,44,0.494586
106,45,0.0462593
106,46,0.467272
106,47,0.681353
106,48,0.0136306
106,49,0.527794
106,50,0.276599
106,51,0.486037
106,52,0.238375
106,53,0.243958
106,54,0.661707
106,55,0
106,56,0
106,57,0.566571
106,58,0.570275
106,59,0
106,60,0.491794
106,61,0
106,62,0.159995
106,63,0.552631
106,64,0.0198137
106,65,0
106,66,0.27774
106,67,0
106,68,0
106,69,0
106,70,0.146073
106,71,0.0172206
106,72,0.543421
106,73,0
106,74,0
106,75,0.234105
106,76,0
106,77,0.448932
106,78,0.163723
106,79,0.0816538
106,80,0.245151
106,81,0
106,82,0
106,83,0
106,84,0.268005
106,85,0
106,86,0
106,87,0.446531
106,88,0
106,89,0
106,90,0
106,91,0.641369
106,92,0.00461576
106,93,0.362059
106,94,0.619463
106,95,0.462247
106,96,0.736952
106,97,0.351006
106,98,0.642851
106,99,0.184468
106,100,0.547259
106,101,0.267695
106,102,0.684107
106,103,0.567711
106,104,0.678606
106,105,0.875676
106,106,0
106,107,0.280607
106,108,0.111587
106,109,0.796558
106,110,0.860301
106,111,0.60216
106,112,0.443455
106,113,0.961419
106,114,0.833328
106,115,0.59756
106,116,0.597269
106,117,0.101233
106,118,0.86164
106,119,0.383191
106,120,0.101233
106,121,0.101233
106,122,0.464577
106,123,0.101233
106,124,0.308183
106,125,0.101233
106,126,0.84812
106,127,0.0988665
106,128,0.0988665
106,129,0.380572
106,130,0.784993
106,131,0.380282
106,132,0.0988665
106,133,0.151931
106,134,0.142108
106,135,0.67926
106,136,0.866837
106,137,0.096514
106,138,0.955131
106,139,0.096514
106,140,0.862557
106,141,0.814722
106,142,0.582265
106,143,0.306015
106,144,0.784797
106,145,0.41638
106,146,0.914623
106,147,0.390692
106,148,0.424106
106,149,0.777095
106,150,0.777924
106,151,0.514629
106,152,0.820827
106,153,0.253555
106,154,0.529294
106,155,0.138416
106,156,0.343438
106,157,0.397072
106,158,0.141389
106,159,0.420633
106,160,0.791195
106,161,0.940721
106,162,0.815254
106,163,0.861653
106,164,0.115526
106,165,0.0918549
106,166,0.561349
106,167,0.0918549
106,168,0.0918549
106,169,0.548822
106,170,0.0918549
106,171,0.0918549
106,172,0.388951
106,173,0.633152
106,174,0.213265
106,175,0.115651
106,176,0
106,177,0.159341
106,178,0.542661
106,179,0.459652
106,180,0
106,181,0.364697
106,182,0.0191742
106,183,0
106,184,0.656998
106,185,0.584766
106,186,0.0234117
106,187,0.0453103
106,188,0.0291613
106,189,0.212125
106,190,0.513267
106,191,0
106,192,0.208705
106,193,0.38438
106,194,0.793727
106,195,0.380089
106,196,0.414368
106,197,0.404815
106,198,0.442094
106,199,0.545936
107,0,0.0347613
107,1,0.595739
107,2,0.641985
107,3,0.535708
107,4,0.29035
107,5,0.1252
107,6,0.763329
107,7,0.435209
107,8,0.317677
107,9,0.494074
107,10,0.107075
107,11,0.455061
107,12,0.109648
107,13,0.217764
107,14,0.454213
107,15,0.757964
107,16,0.105059
107,17,0.641451
107,18,0.101672
107,19,0.160965
107,20,0.100169
107,21,0.718792
107,22,0.202376
107,23,0.391789
107,24,0.259488
107,25,0.156786
107,26,0.091934
107,27,0.754484
107,28,0.730082
107,29,0.543138
107,30,0.56064
107,31,0.0813921
107,32,0.230993
107,33,0.310698
107,34,0.552187
107,35,0.630325
107,36,0.430394
107,37,0.466138
107,38,0.182109
107,39,0.0719475
107,40,0.079032
107,41,0.342111
107,42,0.429366
107,43,0.198761
107,44,0.68827
107,45,0.0581275
107,46,0.146818
107,47,0.743364
107,48,0.746326
107,49,0.296497
107,50,0.0243741
107,51,0.00901967
107,52,0.128802
107,53,0.335691
107,54,0.374343
107,55,0.508845
107,56,0.608568
107,57,0.418935
107,58,0.476725
107,59,0.457293
107,60,0.0774428
107,61,0.166289
107,62,0.497061
107,63,0.451803
107,64,0.613995
107,65,0.191304
107,66,0.229161
107,67,0.185886
107,68,0
107,69,0.564093
107,70,0.205124
107,71,0.0434872
107,72,0.0749887
107,73,0
107,74,0.43296
107,75,0
107,76,0.00286431
107,77,0
107,78,0
107,79,0
107,80,0.342502
107,81,0.198357
107,82,0.117854
107,83,0
107,84,0
107,85,0
107,86,0.589963
107,87,0
107,88,0.554064
107,89,0.421172
107,90,0.59725
107,91,0.0216491
107,92,0
107,93,0.501381
107,94,0
107,95,0.0290395
107,96,0.13073
107,97,0.562498
107,98,0.671909
107,99,0.394383
107,100,0.594589
107,101,0.351059
107,102,0
107,103,0.144659
107,104,0.632996
107,105,0.823889
107,106,0.566766
107,107,0
107,108,0.115569
107,109,0.104055
107,110,0.926163
107,111,0.510252
107,112,0.831607
107,113,0.519624
107,114,0.105238
107,115,0.966038
107,116,0.725933
107,117,0.176822
107,118,0.915614
107,119,0.843306
107,120,0.101233
107,121,0.667076
107,122,0.753368
107,123,0.389741
107,124,0.941659
107,125,0.525637
107,126,0.521474
107,127,0.199534
107,128,0.863767
107,129,0.285015
107,130,0.0988665
107,131,0.419405
107,132,0.0988665
107,133,0.524386
107,134,0.435276
107,135,0.250296
107,136,0.214318
107,137,0.295465
107,138,0.834412
107,139,0.334636
107,140,0.377343
107,141,0.760203
107,142,0.844948
107,143,0.208954
107,144,0.288484
107,145,0.868303
107,146,0.18604
107,147,0.096514
107,148,0.0941765
107,149,0.102485
107,150,0.870389
107,151,0.127287
107,152,0.780615
107,153,0.63481
107,154,0.528862
107,155,0.731679
107,156,0.169853
107,157,0.0941765
107,158,0.0941765
107,159,0.0941765
107,160,0.368561
107,161,0.0918549
107,162,0.489451
107,163,0.411745
107,164,0.567686
107,165,0.0918549
107,166,0.682478
107,167,0.811908
107,168,0.272969
107,169,0.54923
107,170,0.179655
107,171,0.683423
107,172,0.334841
107,173,0.0895503
107,174,0.828235
107,175,0.565227
107,176,0
107,177,0.0457268
107,178,0.624587
107,179,0
107,180,0.192323
107,181,0.539088
107,182,0.122464
107,183,0.0178316
107,184,0.212644
107,185,0.687624
107,186,0.788238
107,187,0.427372
107,188,0.804942
107,189,0.788861
107,190,0.530403
107,191,0.229361
107,192,0
107,193,0.0757122
107,194,0.696966
107,195,0.488691
107,196,0.0730659
107,197,0.429181
107,198,0.350337
107,199,0.401878
108,0,0.0287788
108,1,0.669257
108,2,0.221145
108,3,0.517478
108,4,0.764492
108,5,0.207311
108,6,0.241483
108,7,0.762195
108,8,0.398694
108,9,0.120631
108,10,0.117939
108,11,0.747906
108,12,0.704611
108,13,0.171627
108,14,0.116649
108,15,0.117939
108,16,0.115999
108,17,0.758975
108,18,0.668182
108,19,0.111257
108,20,0.758975
108,21,0.362302
108,22,0.388214
108,23,0.758975
108,24,0.594746
108,25,0.246103
108,26,0.502709
108,27,0.756263
108,28,0.756986
108,29,0.0985017
108,30,0.410665
108,31,0.0929662
108,32,0.75425
108,33,0.72862
108,34,0.661711
108,35,0.652259
108,36,0.0910614
108,37,0.0873428
108,38,0.552023
108,39,0.530576
108,40,0.111102
108,41,0.550941
108,42,0.3809
108,43,0.0625462
108,44,0.0738198
108,45,0.414972
108,46,0.0879821
108,47,0.033428
108,48,0.368379
108,49,0.0227547
108,50,0.0408553
108,51,0.295869
108,52,0.315235
108,53,0.525598
108,54,0.240639
108,55,0.017455
108,56,0
108,57,0
108,58,0
108,59,0
108,60,0
108,61,0.49129
108,62,0
108,63,0
108,64,0.342688
108,65,0
108,66,0
108,67,0.500929
108,68,0
108,69,0.34589
108,70,0.17554
108,71,0.161436
108,72,0.0500471
108,73,0
108,74,0.244065
108,75,0.0533675
108,76,0.298216
108,77,0.531024
108,78,0.208664
108,79,0
108,80,0
108,81,0.489918
108,82,0.419463
108,83,0.204763
108,84,0.294573
108,85,0
108,86,0.530347
108,87,0.482957
108,88,0.117415
108,89,0
108,90,0.637973
108,91,0.463009
108,92,0
108,93,0.0511827
108,94,0
108,95,0.476207
108,96,0.256986
108,97,0
108,98,0.426128
108,99,0.614596
108,100,0.63789
108,101,0.0704111
108,102,0.25046
108,103,0.160109
108,104,0.25714
108,105,0
108,106,0.695591
108,107,0.0363544
108,108,0
108,109,0.981367
108,110,0.366343
108,111,0.357424
108,112,0.104733
108,113,0.258116
108,114,0.178614
108,115,0.605447
108,116,0.938657
108,117,0.495188
108,118,0.505815
108,119,0.784415
108,120,0.964015
108,121,0.685884
108,122,0.7784
108,123,0.739427
108,124,0.704263
108,125,0.116272
108,126,0.737615
108,127,0.426469
108,128,0.598496
108,129,0.78733
108,130,0.0988665
108,131,0.39377
108,132,0.585783
108,133,0.264066
108,134,0.764038
108,135,0.851876
108,136,0.598761
108,137,0.789172
108,138,0.582996
108,139,0.660365
108,140,0.77449
108,141,0.949429
108,142,0.096514
108,143,0.790309
108,144,0.215426
108,145,0.196011
108,146,0.406016
108,147,0.161933
108,148,0.691244
108,149,0.911877
108,150,0.949592
108,151,0.665521
108,152,0.608023
108,153,0.738254
108,154,0.415997
108,155,0.320916
108,156,0.863157
108,157,0.172495
108,158,0.768686
108,159,0.482953
108,160,0.0918549
108,161,0.835098
108,162,0.89026
108,163,0.580446
108,164,0.121254
108,165,0.676387
108,166,0.451986
108,167,0.749136
108,168,0.49468
108,169,0.0918549
108,170,0.441827
108,171,0.301496
108,172,0.0895503
108,173,0.483832
108,174,0.0268627
108,175,0.197125
108,176,0.620977
108,177,0.463563
108,178,0.394582
108,179,0.35555
108,180,0.418768
108,181,0.387504
108,182,0.0651864
108,183,0.0709069
108,184,0.163708
108,185,0.516697
108,186,0.429755
108,187,0.0709624
108,188,0.735726
108,189,0.244975
108,190,0.600449
108,191,0.763385
108,192,0.135159
108,193,0.545795
108,194,0.398916
108,195,0.311499
108,196,0.271143
108,197,0
108,198,0.109581
108,199,0.820894
109,0,0.02272
109,1,0.700323
109,2,0.268012
109,3,0.220089
109,4,0.245012
109,5,0.45195
109,6,0.575211
109,7,0.137448
109,8,0.132049
109,9,0.130496
109,10,0.522408
109,11,0.635968
109,12,0.655923
109,13,0.743106
109,14,0.762195
109,15,0.127936
109,16,0.424723
109,17,0.452231
109,18,0.212942
109,19,0.323889
109,20,0.761091
109,21,0.120444
109,22,0.25145
109,23,0.160619
109,24,0.678635
109,25,0.760017
109,26,0.631188
109,27,0.120132
109,28,0.109288
109,29,0.109288
109,30,0.11035
109,31,0.103944
109,32,0.680976
109,33,0.463742
109,34,0.374558
109,35,0.0966229
109,36,0.102093
109,37,0.0985017
109,38,0.125026
109,39,0.149702
109,40,0.238378
109,41,0.741604
109,42,0.0867097
109,43,0.0743209
109,44,0.589138
109,45,0.750652
109,46,0.0580569
109,47,0.0776709
109,48,0.361935
109,49,0.340907
109,50,0.496633
109,51,0.31388
109,52,0.406023
109,53,0.00578508
109,54,0.552017
109,55,0.178839
109,56,0
109,57,0.27031
109,58,0.394632
109,59,0
109,60,0.267661
109,61,0.605426
109,62,0
109,63,0.0632569
109,64,0.177367
109,65,0.36139
109,66,0.193137
109,67,0.28926
109,68,0.507161
109,69,0.440938
109,70,0.567562
109,71,0
109,72,0.319652
109,73,0
109,74,0.0101217
109,75,0.0569788
109,76,0.574442
109,77,0.237423
109,78,0.33392
109,79,0.135864
109,80,0
109,81,0.0542786
109,82,0
109,83,0.457237
109,84,0.148513
109,85,0.495975
109,86,0
109,87,0.178895
109,88,0.0805681
109,89,0
109,90,0.227207
109,91,0
109,92,0.628509
109,93,0.483829
109,94,0.166097
109,95,0.211386
109,96,0.262186
109,97,0
109,98,0
109,99,0.215025
109,100,0.679943
109,101,0
109,102,0.560465
109,103,0.467263
109,104,0.0240685
109,105,0.0427525
109,106,0.00601546
109,107,0.0850105
109,108,0.761529
109,109,0
109,110,0.821316
109,111,0.682687
109,112,0.104466
109,113,0.284936
109,114,0.768195
109,115,0.849579
109,116,0.827096
109,117,0.645688
109,118,0.157502
109,119,0.379197
109,120,0.101233
109,121,0.161565
109,122,0.946258
109,123,0.126866
109,124,0.106975
109,125,0.732302
109,126,0.569401
109,127,0.581383
109,128,0.237519
109,129,0.59242
109,130,0.740689
109,131,0.652822
109,132,0.453041
109,133,0.871457
109,134,0.354067
109,135,0.0988665
109,136,0.096514
109,137,0.474374
109,138,0.109635
109,139,0.12371
109,140,0.261942
109,141,0.934114
109,142,0.807269
109,143,0.262423
109,144,0.226987
109,145,0.575464
109,146,0.122262
109,147,0.096514
109,148,0.221197
109,149,0.27981
109,150,0.444374
109,151,0.320515
109,152,0.451637
109,153,0.400894
109,154,0.45843
109,155,0.567242
109,156,0.141827
109,157,0.0941765
109,158,0.169926
109,159,0.400647
109,160,0.651882
109,161,0.924152
109,162,0.0918549
109,163,0.127013
109,164,0.817699
109,165,0.443163
109,166,0.194126
109,167,0.841315
109,168,0.0918549
109,169,0.335307
109,170,0.0918549
109,171,0.240926
109,172,0.29403
109,173,0.829229
109,174,0.438407
109,175,0.462151
109,176,0.345827
109,177,0.591353
109,178,0.559608
109,179,0.610353
109,180,0
109,181,0.0473109
109,182,0
109,183,0.410244
109,184,0.486155
109,185,0.468928
109,186,0.0154188
109,187,0.672081
109,188,0.562175
109,189,0.231878
109,190,0.119261
109,191,0.269143
109,192,0.211116
109,193,0.241353
109,194,0.451241
109,195,0.0839002
109,196,0.733477
109,197,0.694313
109,198,0
109,199,0.735206
110,0,0.0331076
110,1,0.153732
110,2,0.151647
110,3,0.547495
110,4,0.151121
110,5,0.727935
110,6,0.167643
110,7,0.520724
110,8,0.465564
110,9,0.764492
110,10,0.279254
110,11,0.536233
110,12,0.1397
110,13,0.409759
110,14,0.136277
110,15,0.722061
110,16,0.135682
110,17,0.277781
110,18,0.554945
110,19,0.763329
110,20,0.671498
110,21,0.762195
110,22,0.202774
110,23,0.131375
110,24,0.235615
110,25,0.762195
110,26,0.292577
110,27,0.139484
110,28,0.677469
110,29,0.436415
110,30,0.113597
110,31,0.114529
110,32,0.62761
110,33,0.25128
110,34,0.553475
110,35,0.724574
110,36,0.11274
110,37,0.758975
110,38,0.327424
110,39,0.595807
110,40,0.746078
110,41,0.689484
110,42,0.211452
110,43,0.085815
110,44,0.192042
110,45,0.40249
110,46,0.688833
110,47,0.288561
110,48,0.739753
110,49,0.31507
110,50,0.1411
110,51,0.492462
110,52,0.229141
110,53,0.415799
110,54,0.607046
110,55,0.546153
110,56,0.307837
110,57,0
110,58,0
110,59,0.0627558
110,60,0.483742
110,61,0
110,62,0.0822288
110,63,0.211848
110,64,0.244186
110,65,0
110,66,0.0392735
110,67,0.394499
110,68,0
110,69,0.47465
110,70,0.10387
110,71,0.488264
110,72,0.285501
110,73,0.441099
110,74,0.520045
110,75,0
110,76,0
110,77,0.375058
110,78,0.0813177
110,79,0
110,80,0
110,81,0.429481
110,82,0
110,83,0.358197
110,84,0.090484
110,85,0.461026
110,86,0.180262
110,87,0
110,88,0
110,89,0.25959
110,90,0.0728935
110,91,0.564847
110,92,0.51777
110,93,0.524435
110,94,0.155286
110,95,0.154852
110,96,0.663789
110,97,0.609162
110,98,0
110,99,0.721477
110,100,0.528818
110,101,0.535948
110,102,0.675727
110,103,0.276391
110,104,0.441693
110,105,0.66425
110,106,0.36573
110,107,0.845442
110,108,0.522776
110,109,0.874179
110,110,0
110,111,0.28707
110,112,0.877432
110,113,0.792388
110,114,0.306625
110,115,0.634304
110,116,0.283436
110,117,0.156568
110,118,0.202913
110,119,0.345738
110,120,0.262758
110,121,0.82828
110,122,0.770832
110,123,0.167459
110,124,0.676759
110,125,0.612168
110,126,0.614707
110,127,0.110894
110,128,0.536071
110,129,0.479517
110,130,0.32676
110,131,0.48132
110,132,0.208613
110,133,0.0988665
110,134,0.318399
110,135,0.632945
110,136,0.606002
110,137,0.096514
110,138,0.096514
110,139,0.576341
110,140,0.649387
110,141,0.096514
110,142,0.867354
110,143,0.52769
110,144,0.830544
110,145,0.174036
110,146,0.172253
110,147,0.12183
110,148,0.33065
110,149,0.375212
110,150,0.470812
110,151,0.603669
110,152,0.213753
110,153,0.251906
110,154,0.782177
110,155,0.899144
110,156,0.872705
110,157,0.415767
110,158,0.0941765
110,159,0.430077
110,160,0.908032
110,161,0.371636
110,162,0.924934
110,163,0.138734
110,164,0.437901
110,165,0.265423
110,166,0.791344
110,167,0.0918549
110,168,0.376163
110,169,0.899118
110,170,0.681692
110,171,0.0918549
110,172,0.0895503
110,173,0.573654
110,174,0.520624
110,175,0.725285
110,176,0.688824
110,177,0.723561
110,178,0
110,179,0.0628024
110,180,0.142102
110,181,0.396781
110,182,0.710588
110,183,0.399972
110,184,0.686637
110,185,0.528279
110,186,0.337048
110,187,0.60344
110,188,0
110,189,0.41492
110,190,0.0800501
110,191,0
110,192,0
110,193,0.0600698
110,194,0.147516
110,195,0.334629
110,196,0.374454
110,197,0
110,198,0.4566
110,199,0.805688
111,0,0.0110577
111,1,0.307916
111,2,0.159729
111,3,0.16104
111,4,0.15924
111,5,0.707692
111,6,0.16104
111,7,0.769427
111,8,0.578308
111,9,0.148711
111,10,0.146439
111,11,0.766905
111,12,0.537499
111,13,0.766905
111,14,0.429774
111,15,0.386186
111,16,0.556449
111,17,0.144194
111,18,0.150688
111,19,0.711129
111,20,0.506818
111,21,0.394
111,22,0.765684
111,23,0.515059
111,24,0.611527
111,25,0.137298
111,26,0.133779
111,27,0.156421
111,28,0.293874
111,29,0.636052
111,30,0.131905
111,31,0.407489
111,32,0.119182
111,33,0.226291
111,34,0.544383
111,35,0.117906
111,36,0.122961
111,37,0.563119
111,38,0.760219
111,39,0.642568
111,40,0.620383
111,41,0.109281
111,42,0.58794
111,43,0.216211
111,44,0.10733
111,45,0.103644
111,46,0.669546
111,47,0.472653
111,48,0.077178
111,49,0.0592883
111,50,0.25522
111,51,0.653894
111,52,0.33963
111,53,0.144512
111,54,0.222812
111,55,0.020331
111,56,0.347099
111,57,0.294572
111,58,0.246474
111,59,0.705563
111,60,0
111,61,0.451545
111,62,0.185558
111,63,0.0721938
111,64,0
111,65,0
111,66,0.163581
111,67,0
111,68,0.462773
111,69,0.116779
111,70,0.580983
111,71,0.184806
111,72,0.151498
111,73,0.279424
111,74,0.528164
111,75,0.142183
111,76,0.499616
111,77,0.347836
111,78,0
111,79,0
111,80,0.412931
111,81,0.226937
111,82,0
111,83,0
111,84,0
111,85,0.0447949
111,86,0.252585
111,87,0.211585
111,88,0
111,89,0
111,90,0.231746
111,91,0
111,92,0.590761
111,93,0
111,94,0.381499
111,95,0
111,96,0
111,97,0
111,98,0
111,99,0
111,100,0.499548
111,101,0.0114761
111,102,0.506436
111,103,0.106467
111,104,0.749807
111,105,0.498229
111,106,0.724092
111,107,0.729721
111,108,0.328695
111,109,0
111,110,0.874179
111,111,0
111,112,0.223788
111,113,0.670291
111,114,0.980407
111,115,0.603151
111,116,0.67723
111,117,0.420754
111,118,0.251763
111,119,0.279803
111,120,0.424133
111,121,0.422388
111,122,0.875138
111,123,0.72071
111,124,0.356759
111,125,0.978317
111,126,0.408857
111,127,0.380176
111,128,0.234178
111,129,0.629128
111,130,0.621117
111,131,0.34003
111,132,0.347986
111,133,0.83366
111,134,0.0988665
111,135,0.622768
111,136,0.724396
111,137,0.646295
111,138,0.44583
111,139,0.540346
111,140,0.096514
111,141,0.47883
111,142,0.51742
111,143,0.268352
111,144,0.158659
111,145,0.498223
111,146,0.88182
111,147,0.843739
111,148,0.919022
111,149,0.133629
111,150,0.126786
111,151,0.353417
111,152,0.566278
111,153,0.0941765
111,154,0.0941765
111,155,0.931668
111,156,0.0941765
111,157,0.512915
111,158,0.333145
111,159,0.254613
111,160,0.154791
111,161,0.0918549
111,162,0.608179
111,163,0.524866
111,164,0.823549
111,165,0.658202
111,166,0.167299
111,167,0.577065
111,168,0.333618
111,169,0.644675
111,170,0.149738
111,171,0.406564
111,172,0.148113
111,173,0.691767
111,174,0.609974
111,175,0.247906
111,176,0.131123
111,177,0.522478
111,178,0.127169
111,179,0.0934738
111,180,0.699435
111,181,0.297284
111,182,0.491006
111,183,0.309829
111,184,0.347419
111,185,0.611696
111,186,0.27943
111,187,0.390652
111,188,0.171145
111,189,0.659108
111,190,0.691798
111,191,0.381021
111,192,0.681993
111,193,0.355063
111,194,0
111,195,0.560627
111,196,0.0622256
111,197,0.177219
111,198,0.186639
111,199,0.450914
112,0,0.00638609
112,1,0.515421
112,2,0.167204
112,3,0.21344
112,4,0.268477
112,5,0.776181
112,6,0.619343
112,7,0.553961
112,8,0.470792
112,9,0.769427
112,10,0.769427
112,11,0.326502
112,12,0.345048
112,13,0.443432
112,14,0.769427
112,15,0.769427
112,16,0.22013
112,17,0.232318
112,18,0.40666
112,19,0.555729
112,20,0.1495
112,21,0.261856
112,22,0.1495
112,23,0.768152
112,24,0.765684
112,25,0.222909
112,26,0.62325
112,27,0.138595
112,28,0.569244
112,29,0.139006
112,30,0.628661
112,31,0.61807
112,32,0.536968
112,33,0.716879
112,34,0.763329
112,35,0.762195
112,36,0.571354
112,37,0.555501
112,38,0.476714
112,39,0.126369
112,40,0.509642
112,41,0.335373
112,42,0.484071
112,43,0.107798
112,44,0.758176
112,45,0.34414
112,46,0.755128
112,47,0.103183
112,48,0.615513
112,49,0.271011
112,50,0.719422
112,51,0.728382
112,52,0.58746
112,53,0.0428937
112,54,0.673709
112,55,0.419979
112,56,0.146549
112,57,0.347612
112,58,0.485304
112,59,0
112,60,0.375386
112,61,0.174374
112,62,0.445942
112,63,0
112,64,0
112,65,0.402394
112,66,0
112,67,0.600383
112,68,0.0284583
112,69,0.479214
112,70,0
112,71,0
112,72,0
112,73,0.363967
112,74,0
112,75,0
112,76,0
112,77,0
112,78,0.111466
112,79,0.574757
112,80,0.0290031
112,81,0.00492942
112,82,0.482042
112,83,0
112,84,0.0857614
112,85,0.37451
112,86,0.48254
112,87,0.480583
112,88,0
112,89,0.24784
112,90,0.54714
112,91,0
112,92,0
112,93,0.333562
112,94,0.0158643
112,95,0.0754713
112,96,0.114294
112,97,0.328189
112,98,0.080995
112,99,0.557493
112,100,0.231896
112,101,0.300342
112,102,0.627577
112,103,0.585459
112,104,0.11643
112,105,0.725869
112,106,0
112,107,0.4075
112,108,0.795418
112,109,0.507904
112,110,0.468347
112,111,0.306549
112,112,0
112,113,0.986276
112,114,0.413265
112,115,0.558372
112,116,0.486875
112,117,0.189832
112,118,0.443856
112,119,0.365846
112,120,0.567552
112,121,0.101233
112,122,0.286981
112,123,0.610179
112,124,0.183151
112,125,0.964153
112,126,0.946502
112,127,0.567971
112,128,0.37041
112,129,0.563685
112,130,0.921451
112,131,0.183365
112,132,0.0988665
112,133,0.441891
112,134,0.0988665
112,135,0.806971
112,136,0.719619
112,137,0.878807
112,138,0.840912
112,139,0.234764
112,140,0.761229
112,141,0.413656
112,142,0.748094
112,143,0.096514
112,144,0.412539
112,145,0.163018
112,146,0.662837
112,147,0.907322
112,148,0.352896
112,149,0.106739
112,150,0.276411
112,151,0.93071
112,152,0.193471
112,153,0.573654
112,154,0.551937
112,155,0.385253
112,156,0.546439
112,157,0.517322
112,158,0.0941765
112,159,0.938149
112,160,0.0937549
112,161,0.909513
112,162,0.135052
112,163,0.149147
112,164,0.373494
112,165,0.169151
112,166,0.0918549
112,167,0.122234
112,168,0.0918549
112,169,0.848239
112,170,0.389324
112,171,0.870634
112,172,0.286504
112,173,0.162027
112,174,0
112,175,0.640177
112,176,0.266179
112,177,0.593023
112,178,0.583023
112,179,0.662404
112,180,0.743091
112,181,0
112,182,0.63723
112,183,0
112,184,0.514367
112,185,0.224682
112,186,0.403864
112,187,0.104904
112,188,0.788538
112,189,0.424922
112,190,0.0895867
112,191,0
112,192,0.38952
112,193,0.279724
112,194,0.141611
112,195,0.8181
112,196,0.497836
112,197,0.166339
112,198,0
112,199,0.629985
113,0,0.00477923
113,1,0.562709
113,2,0.682036
113,3,0.549661
113,4,0.776181
113,5,0.738249
113,6,0.347836
113,7,0.206944
113,8,0.479598
113,9,0.160587
113,10,0.158583
113,11,0.379
113,12,0.16044
113,13,0.770728
113,14,0.513463
113,15,0.770728
113,16,0.201705
113,17,0.156548
113,18,0.154538
113,19,0.154961
113,20,0.667715
113,21,0.331616
113,22,0.256108
113,23,0.223833
113,24,0.766905
113,25,0.559202
113,26,0.20256
113,27,0.438141
113,28,0.766905
113,29,0.362098
113,30,0.238368
113,31,0.138844
113,32,0.133774
113,33,0.138433
113,34,0.73422
113,35,0.763329
113,36,0.756835
113,37,0.134228
113,38,0.133218
113,39,0.287713
113,40,0.262138
113,41,0.136732
113,42,0.719954
113,43,0.440619
113,44,0.122739
113,45,0.297889
113,46,0.30444
113,47,0.243874
113,48,0.412071
113,49,0.426626
113,50,0.453238
113,51,0.133084
113,52,0.748795
113,53,0.749097
113,54,0.394049
113,55,0.627873
113,56,0.360028
113,57,0.640947
113,58,0.116925
113,59,0.300532
113,60,0.0439069
113,61,0.408585
113,62,0.489751
113,63,0.0719829
113,64,0.4385
113,65,0.288441
113,66,0
113,67,0.258141
113,68,0.479696
113,69,0.0714251
113,70,0.622827
113,71,0
113,72,0.29097
113,73,0.430085
113,74,0.365012
113,75,0.398732
113,76,0
113,77,0
113,78,0
113,79,0.37643
113,80,0.379692
113,81,0.401062
113,82,0
113,83,0.379798
113,84,0.355195
113,85,0.278493
113,86,0.240607
113,87,0
113,88,0.173959
113,89,0
113,90,0.542704
113,91,0.525169
113,92,0.35606
113,93,0.363858
113,94,0
113,95,0.151571
113,96,0.0222198
113,97,0.258712
113,98,0
113,99,0
113,100,0.699351
113,101,0
113,102,0.169556
113,103,0.481506
113,104,0.736459
113,105,0
113,106,0.347123
113,107,0.0358736
113,108,0.260296
113,109,0.611865
113,110,0.850867
113,111,0.124849
113,112,0.494189
113,113,0
113,114,0.109748
113,115,0.956515
113,116,0.280561
113,117,0.739111
113,118,0.605116
113,119,0.637103
113,120,0.308999
113,121,0.62323
113,122,0.559948
113,123,0.204524
113,124,0.342043
113,125,0.275197
113,126,0.472371
113,127,0.811788
113,128,0.598844
113,129,0.101233
113,130,0.90183
113,131,0.774828
113,132,0.101233
113,133,0.101233
113,134,0.15761
113,135,0.709071
113,136,0.902932
113,137,0.299827
113,138,0.189617
113,139,0.0988665
113,140,0.660813
113,141,0.879912
113,142,0.0988665
113,143,0.822765
113,144,0.393018
113,145,0.0988665
113,146,0.783316
113,147,0.673945
113,148,0.794011
113,149,0.380578
113,150,0.306379
113,151,0.105391
113,152,0.096514
113,153,0.868708
113,154,0.313071
113,155,0.348972
113,156,0.144644
113,157,0.796439
113,158,0.174173
113,159,0.756902
113,160,0.831322
113,161,0.0941765
113,162,0.537355
113,163,0.87247
113,164,0.0941765
113,165,0.709155
113,166,0.593307
113,167,0.0941765
113,168,0.0941765
113,169,0.806593
113,170,0.0969188
113,171,0.715479
113,172,0.703195
113,173,0.126835
113,174,0.46308
113,175,0.027143
113,176,0.120462
113,177,0.269181
113,178,0.728712
113,179,0
113,180,0.685207
113,181,0.0705387
113,182,0.0915338
113,183,0.727619
113,184,0
113,185,0.432219
113,186,0.106622
113,187,0.150144
113,188,0.267297
113,189,0.319435
113,190,0
113,191,0.145823
113,192,0.448267
113,193,0.530244
113,194,0.065497
113,195,0.583762
113,196,0.280466
113,197,0.699856
113,198,0.63728
113,199,0.357882
114,0,0.439573
114,1,0.782003
114,2,0.253305
114,3,0.448709
114,4,0.179854
114,5,0.782003
114,6,0.62829
114,7,0.367327
114,8,0.280637
114,9,0.497938
114,10,0.462524
114,11,0.172268
114,12,0.71974
114,13,0.704125
114,14,0.169074
114,15,0.774782
114,16,0.295886
114,17,0.257174
114,18,0.166368
114,19,0.722833
114,20,0.733809
114,21,0.2564
114,22,0.165354
114,23,0.343122
114,24,0.156874
114,25,0.248769
114,26,0.159721
114,27,0.385969
114,28,0.156242
114,29,0.770728
114,30,0.768152
114,31,0.769427
114,32,0.766905
114,33,0.199507
114,34,0.318565
114,35,0.146396
114,36,0.150684
114,37,0.147905
114,38,0.374106
114,39,0.423364
114,40,0.524563
114,41,0.762387
114,42,0.58061
114,43,0.275008
114,44,0.635974
114,45,0.624792
114,46,0.16007
114,47,0.103626
114,48,0.107382
114,49,0.34304
114,50,0.711688
114,51,0.677046
114,52,0.634601
114,53,0.751087
114,54,0.0628131
114,55,0.61137
114,56,0.0506789
114,57,0.156183
114,58,0.0328411
114,59,0.193674
114,60,0.0662407
114,61,0
114,62,0.0633005
114,63,0
114,64,0.221698
114,65,0.429298
114,66,0
114,67,0.37125
114,68,0.455498
114,69,0.384876
114,70,0
114,71,0.0409601
114,72,0.328124
114,73,0.501547
114,74,0.398779
114,75,0.0381027
114,76,0.204429
114,77,0
114,78,0.10544
114,79,0.224464
114,80,0.141555
114,81,0
114,82,0.0441664
114,83,0
114,84,0
114,85,0.274346
114,86,0
114,87,0.17048
114,88,0
114,89,0.0473224
114,90,0
114,91,0.0116689
114,92,0.322803
114,93,0.00239748
114,94,0.275609
114,95,0
114,96,0
114,97,0.594243
114,98,0.630182
114,99,0.626481
114,100,0.379709
114,101,0
114,102,0.09112
114,103,0.137364
114,104,0
114,105,0
114,106,0.63245
114,107,0.502358
114,108,0.0653969
114,109,0.213223
114,110,0.205784
114,111,0.690334
114,112,0.654836
114,113,0.724253
114,114,0
114,115,0.107926
114,116,0.100874
114,117,0.440559
114,118,0.291818
114,119,0.594019
114,120,0.506761
114,121,0.738867
114,122,0.615137
114,123,0.901827
114,124,0.438238
114,125,0.9841
114,126,0.522756
114,127,0.654589
114,128,0.0988665
114,129,0.43613
114,130,0.588972
114,131,0.0988665
114,132,0.0988665
114,133,0.741372
114,134,0.330424
114,135,0.45203
114,136,0.775165
114,137,0.444285
114,138,0.245777
114,139,0.427127
114,140,0.639241
114,141,0.566622
114,142,0.719908
114,143,0.395196
114,144,0.267229
114,145,0.478806
114,146,0.518115
114,147,0.28875
114,148,0.919807
114,149,0.810035
114,150,0.886013
114,151,0.43683
114,152,0.559163
114,153,0.511412
114,154,0.349706
114,155,0.0941765
114,156,0.504142
114,157,0.891345
114,158,0.681922
114,159,0.61101
114,160,0.340224
114,161,0.284432
114,162,0.625341
114,163,0.450638
114,164,0.0918549
114,165,0.0918549
114,166,0.922333
114,167,0.852179
114,168,0.451259
114,169,0.199656
114,170,0.311633
114,171,0.122827
114,172,0.790886
114,173,0.0895503
114,174,0.453082
114,175,0
114,176,0.476089
114,177,0.0018805
114,178,0.323523
114,179,0.439225
114,180,0
114,181,0.252865
114,182,0
114,183,0.458524
114,184,0.802226
114,185,0.305391
114,186,0.502489
114,187,0.350467
114,188,0.24327
114,189,0.230945
114,190,0.00800978
114,191,0.638579
114,192,0.570462
114,193,0.688436
114,194,0.144303
114,195,0.673441
114,196,0.715251
114,197,0.115582
114,198,0.574567
114,199,0.221581
115,0,0.254123
115,1,0.183159
115,2,0.541957
115,3,0.370597
115,4,0.204021
115,5,0.182757
115,6,0.527843
115,7,0.779049
115,8,0.303545
115,9,0.173903
115,10,0.426013
115,11,0.315205
115,12,0.408123
115,13,0.501834
115,14,0.776181
115,15,0.37299
115,16,0.170972
115,17,0.593831
115,18,0.774782
115,19,0.381006
115,20,0.167898
115,21,0.167111
115,22,0.183229
115,23,0.724742
115,24,0.772054
115,25,0.489755
115,26,0.559784
115,27,0.770888
115,28,0.772054
115,29,0.305118
115,30,0.183904
115,31,0.31838
115,32,0.413399
115,33,0.75885
115,34,0.72128
115,35,0.65201
115,36,0.153923
115,37,0.280085
115,38,0.526349
115,39,0.281245
115,40,0.318822
115,41,0.142596
115,42,0.632589
115,43,0.753356
115,44,0.540094
115,45,0.607229
115,46,0.161035
115,47,0.524841
115,48,0.218449
115,49,0.098954
115,50,0.0961672
115,51,0.241087
115,52,0.16011
115,53,0.150298
115,54,0.0685852
115,55,0.0967586
115,56,0.668136
115,57,0.569156
115,58,0.0219629
115,59,0.468104
115,60,0
115,61,0.13314
115,62,0
115,63,0.350422
115,64,0
115,65,0.57928
115,66,0.0460412
115,67,0
115,68,0
115,69,0.619857
115,70,0.245202
115,71,0.269985
115,72,0
115,73,0
115,74,0.0985803
115,75,0.273872
115,76,0
115,77,0.355648
115,78,0
115,79,0
115,80,0.554877
115,81,0
115,82,0.317904
115,83,0
115,84,0.3026
115,85,0.480176
115,86,0.172587
115,87,0.176317
115,88,0.270515
115,89,0.329602
115,90,0
115,91,0.439166
115,92,0
115,93,0.0178911
115,94,0.101593
115,95,0.00708209
115,96,0
115,97,0.501299
115,98,0.289687
115,99,0.217583
115,100,0.514487
115,101,0
115,102,0
115,103,0.605256
115,104,0.309175
115,105,0.441046
115,106,0.331465
115,107,0.385942
115,108,0.262768
115,109,0.71317
115,110,0.805413
115,111,0.299437
115,112,0.179846
115,113,0.600042
115,114,0.656709
115,115,0
115,116,0.952899
115,117,0.540868
115,118,0.259764
115,119,0.545907
115,120,0.220394
115,121,0.992532
115,122,0.841871
115,123,0.105238
115,124,0.124224
115,125,0.231669
115,126,0.500176
115,127,0.473526
115,128,0.497019
115,129,0.328005
115,130,0.101233
115,131,0.101233
115,132,0.123696
115,133,0.28135
115,134,0.164374
115,135,0.965031
115,136,0.801116
115,137,0.796982
115,138,0.468461
115,139,0.347622
115,140,0.200471
115,141,0.300613
115,142,0.251491
115,143,0.57684
115,144,0.536713
115,145,0.894877
115,146,0.250116
115,147,0.49193
115,148,0.427167
115,149,0.500039
115,150,0.096514
115,151,0.647564
115,152,0.492574
115,153,0.872731
115,154,0.695744
115,155,0.615164
115,156,0.102766
115,157,0.204545
115,158,0.0997376
115,159,0.610833
115,160,0.535022
115,161,0.178235
115,162,0.625721
115,163,0.670553
115,164,0.47142
115,165,0.80193
115,166,0.644989
115,167,0.291422
115,168,0.617798
115,169,0.134766
115,170,0.661131
115,171,0.840357
115,172,0.449718
115,173,0.92696
115,174,0.339681
115,175,0
115,176,0.750419
115,177,0.610234
115,178,0.432228
115,179,0.210697
115,180,0.143384
115,181,0.496197
115,182,0
115,183,0.669854
115,184,0.39664
115,185,0.61317
115,186,0.312708
115,187,0.53328
115,188,0
115,189,0.448763
115,190,0.180431
115,191,0.433948
115,192,0.671892
115,193,0
115,194,0.149394
115,195,0.188205
115,196,0.691722
115,197,0
115,198,0.518355
115,199,0.354395
116,0,0
116,1,0.368246
116,2,0.381394
116,3,0.660879
116,4,0.347063
116,5,0.786587
116,6,0.726042
116,7,0.245516
116,8,0.623069
116,9,0.298613
116,10,0.600384
116,11,0.779049
116,12,0.779049
116,13,0.640389
116,14,0.731976
116,15,0.495432
116,16,0.410899
116,17,0.200068
116,18,0.183357
116,19,0.42292
116,20,0.777604
116,21,0.519964
116,22,0.174487
116,23,0.634862
116,24,0.523538
116,25,0.316801
116,26,0.169605
116,27,0.378272
116,28,0.312706
116,29,0.659014
116,30,0.772055
116,31,0.490586
116,32,0.158855
116,33,0.303335
116,34,0.176965
116,35,0.417863
116,36,0.1992
116,37,0.772054
116,38,0.694569
116,39,0.768321
116,40,0.258379
116,41,0.326004
116,42,0.765862
116,43,0.221317
116,44,0.149644
116,45,0.56287
116,46,0.743918
116,47,0.421917
116,48,0.758176
116,49,0.109565
116,50,0.755357
116,51,0.604138
116,52,0.487221
116,53,0.0840177
116,54,0.249869
116,55,0.063109
116,56,0.238156
116,57,0.243004
116,58,0.431625
116,59,0.565762
116,60,0.0103808
116,61,0.348505
116,62,0.076387
116,63,0
116,64,0.67873
116,65,0.283812
116,66,0.43789
116,67,0
116,68,0.237148
116,69,0.168463
116,70,0
116,71,0.537647
116,72,0.537935
116,73,0
116,74,0
116,75,0.597021
116,76,0.256018
116,77,0
116,78,0.115015
116,79,0.122959
116,80,0
116,81,0.104938
116,82,0
116,83,0.334446
116,84,0.158546
116,85,0.256616
116,86,0.551248
116,87,0
116,88,0
116,89,0.205388
116,90,0.390343
116,91,0
116,92,0
116,93,0
116,94,0.157466
116,95,0
116,96,0.360622
116,97,0
116,98,0.0772114
116,99,0
116,100,0.482331
116,101,0.265368
116,102,0
116,103,0.43301
116,104,0.320883
116,105,0.158324
116,106,0.473592
116,107,0.0294901
116,108,0.263888
116,109,0.054682
116,110,0.623789
116,111,0.444951
116,112,0.639235
116,113,0
116,114,0.263911
116,115,0.268365
116,116,0
116,117,0.681691
116,118,0.266192
116,119,0.296059
116,120,0.80219
116,121,0.881316
116,122,0.105238
116,123,0.105238
116,124,0.105238
116,125,0.222118
116,126,0.590674
116,127,0.264685
116,128,0.922496
116,129,0.864467
116,130,0.668054
116,131,0.200986
116,132,0.643826
116,133,0.215414
116,134,0.375503
116,135,0.330677
116,136,0.765297
116,137,0.744419
116,138,0.0988665
116,139,0.975461
116,140,0.169578
116,141,0.190448
116,142,0.719003
116,143,0.712985
116,144,0.907401
116,145,0.728339
116,146,0.0988665
116,147,0.20017
116,148,0.404524
116,149,0.270065
116,150,0.489588
116,151,0.206774
116,152,0.151384
116,153,0.578807
116,154,0.279122
116,155,0.245703
116,156,0.799292
116,157,0.878422
116,158,0.521436
116,159,0.732835
116,160,0.745361
116,161,0.192749
116,162,0.93708
116,163,0.401022
116,164,0.419998
116,165,0.324418
116,166,0.741104
116,167,0.204181
116,168,0.0941765
116,169,0.758251
116,170,0.201729
116,171,0.279388
116,172,0.0918549
116,173,0.935071
116,174,0
116,175,0.799021
116,176,0.591992
116,177,0
116,178,0.0244775
116,179,0.0296274
116,180,0.25092
116,181,0.547177
116,182,0.270297
116,183,0.436199
116,184,0.153696
116,185,0.574689
116,186,0.709593
116,187,0
116,188,0.489428
116,189,0.267347
116,190,0.756014
116,191,0.279683
116,192,0.50499
116,193,0.737988
116,194,0.725598
116,195,0
116,196,0.101151
116,197,0.505429
116,198,0.212789
116,199,0.233748
117,0,0.157417
117,1,0.609357
117,2,0.706072
117,3,0.476166
117,4,0.596512
117,5,0.769295
117,6,0.425338
117,7,0.336999
117,8,0.782132
117,9,0.591311
117,10,0.511595
117,11,0.26094
117,12,0.287522
117,13,0.782003
117,14,0.782003
117,15,0.596377
117,16,0.661887
117,17,0.709628
117,18,0.738251
117,19,0.309711
117,20,0.180409
117,21,0.650634
117,22,0.745058
117,23,0.780516
117,24,0.541877
117,25,0.625867
117,26,0.779049
117,27,0.776325
117,28,0.294549
117,29,0.297525
117,30,0.203658
117,31,0.768571
117,32,0.773406
117,33,0.774929
117,34,0.264223
117,35,0.535281
117,36,0.718742
117,37,0.707765
117,38,0.773557
117,39,0.599865
117,40,0.324687
117,41,0.432287
117,42,0.768321
117,43,0.624866
117,44,0.393447
117,45,0.758149
117,46,0.241675
117,47,0.128621
117,48,0.471807
117,49,0.119766
117,50,0.384513
117,51,0.623693
117,52,0.656036
117,53,0.139654
117,54,0.423733
117,55,0.211769
117,56,0.752597
117,57,0.352607
117,58,0.0464322
117,59,0.0775614
117,60,0.650914
117,61,0.244726
117,62,0.00187188
117,63,0.591113
117,64,0.191124
117,65,0.141422
117,66,0.14845
117,67,0
117,68,0
117,69,0.070379
117,70,0.556875
117,71,0.220135
117,72,0.534248
117,73,0.475405
117,74,0
117,75,0
117,76,0.278739
117,77,0.20423
117,78,0.106548
117,79,0
117,80,0.291186
117,81,0
117,82,0.556499
117,83,0.0753302
117,84,0
117,85,0.126318
117,86,0.454728
117,87,0
117,88,0
117,89,0
117,90,0.117931
117,91,0.558403
117,92,0.189513
117,93,0.243189
117,94,0.429663
117,95,0
117,96,0
117,97,0
117,98,0
117,99,0
117,100,0.337412
117,101,0
117,102,0.525042
117,103,0.272686
117,104,0
117,105,0
117,106,0.67589
117,107,0.487962
117,108,0.492198
117,109,0.241328
117,110,0.783272
117,111,0.256269
117,112,0.310747
117,113,0.813955
117,114,0.815808
117,115,0.652699
117,116,0.41972
117,117,0
117,118,0.740989
117,119,0.933378
117,120,0.527989
117,121,0.848647
117,122,0.461108
117,123,0.489205
117,124,0.435417
117,125,0.105238
117,126,0.289972
117,127,0.475474
117,128,0.13922
117,129,0.543369
117,130,0.759674
117,131,0.37814
117,132,0.192806
117,133,0.938694
117,134,0.185173
117,135,0.73638
117,136,0.951
117,137,0.251456
117,138,0.622861
117,139,0.639234
117,140,0.925015
117,141,0.0988665
117,142,0.563212
117,143,0.301036
117,144,0.434664
117,145,0.462493
117,146,0.173098
117,147,0.130717
117,148,0.898793
117,149,0.90858
117,150,0.096514
117,151,0.427181
117,152,0.757287
117,153,0.519829
117,154,0.917175
117,155,0.191071
117,156,0.612291
117,157,0.215772
117,158,0.677593
117,159,0.762558
117,160,0.761613
117,161,0.440526
117,162,0.143957
117,163,0.0941765
117,164,0.391055
117,165,0.340966
117,166,0.712039
117,167,0.360941
117,168,0.611308
117,169,0.356217
117,170,0.0941765
117,171,0.55841
117,172,0.39523
117,173,0.599812
117,174,0.78193
117,175,0.758476
117,176,0
117,177,0
117,178,0
117,179,0
117,180,0
117,181,0.00630876
117,182,0.383868
117,183,0.708339
117,184,0.55385
117,185,0.326311
117,186,0
117,187,0.200015
117,188,0.578401
117,189,0.64101
117,190,0
117,191,0.384907
117,192,0.126429
117,193,0.187741
117,194,0.396055
117,195,0.562378
117,196,0.567453
117,197,0.146822
117,198,0
117,199,0.223636
118,0,0.383654
118,1,0.195629
118,2,0.791336
118,3,0.195381
118,4,0.791336
118,5,0.792953
118,6,0.195381
118,7,0.788152
118,8,0.190501
118,9,0.189794
118,10,0.188687
118,11,0.190094
118,12,0.274247
118,13,0.576803
118,14,0.785039
118,15,0.188687
118,16,0.187794
118,17,0.18747
118,18,0.338847
118,19,0.783512
118,20,0.783512
118,21,0.494307
118,22,0.338308
118,23,0.185641
118,24,0.780516
118,25,0.782003
118,26,0.782003
118,27,0.566732
118,28,0.200554
118,29,0.780516
118,30,0.777604
118,31,0.779049
118,32,0.172974
118,33,0.777743
118,34,0.174943
118,35,0.172156
118,36,0.777604
118,37,0.173301
118,38,0.172615
118,39,0.773557
118,40,0.29469
118,41,0.166398
118,42,0.165948
118,43,0.575959
118,44,0.663981
118,45,0.162059
118,46,0.573899
118,47,0.719637
118,48,0.140927
118,49,0.129516
118,50,0.530064
118,51,0.763329
118,52,0.419705
118,53,0.105915
118,54,0.102337
118,55,0.262188
118,56,0.75425
118,57,0.0731822
118,58,0.0584418
118,59,0.0494858
118,60,0.0350348
118,61,0.0255602
118,62,0.0142643
118,63,0.00653377
118,64,0
118,65,0
118,66,0
118,67,0.630667
118,68,0.136066
118,69,0
118,70,0.569205
118,71,0.451233
118,72,0.0805341
118,73,0.626847
118,74,0.0644371
118,75,0
118,76,0
118,77,0
118,78,0.562687
118,79,0
118,80,0
118,81,0.181294
118,82,0
118,83,0.22499
118,84,0.172874
118,85,0
118,86,0
118,87,0.0952808
118,88,0
118,89,0
118,90,0.265361
118,91,0
118,92,0
118,93,0.398769
118,94,0.166247
118,95,0
118,96,0
118,97,0.455908
118,98,0
118,99,0.1415
118,100,0
118,101,0.605796
118,102,0
118,103,0.27362
118,104,0.629809
118,105,0.442624
118,106,0.47161
118,107,0.723266
118,108,0.577883
118,109,0.484982
118,110,0
118,111,0.737379
118,112,0.136271
118,113,0.208128
118,114,0.444161
118,115,0.781401
118,116,0.589477
118,117,0.553503
118,118,0
118,119,0.358036
118,120,0.96616
118,121,0.657094
118,122,0.105197
118,123,0.313398
118,124,0.750063
118,125,0.836901
118,126,0.859185
118,127,0.838829
118,128,0.864632
118,129,0.678623
118,130,0.861746
118,131,0.345522
118,132,0.809307
118,133,0.780355
118,134,0.614637
118,135,0.370104
118,136,0.673922
118,137,0.303999
118,138,0.0988665
118,139,0.627971
118,140,0.0988665
118,141,0.736271
118,142,0.764784
118,143,0.960901
118,144,0.0988665
118,145,0.0988665
118,146,0.48278
118,147,0.838472
118,148,0.704641
118,149,0.096514
118,150,0.194203
118,151,0.672463
118,152,0.710356
118,153,0.235138
118,154,0.096514
118,155,0.458785
118,156,0.096514
118,157,0.85446
118,158,0.308662
118,159,0.946085
118,160,0.535555
118,161,0.173667
118,162,0.294867
118,163,0.356697
118,164,0.0941765
118,165,0.921339
118,166,0.736206
118,167,0.658665
118,168,0.244225
118,169,0.828236
118,170,0.308724
118,171,0.349129
118,172,0.578845
118,173,0.0918549
118,174,0.232514
118,175,0.500508
118,176,0.0960619
118,177,0.735731
118,178,0.364267
118,179,0.833814
118,180,0.821704
118,181,0.59158
118,182,0.540173
118,183,0.565956
118,184,0
118,185,0.552091
118,186,0.0524315
118,187,0
118,188,0.442868
118,189,0.397411
118,190,0
118,191,0.0233166
118,192,0.615971
118,193,0.280874
118,194,0.424907
118,195,0.626722
118,196,0.240959
118,197,0.199841
118,198,0.324115
118,199,0.530059
119,0,0
119,1,0.796234
119,2,0.199249
119,3,0.796234
119,4,0.794586
119,5,0.462739
119,6,0.516764
119,7,0.223132
119,8,0.344755
119,9,0.195113
119,10,0.203533
119,11,0.315379
119,12,0.765599
119,13,0.788152
119,14,0.193669
119,15,0.775514
119,16,0.601383
119,17,0.237658
119,18,0.786587
119,19,0.203466
119,20,0.786587
119,21,0.19105
119,22,0.382305
119,23,0.566057
119,24,0.423552
119,25,0.785039
119,26,0.348845
119,27,0.782132
119,28,0.327314
119,29,0.783512
119,30,0.522346
119,31,0.56644
119,32,0.676911
119,33,0.613895
119,34,0.442625
119,35,0.665868
119,36,0.182397
119,37,0.180556
119,38,0.779185
119,39,0.440892
119,40,0.177125
119,41,0.174269
119,42,0.76704
119,43,0.770888
119,44,0.173115
119,45,0.769591
119,46,0.56037
119,47,0.621582
119,48,0.150434
119,49,0.449586
119,50,0.761287
119,51,0.765684
119,52,0.44024
119,53,0.212314
119,54,0.403684
119,55,0.097654
119,56,0.173672
119,57,0.746902
119,58,0.688755
119,59,0.492565
119,60,0.570098
119,61,0.206529
119,62,0.0535416
119,63,0.25254
119,64,0.00626449
119,65,0.499428
119,66,0
119,67,0
119,68,0.464318
119,69,0
119,70,0.359494
119,71,0.482911
119,72,0
119,73,0.141348
119,74,0.284738
119,75,0.00959268
119,76,0
119,77,0
119,78,0
119,79,0.0809914
119,80,0.407038
119,81,0.594232
119,82,0.000775649
119,83,0
119,84,0
119,85,0.521176
119,86,0
119,87,0.226241
119,88,0.423074
119,89,0
119,90,0
119,91,0.201396
119,92,0.237138
119,93,0.19792
119,94,0
119,95,0.321477
119,96,0
119,97,0
119,98,0.540294
119,99,0
119,100,0.0849073
119,101,0.251326
119,102,0.612072
119,103,0.421621
119,104,0
119,105,0.292605
119,106,0
119,107,0.181738
119,108,0.613572
119,109,0
119,110,0.712962
119,111,0.480752
119,112,0.0312696
119,113,0.179812
119,114,0
119,115,0.412746
119,116,0.181673
119,117,0.323576
119,118,0.121171
119,119,0
119,120,0.102587
119,121,0.594972
119,122,0.471241
119,123,0.705287
119,124,0.242652
119,125,0.104777
119,126,0.794503
119,127,0.945647
119,128,0.418793
119,129,0.101233
119,130,0.848742
119,131,0.534127
119,132,0.508904
119,133,0.426646
119,134,0.458602
119,135,0.232739
119,136,0.484338
119,137,0.0988665
119,138,0.322663
119,139,0.903171
119,140,0.847328
119,141,0.495138
119,142,0.796811
119,143,0.488644
119,144,0.667188
119,145,0.103767
119,146,0.491685
119,147,0.164544
119,148,0.340831
119,149,0.850009
119,150,0.303909
119,151,0.431109
119,152,0.445852
119,153,0.774758
119,154,0.136453
119,155,0.686095
119,156,0.845435
119,157,0.938806
119,158,0.642002
119,159,0.274487
119,160,0.0941765
119,161,0.493201
119,162,0.811071
119,163,0.545357
119,164,0.930895
119,165,0.280722
119,166,0.786728
119,167,0.433334
119,168,0.313263
119,169,0.129909
119,170,0.357806
119,171,0.181891
119,172,0.638584
119,173,0.168154
119,174,0.592217
119,175,0.233582
119,176,0.199731
119,177,0.103566
119,178,0.422616
119,179,0.572889
119,180,0
119,181,0.758851
119,182,0.0371119
119,183,0.464868
119,184,0.560523
119,185,0.198047
119,186,0.177856
119,187,0.439051
119,188,0.172377
119,189,0
119,190,0.749062
119,191,0.241899
119,192,0.392699
119,193,0.60425
119,194,0.831372
119,195,0.367711
119,196,0
119,197,0.656032
119,198,0
119,199,0.280283
120,0,0.640452
120,1,0.40328
120,2,0.667419
120,3,0.685104
120,4,0.623449
120,5,0.406823
120,6,0.20168
120,7,0.794586
120,8,0.656949
120,9,0.634988
120,10,0.691863
120,11,0.791078
120,12,0.542229
120,13,0.791336
120,14,0.403856
120,15,0.257656
120,16,0.23119
120,17,0.736677
120,18,0.789735
120,19,0.562428
120,20,0.747837
120,21,0.757398
120,22,0.789735
120,23,0.298533
120,24,0.516436
120,25,0.788152
120,26,0.788152
120,27,0.60202
120,28,0.766079
120,29,0.786587
120,30,0.188054
120,31,0.761891
120,32,0.227823
120,33,0.719321
120,34,0.45351
120,35,0.782003
120,36,0.187615
120,37,0.526868
120,38,0.782132
120,39,0.779185
120,40,0.182979
120,41,0.539816
120,42,0.592085
120,43,0.712182
120,44,0.429774
120,45,0.176706
120,46,0.163858
120,47,0.649003
120,48,0.73705
120,49,0.763698
120,50,0.212982
120,51,0.486823
120,52,0.57713
120,53,0.16539
120,54,0.761091
120,55,0.108441
120,56,0.105287
120,57,0.58388
120,58,0.680851
120,59,0.0733648
120,60,0.388683
120,61,0.71588
120,62,0.605355
120,63,0.61455
120,64,0.428505
120,65,0.0546165
120,66,0.469455
120,67,0.554633
120,68,0.56996
120,69,0.307766
120,70,0.350467
120,71,0
120,72,0
120,73,0
120,74,0.472141
120,75,0.288729
120,76,0
120,77,0.479432
120,78,0
120,79,0
120,80,0.356546
120,81,0.256289
120,82,0.296395
120,83,0.0171574
120,84,0.511767
120,85,0.171471
120,86,0.226263
120,87,0
120,88,0
120,89,0.0661366
120,90,0
120,91,0.474179
120,92,0
120,93,0
120,94,0.320556
120,95,0
120,96,0
120,97,0.0654833
120,98,0.509685
120,99,0
120,100,0
120,101,0.196458
120,102,0
120,103,0
120,104,0.51658
120,105,0
120,106,0.59463
120,107,0
120,108,0.639319
120,109,0.00799944
120,110,0.0892926
120,111,0.447816
120,112,0.720859
120,113,0.777073
120,114,0
120,115,0.698542
120,116,0.494895
120,117,0.63726
120,118,0.861691
120,119,0.870456
120,120,0
120,121,0.184058
120,122,0.156048
120,123,0.787598
120,124,0.588136
120,125,0.161358
120,126,0.501819
120,127,0.638442
120,128,0.450838
120,129,0.950449
120,130,0.521334
120,131,0.602685
120,132,0.101233
120,133,0.101233
120,134,0.812693
120,135,0.21877
120,136,0.869239
120,137,0.830969
120,138,0.0988665
120,139,0.0988665
120,140,0.708016
120,141,0.303159
120,142,0.312858
120,143,0.336509
120,144,0.18537
120,145,0.306635
120,146,0.3947
120,147,0.0988665
120,148,0.878303
120,149,0.096514
120,150,0.951135
120,151,0.774791
120,152,0.275352
120,153,0.108054
120,154,0.562784
120,155,0.861135
120,156,0.267002
120,157,0.096514
120,158,0.509837
120,159,0.7281
120,160,0.0941765
120,161,0.0941765
120,162,0.333242
120,163,0.0941765
120,164,0.102322
120,165,0.156983
120,166,0.259283
120,167,0.0941765
120,168,0.0941765
120,169,0.356433
120,170,0.0941765
120,171,0.73537
120,172,0.673129
120,173,0.360645
120,174,0
120,175,0.786309
120,176,0.59509
120,177,0.407927
120,178,0.800735
120,179,0.50572
120,180,0.527605
120,181,0.784196
120,182,0.313625
120,183,0.836072
120,184,0
120,185,0
120,186,0.7241
120,187,0.219259
120,188,0.00886935
120,189,0.269461
120,190,0
120,191,0.0775556
120,192,0.347205
120,193,0.36024
120,194,0.153553
120,195,0.493642
120,196,0.555173
120,197,0.450767
120,198,0.521236
120,199,0.605325
121,0,0
121,1,0.764756
121,2,0.548954
121,3,0.743782
121,4,0.202782
121,5,0.689565
121,6,0.679456
121,7,0.797896
121,8,0.245124
121,9,0.625781
121,10,0.575656
121,11,0.794586
121,12,0.558415
121,13,0.199913
121,14,0.794586
121,15,0.632674
121,16,0.199735
121,17,0.784668
121,18,0.198923
121,19,0.262658
121,20,0.210236
121,21,0.198223
121,22,0.494839
121,23,0.715437
121,24,0.662927
121,25,0.791336
121,26,0.365607
121,27,0.380889
121,28,0.419813
121,29,0.194752
121,30,0.192508
121,31,0.437283
121,32,0.78504
121,33,0.702122
121,34,0.191887
121,35,0.189958
121,36,0.395894
121,37,0.786587
121,38,0.785161
121,39,0.642061
121,40,0.498706
121,41,0.503233
121,42,0.566015
121,43,0.179619
121,44,0.549221
121,45,0.481172
121,46,0.686995
121,47,0.629591
121,48,0.253727
121,49,0.685764
121,50,0.765862
121,51,0.461763
121,52,0.762387
121,53,0.373817
121,54,0.161017
121,55,0.479161
121,56,0.166582
121,57,0.511058
121,58,0.755128
121,59,0.56675
121,60,0.536783
121,61,0.0620743
121,62,0.0510295
121,63,0.341692
121,64,0.668443
121,65,0.159909
121,66,0.326467
121,67,0.0506375
121,68,0.00812135
121,69,0.24082
121,70,0.686261
121,71,0.501339
121,72,0
121,73,0.248863
121,74,0.560271
121,75,0.287105
121,76,0
121,77,0.268708
121,78,0
121,79,0.0174467
121,80,0
121,81,0
121,82,0.526685
121,83,0
121,84,0.337045
121,85,0
121,86,0.478774
121,87,0
121,88,0.410105
121,89,0.468035
121,90,0.336567
121,91,0.121489
121,92,0
121,93,0.525754
121,94,0
121,95,0.532952
121,96,0
121,97,0.263713
121,98,0
121,99,0.230462
121,100,0
121,101,0
121,102,0.0669922
121,103,0
121,104,0.474892
121,105,0
121,106,0.568862
121,107,0.608272
121,108,0.675211
121,109,0
121,110,0.0565976
121,111,0.115105
121,112,0.274152
121,113,0.036462
121,114,0.475738
121,115,0.0719119
121,116,0.285577
121,117,0.424479
121,118,0.168893
121,119,0.179028
121,120,0.372585
121,121,0
121,122,0.987048
121,123,0.763769
121,124,0.450115
121,125,0.930658
121,126,0.842508
121,127,0.378618
121,128,0.247049
121,129,0.497789
121,130,0.62186
121,131,0.850717
121,132,0.670256
121,133,0.841579
121,134,0.257563
121,135,0.89541
121,136,0.626132
121,137,0.549737
121,138,0.743796
121,139,0.506323
121,140,0.480417
121,141,0.919358
121,142,0.782231
121,143,0.795799
121,144,0.374976
121,145,0.0988665
121,146,0.412318
121,147,0.574077
121,148,0.370774
121,149,0.913571
121,150,0.800761
121,151,0.594785
121,152,0.312187
121,153,0.791752
121,154,0.360213
121,155,0.760288
121,156,0.720057
121,157,0.210572
121,158,0.149166
121,159,0.096514
121,160,0.71003
121,161,0.773483
121,162,0.83054
121,163,0.391334
121,164,0.626111
121,165,0.0991518
121,166,0.295375
121,167,0.270345
121,168,0.66699
121,169,0.0941765
121,170,0.797969
121,171,0.168707
121,172,0.0918549
121,173,0.593737
121,174,0
121,175,0.29537
121,176,0.508555
121,177,0.318172
121,178,0
121,179,0
121,180,0.264069
121,181,0.727025
121,182,0.539555
121,183,0.60937
121,184,0.54569
121,185,0
121,186,0.396551
121,187,0.298841
121,188,0.170348
121,189,0.581241
121,190,0.311731
121,191,0
121,192,0.39884
121,193,0.186386
121,194,0.359943
121,195,0.0690676
121,196,0.323488
121,197,0.69325
121,198,0.377344
121,199,0.0345757
122,0,0.58417
122,1,0.38648
122,2,0.413684
122,3,0.203461
122,4,0.203474
122,5,0.446782
122,6,0.455714
122,7,0.691453
122,8,0.797993
122,9,0.496529
122,10,0.751531
122,11,0.326168
122,12,0.372043
122,13,0.438518
122,14,0.201899
122,15,0.202105
122,16,0.519825
122,17,0.63611
122,18,0.52814
122,19,0.796234
122,20,0.373792
122,21,0.200685
122,22,0.796234
122,23,0.796234
122,24,0.339333
122,25,0.445598
122,26,0.199237
122,27,0.791445
122,28,0.303818
122,29,0.698701
122,30,0.19623
122,31,0.267437
122,32,0.194565
122,33,0.439196
122,34,0.280405
122,35,0.194099
122,36,0.789735
122,37,0.736997
122,38,0.788267
122,39,0.785161
122,40,0.236608
122,41,0.563961
122,42,0.19032
122,43,0.601879
122,44,0.189843
122,45,0.21754
122,46,0.674186
122,47,0.512817
122,48,0.77221
122,49,0.190593
122,50,0.356416
122,51,0.208117
122,52,0.177979
122,53,0.272007
122,54,0.142513
122,55,0.502883
122,56,0.702204
122,57,0.257636
122,58,0.310085
122,59,0.096107
122,60,0.082762
122,61,0.313185
122,62,0.226587
122,63,0.0555601
122,64,0.734121
122,65,0.490487
122,66,0.0947161
122,67,0.60295
122,68,0.202429
122,69,0
122,70,0.390172
122,71,0.426542
122,72,0.439302
122,73,0.505843
122,74,0.0261213
122,75,0.440829
122,76,0
122,77,0
122,78,0
122,79,0.577746
122,80,0
122,81,0.368635
122,82,0
122,83,0.167172
122,84,0
122,85,0.0159229
122,86,0
122,87,0.500406
122,88,0.381184
122,89,0.200209
122,90,0
122,91,0.466206
122,92,0
122,93,0.0358619
122,94,0
122,95,0
122,96,0
122,97,0
122,98,0.494376
122,99,0.232092
122,100,0.175489
122,101,0.189106
122,102,0
122,103,0
122,104,0.0390993
122,105,0.360226
122,106,0
122,107,0.144314
122,108,0.468799
122,109,0.146675
122,110,0.14192
122,111,0
122,112,0
122,113,0.40819
122,114,0.461936
122,115,0.111092
122,116,0
122,117,0.689728
122,118,0.0915315
122,119,0.755034
122,120,0.37157
122,121,0.195362
122,122,0
122,123,0.70361
122,124,0.518395
122,125,0.674072
122,126,0.770795
122,127,0.551647
122,128,0.820951
122,129,0.166087
122,130,0.437011
122,131,0.435651
122,132,0.714782
122,133,0.101233
122,134,0.765955
122,135,0.101233
122,136,0.352234
122,137,0.435842
122,138,0.0988665
122,139,0.784761
122,140,0.177134
122,141,0.465467
122,142,0.164402
122,143,0.231065
122,144,0.620456
122,145,0.760802
122,146,0.854354
122,147,0.879532
122,148,0.771656
122,149,0.642271
122,150,0.096514
122,151,0.592312
122,152,0.096514
122,153,0.271631
122,154,0.300654
122,155,0.57647
122,156,0.943688
122,157,0.096514
122,158,0.138377
122,159,0.774899
122,160,0.247111
122,161,0.577845
122,162,0.213007
122,163,0.0941765
122,164,0.5786
122,165,0.0941765
122,166,0.0941765
122,167,0.948935
122,168,0.443954
122,169,0.0941765
122,170,0.754997
122,171,0.642389
122,172,0.551712
122,173,0.932936
122,174,0.795136
122,175,0.0999783
122,176,0.621548
122,177,0.669155
122,178,0.00400072
122,179,0.425531
122,180,0.343752
122,181,0.0865646
122,182,0.0509576
122,183,0.435692
122,184,0.385109
122,185,0.376094
122,186,0.0390538
122,187,0.361891
122,188,0.490974
122,189,0.212955
122,190,0.172314
122,191,0.782201
122,192,0.834915
122,193,0.429436
122,194,0.799259
122,195,0.457632
122,196,0.457398
122,197,0.825269
122,198,0.444499
122,199,0
123,0,0
123,1,0.411678
123,2,0.799503
123,3,0.716268
123,4,0.397446
123,5,0.741408
123,6,0.809886
123,7,0.203573
123,8,0.560367
123,9,0.203394
123,10,0.744473
123,11,0.203481
123,12,0.352897
123,13,0.801262
123,14,0.637648
123,15,0.801262
123,16,0.476184
123,17,0.799573
123,18,0.412088
123,19,0.202516
123,20,0.202515
123,21,0.741294
123,22,0.202515
123,23,0.202515
123,24,0.327987
123,25,0.201681
123,26,0.797896
123,27,0.794688
123,28,0.200539
123,29,0.419475
123,30,0.199206
123,31,0.199376
123,32,0.791336
123,33,0.793058
123,34,0.792953
123,35,0.226279
123,36,0.600396
123,37,0.792953
123,38,0.396433
123,39,0.197007
123,40,0.788267
123,41,0.194622
123,42,0.208693
123,43,0.267029
123,44,0.194005
123,45,0.780648
123,46,0.183284
123,47,0.547275
123,48,0.667537
123,49,0.556735
123,50,0.665722
123,51,0.776181
123,52,0.286763
123,53,0.71441
123,54,0.151192
123,55,0.597368
123,56,0.716879
123,57,0.762195
123,58,0.523944
123,59,0.701133
123,60,0.210904
123,61,0.557109
123,62,0.752597
123,63,0.0674928
123,64,0.392249
123,65,0.610955
123,66,0.224043
123,67,0.0230801
123,68,0.383858
123,69,0.599915
123,70,0.106988
123,71,0.287447
123,72,0
123,73,0.297727
123,74,0.544359
123,75,0
123,76,0.135655
123,77,0
123,78,0.349794
123,79,0
123,80,0.281325
123,81,0.0418353
123,82,0
123,83,0
123,84,0
123,85,0
123,86,0.28669
123,87,0
123,88,0
123,89,0
123,90,0.428634
123,91,0.0653116
123,92,0
123,93,0.393672
123,94,0.267446
123,95,0.223898
123,96,0.21455
123,97,0
123,98,0.435615
123,99,0
123,100,0.58872
123,101,0
123,102,0.449051
123,103,0.614932
123,104,0.457803
123,105,0.334969
123,106,0
123,107,0
123,108,0.423379
123,109,0.522853
123,110,0.187083
123,111,0.126379
123,112,0
123,113,0.321305
123,114,0.189748
123,115,0.245386
123,116,0.577703
123,117,0
123,118,0.324353
123,119,0.769477
123,120,0.34148
123,121,0.236332
123,122,0.316958
123,123,0
123,124,0.458385
123,125,0.103475
123,126,0.101147
123,127,0.101221
123,128,0.707565
123,129,0.13927
123,130,0.925542
123,131,0.956787
123,132,0.110598
123,133,0.13032
123,134,0.769428
123,135,0.101233
123,136,0.924405
123,137,0.427825
123,138,0.177576
123,139,0.194432
123,140,0.139957
123,141,0.972132
123,142,0.636977
123,143,0.504057
123,144,0.185155
123,145,0.165852
123,146,0.875272
123,147,0.598894
123,148,0.883703
123,149,0.931779
123,150,0.096514
123,151,0.740176
123,152,0.33888
123,153,0.305152
123,154,0.096514
123,155,0.799586
123,156,0.397134
123,157,0.109192
123,158,0.901443
123,159,0.114959
123,160,0.250129
123,161,0.829441
123,162,0.0941765
123,163,0.371776
123,164,0.0941765
123,165,0.854679
123,166,0.47204
123,167,0.913315
123,168,0.300605
123,169,0.670134
123,170,0.129048
123,171,0.461863
123,172,0.655803
123,173,0.779562
123,174,0
123,175,0.768768
123,176,0
123,177,0.78254
123,178,0.392153
123,179,0.789254
123,180,0.746644
123,181,0.448315
123,182,0.562545
123,183,0.118639
123,184,0.780381
123,185,0.670982
123,186,0
123,187,0.210609
123,188,0.815698
123,189,0
123,190,0.361092
123,191,0.109943
123,192,0.755641
123,193,0.479411
123,194,0.525835
123,195,0.770567
123,196,0.37204
123,197,0.0358071
123,198,0.721814
123,199,0.716743
124,0,0.516097
124,1,0.202122
124,2,0.39065
124,3,0.628562
124,4,0.811642
124,5,0.424881
124,6,0.546696
124,7,0.80814
124,8,0.358313
124,9,0.203543
124,10,0.804678
124,11,0.253601
124,12,0.685246
124,13,0.569811
124,14,0.522015
124,15,0.621303
124,16,0.398044
124,17,0.622574
124,18,0.802964
124,19,0.374334
124,20,0.661786
124,21,0.507287
124,22,0.638767
124,23,0.575425
124,24,0.202434
124,25,0.322242
124,26,0.504449
124,27,0.68004
124,28,0.524123
124,29,0.39152
124,30,0.562533
124,31,0.441595
124,32,0.451988
124,33,0.796333
124,34,0.201104
124,35,0.348648
124,36,0.377784
124,37,0.617836
124,38,0.268398
124,39,0.732036
124,40,0.706179
124,41,0.197908
124,42,0.788267
124,43,0.383092
124,44,0.697917
124,45,0.507656
124,46,0.1884
124,47,0.183166
124,48,0.184783
124,49,0.177793
124,50,0.444871
124,51,0.768225
124,52,0.470835
124,53,0.161858
124,54,0.32235
124,55,0.596252
124,56,0.369841
124,57,0.764492
124,58,0.252067
124,59,0.758975
124,60,0.160289
124,61,0.75604
124,62,0.276444
124,63,0.589695
124,64,0.71147
124,65,0.322716
124,66,0.0482479
124,67,0.0612664
124,68,0.0223149
124,69,0.155713
124,70,0.00360494
124,71,0.588465
124,72,0.254943
124,73,0
124,74,0
124,75,0
124,76,0.217935
124,77,0
124,78,0.0156942
124,79,0.334136
124,80,0
124,81,0.476526
124,82,0.115384
124,83,0.437683
124,84,0.580508
124,85,0.487857
124,86,0.098529
124,87,0.0180216
124,88,0.369755
124,89,0.449674
124,90,0
124,91,0
124,92,0.373456
124,93,0.422441
124,94,0.412001
124,95,0.264456
124,96,0
124,97,0.532529
124,98,0.55201
124,99,0.0872293
124,100,0
124,101,0.593123
124,102,0
124,103,0.501006
124,104,0.615995
124,105,0.243857
124,106,0
124,107,0.21265
124,108,0.563471
124,109,0.177452
124,110,0
124,111,0
124,112,0.0709708
124,113,0.483996
124,114,0.736524
124,115,0.0903805
124,116,0.424692
124,117,0.342248
124,118,0.57822
124,119,0.269193
124,120,0.268723
124,121,0.0520541
124,122,0.409386
124,123,0.123024
124,124,0
124,125,0.955938
124,126,0.273855
124,127,0.821615
124,128,0.301758
124,129,0.218621
124,130,0.778648
124,131,0.787375
124,132,0.553305
124,133,0.755168
124,134,0.124027
124,135,0.420876
124,136,0.739604
124,137,0.704166
124,138,0.522569
124,139,0.270602
124,140,0.571844
124,141,0.0988665
124,142,0.485273
124,143,0.736111
124,144,0.297465
124,145,0.19561
124,146,0.726443
124,147,0.576084
124,148,0.780819
124,149,0.208839
124,150,0.276057
124,151,0.158414
124,152,0.564558
124,153,0.393733
124,154,0.613572
124,155,0.711993
124,156,0.351993
124,157,0.896938
124,158,0.544264
124,159,0.664068
124,160,0.117226
124,161,0.325369
124,162,0.453899
124,163,0.68158
124,164,0.0941765
124,165,0.588975
124,166,0.111087
124,167,0.84929
124,168,0.311242
124,169,0.654174
124,170,0.141193
124,171,0.904387
124,172,0.655696
124,173,0.640003
124,174,0.56218
124,175,0
124,176,0.763422
124,177,0.308288
124,178,0.481545
124,179,0.576568
124,180,0.549454
124,181,0.789929
124,182,0.768096
124,183,0.147127
124,184,0.210575
124,185,0.406151
124,186,0
124,187,0.595662
124,188,0.338613
124,189,0.4658
124,190,0.295254
124,191,0.499955
124,192,0.835285
124,193,0.793269
124,194,0.22565
124,195,0
124,196,0.420194
124,197,0.374669
124,198,0
124,199,0.775534
125,0,0
125,1,0.210957
125,2,0.815179
125,3,0.816959
125,4,0.815179
125,5,0.600128
125,6,0.816959
125,7,0.811642
125,8,0.202938
125,9,0.613379
125,10,0.5471
125,11,0.758604
125,12,0.55197
125,13,0.462864
125,14,0.203231
125,15,0.80814
125,16,0.203244
125,17,0.20325
125,18,0.671666
125,19,0.526006
125,20,0.720848
125,21,0.203464
125,22,0.203414
125,23,0.714129
125,24,0.203363
125,25,0.564186
125,26,0.804678
125,27,0.660059
125,28,0.203273
125,29,0.802964
125,30,0.601771
125,31,0.3463
125,32,0.202225
125,33,0.492318
125,34,0.298835
125,35,0.797896
125,36,0.202701
125,37,0.280764
125,38,0.797993
125,39,0.201806
125,40,0.794688
125,41,0.348049
125,42,0.791445
125,43,0.43819
125,44,0.791445
125,45,0.786705
125,46,0.35368
125,47,0.783512
125,48,0.189649
125,49,0.183531
125,50,0.339393
125,51,0.759889
125,52,0.17179
125,53,0.503324
125,54,0.452957
125,55,0.178782
125,56,0.153179
125,57,0.273235
125,58,0.763329
125,59,0.127413
125,60,0.115493
125,61,0.384088
125,62,0.436762
125,63,0.158155
125,64,0.0791671
125,65,0.708003
125,66,0.112742
125,67,0.0477458
125,68,0.034708
125,69,0.0277502
125,70,0.0349109
125,71,0.00484294
125,72,0.202894
125,73,0
125,74,0.232427
125,75,0
125,76,0
125,77,0.573022
125,78,0
125,79,0
125,80,0.584148
125,81,0.153195
125,82,0
125,83,0
125,84,0
125,85,0.149735
125,86,0
125,87,0
125,88,0.487666
125,89,0
125,90,0
125,91,0
125,92,0.362749
125,93,0.573954
125,94,0.0122206
125,95,0.373974
125,96,0.459677
125,97,0.316407
125,98,0.494988
125,99,0
125,100,0.441898
125,101,0
125,102,0
125,103,0
125,104,0
125,105,0.268019
125,106,0.249465
125,107,0.19367
125,108,0.196058
125,109,0.426376
125,110,0.470673
125,111,0.177453
125,112,0
125,113,0.544418
125,114,0.337139
125,115,0.0959283
125,116,0.138205
125,117,0.742051
125,118,0.342604
125,119,0.0949382
125,120,0.0702094
125,121,0.821632
125,122,0.281803
125,123,0.859268
125,124,0.874179
125,125,0
125,126,0.765206
125,127,0.743228
125,128,0.770045
125,129,0.501091
125,130,0.649745
125,131,0.811923
125,132,0.341377
125,133,0.826176
125,134,0.919622
125,135,0.64913
125,136,0.181732
125,137,0.535835
125,138,0.234877
125,139,0.707519
125,140,0.0988665
125,141,0.964672
125,142,0.466937
125,143,0.500649
125,144,0.205431
125,145,0.255828
125,146,0.0988665
125,147,0.508944
125,148,0.574435
125,149,0.960455
125,150,0.096514
125,151,0.798926
125,152,0.139066
125,153,0.902724
125,154,0.147138
125,155,0.0977841
125,156,0.804914
125,157,0.924927
125,158,0.852932
125,159,0.585615
125,160,0.427743
125,161,0.505134
125,162,0.399995
125,163,0.780169
125,164,0.342359
125,165,0.330666
125,166,0.43793
125,167,0.542193
125,168,0.884601
125,169,0.693326
125,170,0.271012
125,171,0.0941765
125,172,0.671535
125,173,0.751486
125,174,0.378944
125,175,0.804776
125,176,0
125,177,0.456497
125,178,0.33821
125,179,0.541886
125,180,0.449278
125,181,0.364632
125,182,0.373926
125,183,0.621458
125,184,0.29427
125,185,0.545547
125,186,0.746134
125,187,0.132278
125,188,0.505998
125,189,0.634591
125,190,0.753417
125,191,0
125,192,0.183841
125,193,0.197527
125,194,0.802142
125,195,0.570316
125,196,0.566143
125,197,0.278004
125,198,0.150441
125,199,0.494842
126,0,0
126,1,0.63209
126,2,0.662239
126,3,0.818746
126,4,0.437161
126,5,0.19716
126,6,0.818746
126,7,0.524189
126,8,0.796635
126,9,0.352051
126,10,0.217691
126,11,0.394717
126,12,0.809886
126,13,0.739328
126,14,0.2009
126,15,0.315636
126,16,0.442273
126,17,0.200968
126,18,0.605717
126,19,0.201311
126,20,0.80814
126,21,0.516663
126,22,0.241832
126,23,0.202606
126,24,0.804678
126,25,0.202319
126,26,0.806404
126,27,0.603172
126,28,0.647301
126,29,0.248687
126,30,0.264442
126,31,0.802964
126,32,0.799573
126,33,0.801354
126,34,0.74178
126,35,0.320449
126,36,0.201423
126,37,0.606
126,38,0.799667
126,39,0.796333
126,40,0.796333
126,41,0.199753
126,42,0.303089
126,43,0.789847
126,44,0.793058
126,45,0.471502
126,46,0.19328
126,47,0.231407
126,48,0.527645
126,49,0.72207
126,50,0.329748
126,51,0.378967
126,52,0.22639
126,53,0.555566
126,54,0.561188
126,55,0.158475
126,56,0.737829
126,57,0.469854
126,58,0.656949
126,59,0.354665
126,60,0.682665
126,61,0.11223
126,62,0.153206
126,63,0.537547
126,64,0.753406
126,65,0.0778253
126,66,0.0661887
126,67,0.0537939
126,68,0.433454
126,69,0.642571
126,70,0.746978
126,71,0.362227
126,72,0.669486
126,73,0.0261423
126,74,0.153362
126,75,0.442754
126,76,0.470776
126,77,0.266809
126,78,0.663733
126,79,0
126,80,0
126,81,0
126,82,0.364263
126,83,0.225148
126,84,0.57005
126,85,0
126,86,0.350038
126,87,0.355836
126,88,0.485643
126,89,0.0849029
126,90,0
126,91,0.270657
126,92,0.0888534
126,93,0.0798266
126,94,0
126,95,0.0305174
126,96,0.113534
126,97,0
126,98,0.10313
126,99,0
126,100,0
126,101,0.102219
126,102,0.38716
126,103,0
126,104,0.417822
126,105,0
126,106,0.5417
126,107,0.223602
126,108,0.45655
126,109,0.566943
126,110,0.584932
126,111,0
126,112,0
126,113,0.358461
126,114,0.482305
126,115,0
126,116,0.738301
126,117,0.27488
126,118,0.768538
126,119,0.706295
126,120,0.800095
126,121,0.0416705
126,122,0.458385
126,123,0.399335
126,124,0.60447
126,125,0.882063
126,126,0
126,127,0.901845
126,128,0.169414
126,129,0.281531
126,130,0.421666
126,131,0.342361
126,132,0.515201
126,133,0.919588
126,134,0.117352
126,135,0.675061
126,136,0.701855
126,137,0.314451
126,138,0.559419
126,139,0.264488
126,140,0.101233
126,141,0.437616
126,142,0.146448
126,143,0.209008
126,144,0.662933
126,145,0.75875
126,146,0.921292
126,147,0.834645
126,148,0.704922
126,149,0.367366
126,150,0.756667
126,151,0.551923
126,152,0.315476
126,153,0.896794
126,154,0.0988665
126,155,0.768652
126,156,0.534406
126,157,0.0988665
126,158,0.675228
126,159,0.705479
126,160,0.264596
126,161,0.096514
126,162,0.096514
126,163,0.780584
126,164,0.096514
126,165,0.158158
126,166,0.454011
126,167,0.719215
126,168,0.480463
126,169,0.096514
126,170,0.096514
126,171,0.588685
126,172,0.464581
126,173,0.144458
126,174,0.706776
126,175,0.0427428
126,176,0.818437
126,177,0.637473
126,178,0
126,179,0.545446
126,180,0.0269258
126,181,0.67038
126,182,0.120243
126,183,0.365276
126,184,0.583834
126,185,0.222492
126,186,0.150563
126,187,0.141089
126,188,0.239056
126,189,0
126,190,0
126,191,0.537547
126,192,0
126,193,0
126,194,0.352027
126,195,0.017505
126,196,0.131639
126,197,0.833729
126,198,0.76441
126,199,0.645976
127,0,0
127,1,0.822339
127,2,0.42553
127,3,0.55712
127,4,0.195
127,5,0.270716
127,6,0.741362
127,7,0.196708
127,8,0.198385
127,9,0.77791
127,10,0.790832
127,11,0.221912
127,12,0.589175
127,13,0.199348
127,14,0.730348
127,15,0.321344
127,16,0.423155
127,17,0.199512
127,18,0.612835
127,19,0.811642
127,20,0.200148
127,21,0.634621
127,22,0.500168
127,23,0.200148
127,24,0.732761
127,25,0.200975
127,26,0.324115
127,27,0.20154
127,28,0.80814
127,29,0.246979
127,30,0.804678
127,31,0.20167
127,32,0.201695
127,33,0.252432
127,34,0.610731
127,35,0.341866
127,36,0.527998
127,37,0.356229
127,38,0.443742
127,39,0.580026
127,40,0.201619
127,41,0.234569
127,42,0.796333
127,43,0.719817
127,44,0.286723
127,45,0.534409
127,46,0.196501
127,47,0.701216
127,48,0.553427
127,49,0.641138
127,50,0.506778
127,51,0.575015
127,52,0.264622
127,53,0.177597
127,54,0.710737
127,55,0.165866
127,56,0.163912
127,57,0.157537
127,58,0.147244
127,59,0.140733
127,60,0.223646
127,61,0.761091
127,62,0.11306
127,63,0.396209
127,64,0.0957298
127,65,0.539892
127,66,0.706324
127,67,0.483336
127,68,0.0530329
127,69,0.118582
127,70,0.0348117
127,71,0.0237594
127,72,0.316039
127,73,0
127,74,0.64892
127,75,0.571474
127,76,0.303373
127,77,0.666962
127,78,0.25544
127,79,0
127,80,0.295513
127,81,0
127,82,0.403663
127,83,0.564783
127,84,0
127,85,0.137104
127,86,0.576045
127,87,0
127,88,0.193958
127,89,0
127,90,0
127,91,0.505304
127,92,0.477462
127,93,0
127,94,0.0277595
127,95,0
127,96,0.549041
127,97,0
127,98,0.270148
127,99,0
127,100,0.230743
127,101,0.530645
127,102,0
127,103,0
127,104,0.596769
127,105,0
127,106,0
127,107,0.22659
127,108,0
127,109,0.285941
127,110,0.425364
127,111,0.413516
127,112,0.426348
127,113,0.226347
127,114,0.393377
127,115,0.597009
127,116,0
127,117,0.403176
127,118,0.753795
127,119,0.443725
127,120,0.47822
127,121,0.0726875
127,122,0.426449
127,123,0.434859
127,124,0.413026
127,125,0.867142
127,126,0.510447
127,127,0
127,128,0.432728
127,129,0.289925
127,130,0.22264
127,131,0.454173
127,132,0.929679
127,133,0.156099
127,134,0.657797
127,135,0.127316
127,136,0.133808
127,137,0.765766
127,138,0.165174
127,139,0.711773
127,140,0.847024
127,141,0.7765
127,142,0.449161
127,143,0.557568
127,144,0.48484
127,145,0.946396
127,146,0.198973
127,147,0.317927
127,148,0.948033
127,149,0.792941
127,150,0.308374
127,151,0.553015
127,152,0.411866
127,153,0.500815
127,154,0.0988665
127,155,0.922031
127,156,0.967682
127,157,0.0988665
127,158,0.459294
127,159,0.40514
127,160,0.332004
127,161,0.674509
127,162,0.851549
127,163,0.262471
127,164,0.831396
127,165,0.510134
127,166,0.388153
127,167,0.096514
127,168,0.283754
127,169,0.563602
127,170,0.695878
127,171,0.141825
127,172,0.343361
127,173,0.148299
127,174,0.608476
127,175,0.74343
127,176,0.009924
127,177,0.816854
127,178,0.0755945
127,179,0
127,180,0.631882
127,181,0.406056
127,182,0.555933
127,183,0.0666223
127,184,0
127,185,0.648862
127,186,0.00528855
127,187,0
127,188,0.723177
127,189,0.489869
127,190,0.344488
127,191,0.0890771
127,192,0.198274
127,193,0.229932
127,194,0.385444
127,195,0.0635661
127,196,0.767779
127,197,0.801287
127,198,0.064315
127,199,0.0854063
128,0,0.126144
128,1,0.825953
128,2,0.415348
128,3,0.825953
128,4,0.19142
128,5,0.19038
128,6,0.825394
128,7,0.294872
128,8,0.195682
128,9,0.195963
128,10,0.420453
128,11,0.816959
128,12,0.594204
128,13,0.197033
128,14,0.197033
128,15,0.666258
128,16,0.815251
128,17,0.262434
128,18,0.731165
128,19,0.792468
128,20,0.815179
128,21,0.225835
128,22,0.198217
128,23,0.251257
128,24,0.608981
128,25,0.56499
128,26,0.467719
128,27,0.532702
128,28,0.526568
128,29,0.690884
128,30,0.777575
128,31,0.201037
128,32,0.645917
128,33,0.201149
128,34,0.201274
128,35,0.792686
128,36,0.367307
128,37,0.80814
128,38,0.20158
128,39,0.493544
128,40,0.803053
128,41,0.51342
128,42,0.394427
128,43,0.510563
128,44,0.632367
128,45,0.507457
128,46,0.19897
128,47,0.542793
128,48,0.763514
128,49,0.783758
128,50,0.326395
128,51,0.659672
128,52,0.185079
128,53,0.342193
128,54,0.780516
128,55,0.707428
128,56,0.776181
128,57,0.341785
128,58,0.215645
128,59,0.387639
128,60,0.139052
128,61,0.132029
128,62,0.442181
128,63,0.61704
128,64,0.129958
128,65,0.447331
128,66,0.377482
128,67,0.464335
128,68,0.273905
128,69,0.436083
128,70,0.0470006
128,71,0.158667
128,72,0.0217256
128,73,0.283733
128,74,0.635956
128,75,0.508835
128,76,0
128,77,0
128,78,0.0285208
128,79,0.497127
128,80,0.667851
128,81,0.341255
128,82,0.13927
128,83,0
128,84,0
128,85,0.0476211
128,86,0.510961
128,87,0.597945
128,88,0.422303
128,89,0
128,90,0.0441824
128,91,0.494745
128,92,0
128,93,0
128,94,0.223057
128,95,0.0783947
128,96,0.169028
128,97,0
128,98,0
128,99,0
128,100,0.381626
128,101,0
128,102,0.0122937
128,103,0.5366
128,104,0.38694
128,105,0
128,106,0.333671
128,107,0.447599
128,108,0.0217839
128,109,0
128,110,0.289906
128,111,0.0514793
128,112,0.405608
128,113,0
128,114,0.23478
128,115,0.490894
128,116,0.27871
128,117,0.169797
128,118,0.529811
128,119,0.150628
128,120,0.403486
128,121,0.0392644
128,122,0.117596
128,123,0.704191
128,124,0.105199
128,125,0.822777
128,126,0.25644
128,127,0.744852
128,128,0
128,129,0.102587
128,130,0.427898
128,131,0.813333
128,132,0.843228
128,133,0.683782
128,134,0.22844
128,135,0.777086
128,136,0.45294
128,137,0.521115
128,138,0.475202
128,139,0.263298
128,140,0.894607
128,141,0.507381
128,142,0.879361
128,143,0.258111
128,144,0.210804
128,145,0.980359
128,146,0.758272
128,147,0.955515
128,148,0.487298
128,149,0.13789
128,150,0.67852
128,151,0.819272
128,152,0.702632
128,153,0.85849
128,154,0.0988665
128,155,0.503653
128,156,0.0988665
128,157,0.934026
128,158,0.80586
128,159,0.810663
128,160,0.096514
128,161,0.227596
128,162,0.616571
128,163,0.819132
128,164,0.912166
128,165,0.845799
128,166,0.594584
128,167,0.37296
128,168,0.374768
128,169,0.096514
128,170,0.647306
128,171,0.280423
128,172,0.590703
128,173,0.529926
128,174,0.447617
128,175,0.716735
128,176,0.425514
128,177,0.215294
128,178,0.686488
128,179,0
128,180,0.375271
128,181,0.387095
128,182,0.777045
128,183,0.100776
128,184,0.262246
128,185,0.848676
128,186,0.621065
128,187,0.324089
128,188,0.807988
128,189,0.452211
128,190,0.160039
128,191,0.816943
128,192,0.713702
128,193,0.810505
128,194,0.669972
128,195,0.659764
128,196,0.684017
128,197,0.292247
128,198,0.0604153
128,199,0.0926589
129,0,0.126458
129,1,0.829583
129,2,0.557581
129,3,0.191477
129,4,0.465508
129,5,0.185888
129,6,0.185888
129,7,0.189638
129,8,0.506475
129,9,0.82054
129,10,0.193543
129,11,0.192371
129,12,0.411794
129,13,0.193963
129,14,0.267908
129,15,0.82054
129,16,0.194143
129,17,0.194317
129,18,0.298123
129,19,0.818746
129,20,0.640296
129,21,0.608595
129,22,0.818746
129,23,0.50415
129,24,0.573147
129,25,0.781566
129,26,0.317452
129,27,0.413263
129,28,0.234671
129,29,0.537112
129,30,0.665815
129,31,0.802482
129,32,0.440604
129,33,0.231467
129,34,0.200059
129,35,0.809886
129,36,0.386488
129,37,0.200432
129,38,0.809965
129,39,0.806488
129,40,0.806488
129,41,0.201408
129,42,0.803053
129,43,0.37064
129,44,0.201616
129,45,0.200879
129,46,0.200681
129,47,0.198879
129,48,0.234592
129,49,0.490421
129,50,0.195649
129,51,0.792953
129,52,0.189646
129,53,0.188003
129,54,0.362848
129,55,0.650124
129,56,0.779049
129,57,0.662208
129,58,0.163103
129,59,0.15746
129,60,0.168022
129,61,0.677394
129,62,0.763329
129,63,0.581722
129,64,0.758975
129,65,0.758975
129,66,0.466618
129,67,0.235025
129,68,0.0765945
129,69,0.394075
129,70,0.0991225
129,71,0.749723
129,72,0.436393
129,73,0.0237594
129,74,0.105365
129,75,0.523119
129,76,0.150516
129,77,0.272873
129,78,0.651255
129,79,0.35671
129,80,0
129,81,0
129,82,0.203694
129,83,0
129,84,0
129,85,0.571401
129,86,0.481676
129,87,0
129,88,0.255386
129,89,0.56389
129,90,0
129,91,0.483582
129,92,0.311814
129,93,0
129,94,0.162081
129,95,0.29974
129,96,0
129,97,0
129,98,0
129,99,0
129,100,0.335176
129,101,0
129,102,0
129,103,0
129,104,0.206292
129,105,0.086638
129,106,0
129,107,0
129,108,0
129,109,0
129,110,0.330335
129,111,0
129,112,0
129,113,0
129,114,0
129,115,0.150238
129,116,0
129,117,0
129,118,0.32444
129,119,0.577776
129,120,0
129,121,0.643715
129,122,0.527292
129,123,0.637784
129,124,0
129,125,0.16855
129,126,0.410474
129,127,0.114946
129,128,0.402815
129,129,0
129,130,0.576676
129,131,0.32363
129,132,0.180036
129,133,0.972786
129,134,0.460398
129,135,0.583642
129,136,0.568691
129,137,0.929254
129,138,0.751978
129,139,0.58564
129,140,0.95133
129,141,0.864269
129,142,0.255366
129,143,0.101233
129,144,0.101233
129,145,0.463359
129,146,0.25512
129,147,0.493193
129,148,0.591407
129,149,0.330465
129,150,0.0988665
129,151,0.370103
129,152,0.368519
129,153,0.834828
129,154,0.0988665
129,155,0.12443
129,156,0.841837
129,157,0.282743
129,158,0.601306
129,159,0.0988665
129,160,0.703765
129,161,0.174892
129,162,0.320018
129,163,0.884985
129,164,0.148523
129,165,0.781204
129,166,0.466994
129,167,0.725068
129,168,0.718312
129,169,0.229248
129,170,0.321756
129,171,0.680689
129,172,0.0967758
129,173,0.580381
129,174,0.610957
129,175,0.0841224
129,176,0
129,177,0
129,178,0.591553
129,179,0.572463
129,180,0.228034
129,181,0.643496
129,182,0
129,183,0.619427
129,184,0.494984
129,185,0.0185499
129,186,0.760492
129,187,0.35967
129,188,0.32658
129,189,0.387084
129,190,0.387506
129,191,0.0642407
129,192,0.595872
129,193,0.741419
129,194,0
129,195,0.778291
129,196,0.550335
129,197,0.477806
129,198,0.531049
129,199,0.302521
130,0,0.454951
130,1,0.182568
130,2,0.183921
130,3,0.182862
130,4,0.656976
130,5,0.833225
130,6,0.253675
130,7,0.761891
130,8,0.824206
130,9,0.190652
130,10,0.481588
130,11,0.30634
130,12,0.778498
130,13,0.587216
130,14,0.192256
130,15,0.422344
130,16,0.755759
130,17,0.822339
130,18,0.822339
130,19,0.237397
130,20,0.517433
130,21,0.471905
130,22,0.448149
130,23,0.263456
130,24,0.368188
130,25,0.583677
130,26,0.196816
130,27,0.198344
130,28,0.222842
130,29,0.818746
130,30,0.537551
130,31,0.199463
130,32,0.813406
130,33,0.713343
130,34,0.20009
130,35,0.607646
130,36,0.641929
130,37,0.439678
130,38,0.379439
130,39,0.586354
130,40,0.443465
130,41,0.806488
130,42,0.806488
130,43,0.228141
130,44,0.464556
130,45,0.801354
130,46,0.659424
130,47,0.226096
130,48,0.794688
130,49,0.590993
130,50,0.460317
130,51,0.480241
130,52,0.195015
130,53,0.786587
130,54,0.735636
130,55,0.415645
130,56,0.47557
130,57,0.779049
130,58,0.47078
130,59,0.675146
130,60,0.769427
130,61,0.150684
130,62,0.765684
130,63,0.685995
130,64,0.668283
130,65,0.121546
130,66,0.263207
130,67,0.279741
130,68,0.316345
130,69,0.611671
130,70,0.0709579
130,71,0.726127
130,72,0.441185
130,73,0.698359
130,74,0.0263914
130,75,0.0139148
130,76,0.642966
130,77,0.542984
130,78,0.0638589
130,79,0.574304
130,80,0.103449
130,81,0.499127
130,82,0.0252345
130,83,0.144788
130,84,0.386355
130,85,0
130,86,0.564857
130,87,0
130,88,0
130,89,0.0664588
130,90,0.577235
130,91,0.510485
130,92,0.10555
130,93,0.423623
130,94,0.279981
130,95,0
130,96,0.444425
130,97,0
130,98,0.281737
130,99,0
130,100,0.436832
130,101,0.294726
130,102,0
130,103,0.0904865
130,104,0.218302
130,105,0
130,106,0.216016
130,107,0.132559
130,108,0
130,109,0.580274
130,110,0.021816
130,111,0.251911
130,112,0.42161
130,113,0.405282
130,114,0
130,115,0.185929
130,116,0.557178
130,117,0.695332
130,118,0.473837
130,119,0.675127
130,120,0.244669
130,121,0.50132
130,122,0.644815
130,123,0.784234
130,124,0.394708
130,125,0.400057
130,126,0.15095
130,127,0.311465
130,128,0.536411
130,129,0.875658
130,130,0
130,131,0.705422
130,132,0.435709
130,133,0.65177
130,134,0.955766
130,135,0.936737
130,136,0.266283
130,137,0.334242
130,138,0.534844
130,139,0.781205
130,140,0.523385
130,141,0.477136
130,142,0.154433
130,143,0.114361
130,144,0.225323
130,145,0.876616
130,146,0.18544
130,147,0.697856
130,148,0.696243
130,149,0.172289
130,150,0.401709
130,151,0.59068
130,152,0.617236
130,153,0.0988665
130,154,0.396848
130,155,0.569022
130,156,0.595822
130,157,0.892998
130,158,0.806982
130,159,0.972915
130,160,0.46577
130,161,0.739259
130,162,0.674443
130,163,0.903138
130,164,0.391425
130,165,0.630266
130,166,0.837466
130,167,0.664775
130,168,0.096514
130,169,0.381787
130,170,0.456241
130,171,0.505221
130,172,0.86138
130,173,0.613131
130,174,0.527862
130,175,0.00115791
130,176,0.404201
130,177,0.721933
130,178,0.712453
130,179,0.121745
130,180,0
130,181,0.135463
130,182,0.734515
130,183,0.554849
130,184,0.235029
130,185,0.144797
130,186,0.139705
130,187,0
130,188,0.0622849
130,189,0
130,190,0.850321
130,191,0.561169
130,192,0.743551
130,193,0.557879
130,194,0.497422
130,195,0.16809
130,196,0.215059
130,197,0.36178
130,198,0
130,199,0.219728
131,0,0.484285
131,1,0.488219
131,2,0.835048
131,3,0.821438
131,4,0.17857
131,5,0.563478
131,6,0.836874
131,7,0.69517
131,8,0.434466
131,9,0.824875
131,10,0.827766
131,11,0.490719
131,12,0.185835
131,13,0.827766
131,14,0.189735
131,15,0.484004
131,16,0.188037
131,17,0.477199
131,18,0.488291
131,19,0.349275
131,20,0.599129
131,21,0.488732
131,22,0.190044
131,23,0.492045
131,24,0.2015
131,25,0.70566
131,26,0.814137
131,27,0.572166
131,28,0.228575
131,29,0.822339
131,30,0.818746
131,31,0.196595
131,32,0.345106
131,33,0.818814
131,34,0.197407
131,35,0.51041
131,36,0.452761
131,37,0.818746
131,38,0.220177
131,39,0.813481
131,40,0.813481
131,41,0.200666
131,42,0.404342
131,43,0.806488
131,44,0.20113
131,45,0.607737
131,46,0.444768
131,47,0.203285
131,48,0.203212
131,49,0.793161
131,50,0.542737
131,51,0.696822
131,52,0.427356
131,53,0.598749
131,54,0.19608
131,55,0.619933
131,56,0.297626
131,57,0.184889
131,58,0.177683
131,59,0.507241
131,60,0.772055
131,61,0.158828
131,62,0.649881
131,63,0.145945
131,64,0.136938
131,65,0.63561
131,66,0.604912
131,67,0.374684
131,68,0.593971
131,69,0.755357
131,70,0.244321
131,71,0.396171
131,72,0.0583448
131,73,0.612064
131,74,0.305718
131,75,0.0263914
131,76,0.182965
131,77,0.71494
131,78,0.124487
131,79,0.241999
131,80,0.616457
131,81,0.637853
131,82,0
131,83,0.0183925
131,84,0.213971
131,85,0.0820926
131,86,0.634528
131,87,0.508642
131,88,0.0749649
131,89,0
131,90,0.0392308
131,91,0
131,92,0
131,93,0
131,94,0.103344
131,95,0.0104659
131,96,0.475311
131,97,0
131,98,0.504351
131,99,0.204947
131,100,0
131,101,0
131,102,0
131,103,0
131,104,0
131,105,0.306822
131,106,0.112272
131,107,0.169294
131,108,0.289142
131,109,0.520762
131,110,0
131,111,0.222352
131,112,0.485371
131,113,0
131,114,0.603473
131,115,0.0638463
131,116,0.421155
131,117,0.628778
131,118,0
131,119,0
131,120,0
131,121,0.461128
131,122,0.277546
131,123,0.32427
131,124,0.673796
131,125,0.800826
131,126,0.800845
131,127,0.618638
131,128,0.13615
131,129,0.789328
131,130,0.304979
131,131,0
131,132,0.372989
131,133,0.162769
131,134,0.52664
131,135,0.697124
131,136,0.297321
131,137,0.229672
131,138,0.19893
131,139,0.857401
131,140,0.901429
131,141,0.101233
131,142,0.930335
131,143,0.475193
131,144,0.917341
131,145,0.219958
131,146,0.391069
131,147,0.28328
131,148,0.919856
131,149,0.282297
131,150,0.511984
131,151,0.0988665
131,152,0.388463
131,153,0.17339
131,154,0.532427
131,155,0.871685
131,156,0.0988665
131,157,0.500488
131,158,0.780956
131,159,0.691213
131,160,0.693642
131,161,0.606644
131,162,0.096514
131,163,0.096514
131,164,0.771072
131,165,0.541423
131,166,0.766134
131,167,0.096514
131,168,0.778162
131,169,0.096514
131,170,0.943121
131,171,0.68985
131,172,0.0941765
131,173,0.875913
131,174,0.0733232
131,175,0
131,176,0.0103253
131,177,0.473023
131,178,0.197628
131,179,0
131,180,0.77662
131,181,0.730912
131,182,0.0469851
131,183,0.187173
131,184,0
131,185,0.592846
131,186,0.0746924
131,187,0
131,188,0.117824
131,189,0
131,190,0.643495
131,191,0.84458
131,192,0.519896
131,193,0.690997
131,194,0
131,195,0.324083
131,196,0.259333
131,197,0.742083
131,198,0.426436
131,199,0.0705881
132,0,0.452543
132,1,0.535477
132,2,0.838699
132,3,0.170479
132,4,0.455671
132,5,0.170479
132,6,0.170479
132,7,0.612055
132,8,0.761282
132,9,0.385591
132,10,0.711655
132,11,0.678748
132,12,0.256943
132,13,0.831403
132,14,0.182558
132,15,0.325545
132,16,0.640489
132,17,0.23314
132,18,0.405129
132,19,0.829583
132,20,0.264364
132,21,0.198989
132,22,0.829583
132,23,0.829583
132,24,0.190647
132,25,0.188356
132,26,0.41232
132,27,0.460765
132,28,0.825953
132,29,0.190892
132,30,0.691694
132,31,0.820849
132,32,0.564829
132,33,0.643166
132,34,0.822339
132,35,0.195539
132,36,0.809184
132,37,0.822339
132,38,0.678737
132,39,0.588731
132,40,0.316241
132,41,0.409262
132,42,0.287134
132,43,0.591231
132,44,0.323897
132,45,0.31632
132,46,0.80814
132,47,0.804678
132,48,0.56531
132,49,0.350873
132,50,0.796333
132,51,0.802964
132,52,0.558116
132,53,0.792953
132,54,0.776301
132,55,0.600006
132,56,0.788152
132,57,0.189791
132,58,0.183456
132,59,0.712776
132,60,0.171685
132,61,0.722929
132,62,0.513967
132,63,0.71043
132,64,0.34719
132,65,0.338381
132,66,0.732579
132,67,0.132626
132,68,0.216049
132,69,0.385849
132,70,0.69417
132,71,0.502629
132,72,0.752077
132,73,0.0603417
132,74,0.0574284
132,75,0.0478619
132,76,0.227251
132,77,0.0201617
132,78,0.0076556
132,79,0
132,80,0.27105
132,81,0
132,82,0.557766
132,83,0
132,84,0.652348
132,85,0.319063
132,86,0.387511
132,87,0.459191
132,88,0.497209
132,89,0.449151
132,90,0.184959
132,91,0
132,92,0.205423
132,93,0
132,94,0.454092
132,95,0
132,96,0.161466
132,97,0.275783
132,98,0
132,99,0.497624
132,100,0
132,101,0
132,102,0.161339
132,103,0
132,104,0
132,105,0.42473
132,106,0.000696804
132,107,0.298899
132,108,0
132,109,0.263772
132,110,0.337431
132,111,0.204733
132,112,0.44174
132,113,0.223973
132,114,0.351211
132,115,0.444546
132,116,0
132,117,0.116686
132,118,0.299475
132,119,0
132,120,0
132,121,0
132,122,0
132,123,0.633183
132,124,0.117774
132,125,0
132,126,0.711928
132,127,0.744569
132,128,0.605845
132,129,0.0497553
132,130,0.725538
132,131,0.874179
132,132,0
132,133,0.226274
132,134,0.350129
132,135,0.104466
132,136,0.470249
132,137,0.177618
132,138,0.450199
132,139,0.167375
132,140,0.201686
132,141,0.101233
132,142,0.878012
132,143,0.76922
132,144,0.889737
132,145,0.445596
132,146,0.447009
132,147,0.651023
132,148,0.64901
132,149,0.842438
132,150,0.215338
132,151,0.718688
132,152,0.0988665
132,153,0.349869
132,154,0.8619
132,155,0.873228
132,156,0.626595
132,157,0.859704
132,158,0.714746
132,159,0.479589
132,160,0.543935
132,161,0.821505
132,162,0.242275
132,163,0.450655
132,164,0.096514
132,165,0.594064
132,166,0.501932
132,167,0.529883
132,168,0.778749
132,169,0.961608
132,170,0.707517
132,171,0.096514
132,172,0.0941765
132,173,0.587986
132,174,0.668196
132,175,0
132,176,0
132,177,0.123836
132,178,0.528515
132,179,0.618348
132,180,0
132,181,0.765154
132,182,0.359125
132,183,0.0706428
132,184,0.130881
132,185,0.23446
132,186,0
132,187,0.779541
132,188,0.118654
132,189,0.698942
132,190,0.283621
132,191,0.695703
132,192,0.553561
132,193,0.559011
132,194,0.179472
132,195,0.639185
132,196,0.179987
132,197,0.708297
132,198,0.19596
132,199,0
133,0,0.40185
133,1,0.162873
133,2,0.164725
133,3,0.844176
133,4,0.69485
133,5,0.844176
133,6,0.844176
133,7,0.789374
133,8,0.223008
133,9,0.617833
133,10,0.556643
133,11,0.351542
133,12,0.523497
133,13,0.176656
133,14,0.567232
133,15,0.802987
133,16,0.439429
133,17,0.675008
133,18,0.734733
133,19,0.713508
133,20,0.525364
133,21,0.180366
133,22,0.554922
133,23,0.22829
133,24,0.829583
133,25,0.831403
133,26,0.18391
133,27,0.220336
133,28,0.757875
133,29,0.378619
133,30,0.372911
133,31,0.623426
133,32,0.479917
133,33,0.546488
133,34,0.592004
133,35,0.207728
133,36,0.529557
133,37,0.564907
133,38,0.191488
133,39,0.777433
133,40,0.208966
133,41,0.605411
133,42,0.195224
133,43,0.757681
133,44,0.682896
133,45,0.746884
133,46,0.587243
133,47,0.203002
133,48,0.445524
133,49,0.338001
133,50,0.799667
133,51,0.806404
133,52,0.521787
133,53,0.444025
133,54,0.225632
133,55,0.408482
133,56,0.336514
133,57,0.250485
133,58,0.624038
133,59,0.184793
133,60,0.617505
133,61,0.173276
133,62,0.696263
133,63,0.16227
133,64,0.516364
133,65,0.272223
133,66,0.270948
133,67,0.130959
133,68,0.760017
133,69,0.2733
133,70,0.756986
133,71,0.0950457
133,72,0.0818582
133,73,0.0721985
133,74,0.71466
133,75,0.496206
133,76,0.617999
133,77,0.26584
133,78,0.60949
133,79,0.0264175
133,80,0.564322
133,81,0.451057
133,82,0
133,83,0.0514226
133,84,0
133,85,0.178941
133,86,0.442468
133,87,0.181471
133,88,0.415692
133,89,0.0696576
133,90,0.271875
133,91,0.0472898
133,92,0.0755255
133,93,0.00462137
133,94,0.175655
133,95,0
133,96,0.339439
133,97,0.521675
133,98,0
133,99,0.253178
133,100,0
133,101,0
133,102,0.389627
133,103,0
133,104,0
133,105,0.293908
133,106,0
133,107,0.581344
133,108,0
133,109,0.480809
133,110,0
133,111,0
133,112,0.226561
133,113,0.170393
133,114,0.025925
133,115,0.424742
133,116,0
133,117,0
133,118,0
133,119,0.511749
133,120,0.30542
133,121,0.680142
133,122,0
133,123,0
133,124,0.131705
133,125,0.621617
133,126,0
133,127,0
133,128,0.609645
133,129,0.157614
133,130,0.666652
133,131,0.00350314
133,132,0.311042
133,133,0
133,134,0.538649
133,135,0.385304
133,136,0.498845
133,137,0.242558
133,138,0.408781
133,139,0.495398
133,140,0.434431
133,141,0.279795
133,142,0.761887
133,143,0.449608
133,144,0.869945
133,145,0.287851
133,146,0.815387
133,147,0.625194
133,148,0.297622
133,149,0.942517
133,150,0.894878
133,151,0.0988665
133,152,0.503399
133,153,0.812742
133,154,0.292353
133,155,0.520371
133,156,0.123512
133,157,0.0988665
133,158,0.587626
133,159,0.184228
133,160,0.782369
133,161,0.823625
133,162,0.908665
133,163,0.831644
133,164,0.161487
133,165,0.452046
133,166,0.216198
133,167,0.667796
133,168,0.701728
133,169,0.634456
133,170,0.173454
133,171,0.146419
133,172,0.916708
133,173,0.937797
133,174,0.504308
133,175,0.701108
133,176,0.140103
133,177,0.328327
133,178,0.339741
133,179,0.459026
133,180,0.292144
133,181,0.25592
133,182,0.562972
133,183,0.817633
133,184,0.0845204
133,185,0
133,186,0.353838
133,187,0.230098
133,188,0
133,189,0
133,190,0.438816
133,191,0.781655
133,192,0.822694
133,193,0.380596
133,194,0.646414
133,195,0.0172955
133,196,0
133,197,0
133,198,0.711983
133,199,0.594377
134,0,0.252766
134,1,0.155032
134,2,0.846
134,3,0.636259
134,4,0.157535
134,5,0.534873
134,6,0.478077
134,7,0.306046
134,8,0.166633
134,9,0.167438
134,10,0.838699
134,11,0.448258
134,12,0.366901
134,13,0.617488
134,14,0.41136
134,15,0.600191
134,16,0.635898
134,17,0.836874
134,18,0.172582
134,19,0.757853
134,20,0.173405
134,21,0.572553
134,22,0.685222
134,23,0.173405
134,24,0.180416
134,25,0.485019
134,26,0.178182
134,27,0.181144
134,28,0.537274
134,29,0.180754
134,30,0.829583
134,31,0.2573
134,32,0.186482
134,33,0.813379
134,34,0.829583
134,35,0.192396
134,36,0.390922
134,37,0.458064
134,38,0.53201
134,39,0.438224
134,40,0.46175
134,41,0.479129
134,42,0.820606
134,43,0.817029
134,44,0.191934
134,45,0.362477
134,46,0.496088
134,47,0.798579
134,48,0.308111
134,49,0.502759
134,50,0.575556
134,51,0.361686
134,52,0.203206
134,53,0.280995
134,54,0.38397
134,55,0.217091
134,56,0.778424
134,57,0.5698
134,58,0.345075
134,59,0.315331
134,60,0.614175
134,61,0.219747
134,62,0.565106
134,63,0.738217
134,64,0.16227
134,65,0.491729
134,66,0.768152
134,67,0.403334
134,68,0.130319
134,69,0.432237
134,70,0.758975
134,71,0.36719
134,72,0.0931732
134,73,0.715553
134,74,0.197275
134,75,0.063092
134,76,0.0540626
134,77,0.658631
134,78,0.740188
134,79,0.319029
134,80,0.120959
134,81,0.279542
134,82,0.639795
134,83,0.180741
134,84,0.524218
134,85,0.0001108
134,86,0.375029
134,87,0.279567
134,88,0.54953
134,89,0
134,90,0.589815
134,91,0.168177
134,92,0
134,93,0.180599
134,94,0
134,95,0.0133222
134,96,0
134,97,0
134,98,0.491757
134,99,0
134,100,0.450874
134,101,0.429569
134,102,0.235721
134,103,0.480461
134,104,0.305259
134,105,0
134,106,0
134,107,0.556773
134,108,0.481903
134,109,0
134,110,0.124844
134,111,0
134,112,0.179702
134,113,0.0622715
134,114,0.367859
134,115,0.0247771
134,116,0.398832
134,117,0.0933467
134,118,0.657023
134,119,0.33016
134,120,0.199134
134,121,0.670271
134,122,0
134,123,0.57352
134,124,0.288229
134,125,0.305826
134,126,0.0334385
134,127,0.463905
134,128,0.684874
134,129,0.000705509
134,130,0.682691
134,131,0.618096
134,132,0.859268
134,133,0.400582
134,134,0
134,135,0.58
134,136,0.673602
134,137,0.441944
134,138,0.638019
134,139,0.641828
134,140,0.328875
134,141,0.65756
134,142,0.157659
134,143,0.58185
134,144,0.211258
134,145,0.586496
134,146,0.30191
134,147,0.579397
134,148,0.307974
134,149,0.704136
134,150,0.54865
134,151,0.926879
134,152,0.175755
134,153,0.474383
134,154,0.0988665
134,155,0.966973
134,156,0.961279
134,157,0.568875
134,158,0.171165
134,159,0.575568
134,160,0.374714
134,161,0.271672
134,162,0.33742
134,163,0.096514
134,164,0.231064
134,165,0.764821
134,166,0.641541
134,167,0.913393
134,168,0.214228
134,169,0.289094
134,170,0.565481
134,171,0.553363
134,172,0.949111
134,173,0.725597
134,174,0.0434931
134,175,0.0748236
134,176,0.226547
134,177,0.354035
134,178,0.66766
134,179,0.555822
134,180,0.079471
134,181,0.237611
134,182,0.50479
134,183,0.277316
134,184,0.727853
134,185,0.602208
134,186,0.260123
134,187,0.711197
134,188,0.195573
134,189,0.455779
134,190,0.311256
134,191,0.603402
134,192,0.760565
134,193,0.68179
134,194,0.695736
134,195,0.0247439
134,196,0.473524
134,197,0.36417
134,198,0
134,199,0.720845
135,0,0.379777
135,1,0.672932
135,2,0.418865
135,3,0.789504
135,4,0.443603
135,5,0.599007
135,6,0.147107
135,7,0.817443
135,8,0.159092
135,9,0.82635
135,10,0.523712
135,11,0.32639
135,12,0.204613
135,13,0.168333
135,14,0.749583
135,15,0.161922
135,16,0.840572
135,17,0.163745
135,18,0.840525
135,19,0.272
135,20,0.765909
135,21,0.407909
135,22,0.166507
135,23,0.675839
135,24,0.247636
135,25,0.838699
135,26,0.838699
135,27,0.8351
135,28,0.398081
135,29,0.174643
135,30,0.759756
135,31,0.24782
135,32,0.71275
135,33,0.225068
135,34,0.179304
135,35,0.205379
135,36,0.833225
135,37,0.180754
135,38,0.181521
135,39,0.182843
135,40,0.1843
135,41,0.628224
135,42,0.389479
135,43,0.260092
135,44,0.824206
135,45,0.188386
135,46,0.383812
135,47,0.800055
135,48,0.377189
135,49,0.361714
135,50,0.201735
135,51,0.201572
135,52,0.800067
135,53,0.203461
135,54,0.802964
135,55,0.202118
135,56,0.201717
135,57,0.752015
135,58,0.789735
135,59,0.445504
135,60,0.738769
135,61,0.712024
135,62,0.693255
135,63,0.449368
135,64,0.773406
135,65,0.773406
135,66,0.64674
135,67,0.768152
135,68,0.1397
135,69,0.701262
135,70,0.761091
135,71,0.116457
135,72,0.305282
135,73,0.181249
135,74,0.138633
135,75,0.113939
135,76,0.332583
135,77,0.490073
135,78,0.0449316
135,79,0.674517
135,80,0.0201617
135,81,0.0136087
135,82,0
135,83,0.57179
135,84,0.0501996
135,85,0.657498
135,86,0.609282
135,87,0.0621653
135,88,0.383479
135,89,0.550112
135,90,0.494938
135,91,0.118001
135,92,0.264728
135,93,0.203881
135,94,0.590708
135,95,0.230061
135,96,0.0204606
135,97,0.286363
135,98,0.0971076
135,99,0.00572034
135,100,0.0736277
135,101,0.0111068
135,102,0.0256687
135,103,0.511051
135,104,0.33676
135,105,0.321798
135,106,0
135,107,0
135,108,0.0118521
135,109,0
135,110,0
135,111,0.0740446
135,112,0.093881
135,113,0
135,114,0
135,115,0.449513
135,116,0
135,117,0
135,118,0
135,119,0.581142
135,120,0
135,121,0
135,122,0.107474
135,123,0.498428
135,124,0.386183
135,125,0.135542
135,126,0.166579
135,127,0
135,128,0
135,129,0.733504
135,130,0.333273
135,131,0.429224
135,132,0.226959
135,133,0.843051
135,134,0.421121
135,135,0
135,136,0.0939894
135,137,0.619572
135,138,0.653152
135,139,0.312242
135,140,0.101233
135,141,0.949328
135,142,0.473797
135,143,0.507992
135,144,0.426606
135,145,0.701861
135,146,0.818025
135,147,0.231392
135,148,0.867242
135,149,0.0988665
135,150,0.407989
135,151,0.752586
135,152,0.139206
135,153,0.435906
135,154,0.116311
135,155,0.873744
135,156,0.0988665
135,157,0.450519
135,158,0.230961
135,159,0.0988665
135,160,0.468617
135,161,0.096514
135,162,0.497185
135,163,0.096514
135,164,0.3788
135,165,0.386008
135,166,0.431156
135,167,0.427678
135,168,0.096514
135,169,0.096514
135,170,0.750237
135,171,0.096514
135,172,0.0941765
135,173,0.226491
135,174,0.4838
135,175,0.387027
135,176,0.842807
135,177,0.310455
135,178,0.631858
135,179,0.73135
135,180,0.364039
135,181,0.0611485
135,182,0.506025
135,183,0.525335
135,184,0.512914
135,185,0.63577
135,186,0.414914
135,187,0.574766
135,188,0.110779
135,189,0.670365
135,190,0.662603
135,191,0.61251
135,192,0.78891
135,193,0.192903
135,194,0.631251
135,195,0.200824
135,196,0.605825
135,197,0.0892994
135,198,0.655395
135,199,0.653227
136,0,0
136,1,0.542328
136,2,0.851458
136,3,0.410939
136,4,0.814056
136,5,0.480222
136,6,0.853272
136,7,0.804378
136,8,0.84422
136,9,0.724775
136,10,0.686606
136,11,0.449091
136,12,0.844176
136,13,0.332504
136,14,0.156162
136,15,0.588559
136,16,0.156627
136,17,0.683949
136,18,0.316498
136,19,0.385196
136,20,0.506545
136,21,0.160927
136,22,0.16
136,23,0.44482
136,24,0.481557
136,25,0.840525
136,26,0.802295
136,27,0.243721
136,28,0.181547
136,29,0.618601
136,30,0.172774
136,31,0.561744
136,32,0.224327
136,33,0.8351
136,34,0.173546
136,35,0.176225
136,36,0.507693
136,37,0.175103
136,38,0.833278
136,39,0.497424
136,40,0.797833
136,41,0.676302
136,42,0.181469
136,43,0.772187
136,44,0.18227
136,45,0.183305
136,46,0.408656
136,47,0.221657
136,48,0.813481
136,49,0.763223
136,50,0.638784
136,51,0.431686
136,52,0.803053
136,53,0.804678
136,54,0.804678
136,55,0.43345
136,56,0.771431
136,57,0.736293
136,58,0.69214
136,59,0.788152
136,60,0.364673
136,61,0.756627
136,62,0.533053
136,63,0.591536
136,64,0.731584
136,65,0.564553
136,66,0.681198
136,67,0.237848
136,68,0.579858
136,69,0.620097
136,70,0.727013
136,71,0.365654
136,72,0.276194
136,73,0.701936
136,74,0.113129
136,75,0.305639
136,76,0.0725276
136,77,0.491604
136,78,0.492844
136,79,0.692795
136,80,0.215497
136,81,0.0958918
136,82,0.0839658
136,83,0.104907
136,84,0
136,85,0
136,86,0.509349
136,87,0.61457
136,88,0.674685
136,89,0.187426
136,90,0.564076
136,91,0.0305777
136,92,0
136,93,0.107368
136,94,0
136,95,0
136,96,0
136,97,0.362567
136,98,0
136,99,0.350951
136,100,0.0603484
136,101,0
136,102,0
136,103,0.459538
136,104,0
136,105,0.0822244
136,106,0
136,107,0
136,108,0
136,109,0
136,110,0.571052
136,111,0.219588
136,112,0
136,113,0
136,114,0.605253
136,115,0.142919
136,116,0.20485
136,117,0.451068
136,118,0.10183
136,119,0.23835
136,120,0.00625465
136,121,0.0528221
136,122,0.669384
136,123,0.355912
136,124,0.580004
136,125,0.727685
136,126,0.483816
136,127,0.72366
136,128,0.552077
136,129,0
136,130,0.545621
136,131,0.0886582
136,132,0.222419
136,133,0.850075
136,134,0.0308268
136,135,0.346781
136,136,0
136,137,0.405267
136,138,0.411746
136,139,0.435594
136,140,0.58561
136,141,0.446808
136,142,0.40869
136,143,0.20018
136,144,0.808852
136,145,0.716868
136,146,0.184586
136,147,0.313141
136,148,0.263892
136,149,0.965529
136,150,0.734009
136,151,0.814675
136,152,0.269259
136,153,0.101233
136,154,0.749974
136,155,0.871365
136,156,0.876701
136,157,0.69934
136,158,0.556855
136,159,0.782464
136,160,0.404798
136,161,0.62642
136,162,0.440724
136,163,0.593448
136,164,0.927319
136,165,0.348136
136,166,0.658194
136,167,0.289037
136,168,0.755722
136,169,0.0988665
136,170,0.725797
136,171,0.34216
136,172,0.511371
136,173,0.127452
136,174,0.43879
136,175,0.222859
136,176,0.746954
136,177,0.622525
136,178,0.539962
136,179,0.0226644
136,180,0.599872
136,181,0.285789
136,182,0.849957
136,183,0
136,184,0.360693
136,185,0.603883
136,186,0.759469
136,187,0.249985
136,188,0.318244
136,189,0.331344
136,190,0.0474692
136,191,0.746696
136,192,0
136,193,0.511848
136,194,0.363799
136,195,0
136,196,0
136,197,0.0394131
136,198,0.238849
136,199,0.656781
137,0,0
137,1,0.129884
137,2,0.132266
137,3,0.768346
137,4,0.238642
137,5,0.680208
137,6,0.130474
137,7,0.138064
137,8,0.449545
137,9,0.812911
137,10,0.293511
137,11,0.183668
137,12,0.232364
137,13,0.276324
137,14,0.204847
137,15,0.735131
137,16,0.14846
137,17,0.148959
137,18,0.151027
137,19,0.49084
137,20,0.582618
137,21,0.323403
137,22,0.376188
137,23,0.706313
137,24,0.160923
137,25,0.844176
137,26,0.788786
137,27,0.161889
137,28,0.161403
137,29,0.18182
137,30,0.825807
137,31,0.375255
137,32,0.330858
137,33,0.165536
137,34,0.211088
137,35,0.633622
137,36,0.746125
137,37,0.403213
137,38,0.815787
137,39,0.250892
137,40,0.271513
137,41,0.175322
137,42,0.490929
137,43,0.561469
137,44,0.489335
137,45,0.747818
137,46,0.353921
137,47,0.577471
137,48,0.817029
137,49,0.533303
137,50,0.196251
137,51,0.539319
137,52,0.806488
137,53,0.529334
137,54,0.289776
137,55,0.801262
137,56,0.452157
137,57,0.201015
137,58,0.794586
137,59,0.558326
137,60,0.312861
137,61,0.786587
137,62,0.783512
137,63,0.654208
137,64,0.777604
137,65,0.174854
137,66,0.292383
137,67,0.564164
137,68,0.567846
137,69,0.147731
137,70,0.764492
137,71,0.763329
137,72,0.261135
137,73,0.29298
137,74,0.376569
137,75,0.736533
137,76,0.0840127
137,77,0.704286
137,78,0.282449
137,79,0.0533324
137,80,0.20014
137,81,0.357284
137,82,0.405641
137,83,0.0617893
137,84,0
137,85,0.666796
137,86,0
137,87,0.265546
137,88,0
137,89,0
137,90,0
137,91,0.0425936
137,92,0
137,93,0
137,94,0
137,95,0.502675
137,96,0
137,97,0.0276969
137,98,0.108295
137,99,0.561442
137,100,0.202467
137,101,0
137,102,0.485634
137,103,0.571747
137,104,0.412143
137,105,0
137,106,0.454338
137,107,0
137,108,0
137,109,0
137,110,0
137,111,0.295925
137,112,0.518448
137,113,0.368043
137,114,0
137,115,0
137,116,0.329818
137,117,0
137,118,0.239191
137,119,0.41944
137,120,0.137424
137,121,0.413537
137,122,0
137,123,0.211875
137,124,0.57198
137,125,0
137,126,0.136717
137,127,0
137,128,0.443609
137,129,0.703066
137,130,0
137,131,0.117085
137,132,0.178535
137,133,0
137,134,0.17056
137,135,0.0745955
137,136,0.402238
137,137,0
137,138,0.102587
137,139,0.123938
137,140,0.716501
137,141,0.440056
137,142,0.239997
137,143,0.41447
137,144,0.354285
137,145,0.997926
137,146,0.425344
137,147,0.370738
137,148,0.681258
137,149,0.661373
137,150,0.942197
137,151,0.427221
137,152,0.111229
137,153,0.65321
137,154,0.559089
137,155,0.586616
137,156,0.471384
137,157,0.761606
137,158,0.944007
137,159,0.615279
137,160,0.378684
137,161,0.800454
137,162,0.717213
137,163,0.617043
137,164,0.0988665
137,165,0.730706
137,166,0.842215
137,167,0.187496
137,168,0.157347
137,169,0.9445
137,170,0.313865
137,171,0.875015
137,172,0.377577
137,173,0.546826
137,174,0.185936
137,175,0.634497
137,176,0.447387
137,177,0.610429
137,178,0.00919796
137,179,0.140463
137,180,0.28362
137,181,0
137,182,0.580301
137,183,0.407466
137,184,0.622805
137,185,0.143342
137,186,0.000437586
137,187,0.106779
137,188,0
137,189,0
137,190,0.737078
137,191,0.322307
137,192,0.783574
137,193,0.477946
137,194,0
137,195,0
137,196,0.226097
137,197,0.822639
137,198,0.091127
137,199,0.407074
138,0,0.47569
138,1,0.505203
138,2,0.385065
138,3,0.280483
138,4,0.123196
138,5,0.700306
138,6,0.120696
138,7,0.676802
138,8,0.458277
138,9,0.206859
138,10,0.138064
138,11,0.851458
138,12,0.303807
138,13,0.675631
138,14,0.423514
138,15,0.138064
138,16,0.139724
138,17,0.565629
138,18,0.322401
138,19,0.143604
138,20,0.670806
138,21,0.204056
138,22,0.492709
138,23,0.596656
138,24,0.834556
138,25,0.603339
138,26,0.633443
138,27,0.210205
138,28,0.583448
138,29,0.846
138,30,0.772656
138,31,0.53154
138,32,0.469271
138,33,0.229409
138,34,0.842351
138,35,0.631838
138,36,0.159006
138,37,0.161403
138,38,0.374113
138,39,0.530007
138,40,0.28809
138,41,0.400858
138,42,0.47255
138,43,0.660004
138,44,0.170219
138,45,0.827825
138,46,0.796227
138,47,0.188717
138,48,0.592493
138,49,0.19227
138,50,0.255515
138,51,0.317752
138,52,0.436481
138,53,0.802634
138,54,0.811642
138,55,0.312292
138,56,0.451692
138,57,0.646176
138,58,0.556218
138,59,0.199494
138,60,0.555202
138,61,0.353111
138,62,0.623072
138,63,0.188557
138,64,0.604657
138,65,0.530976
138,66,0.68892
138,67,0.627064
138,68,0.553013
138,69,0.155932
138,70,0.164448
138,71,0.765684
138,72,0.469319
138,73,0.632436
138,74,0.491219
138,75,0.597163
138,76,0.579484
138,77,0.266212
138,78,0.742905
138,79,0.145757
138,80,0.408588
138,81,0.0454881
138,82,0.42695
138,83,0.0149641
138,84,0.729324
138,85,0.367545
138,86,0.0841957
138,87,0.145956
138,88,0
138,89,0.617342
138,90,0.185984
138,91,0.511092
138,92,0
138,93,0
138,94,0.554882
138,95,0.560949
138,96,0.344081
138,97,0.263226
138,98,0.217828
138,99,0
138,100,0.38859
138,101,0.445534
138,102,0
138,103,0
138,104,0.183198
138,105,0.468483
138,106,0
138,107,0
138,108,0
138,109,0
138,110,0.241366
138,111,0.506792
138,112,0
138,113,0
138,114,0.569385
138,115,0
138,116,0.553306
138,117,0
138,118,0.231719
138,119,0
138,120,0
138,121,0
138,122,0
138,123,0.240255
138,124,0
138,125,0.698744
138,126,0.212562
138,127,0.722664
138,128,0.403208
138,129,0
138,130,0.13842
138,131,0.256494
138,132,0.796588
138,133,0.475154
138,134,0.686918
138,135,0.462719
138,136,0.418119
138,137,0.838508
138,138,0
138,139,0.841831
138,140,0.771895
138,141,0.874955
138,142,0.499809
138,143,0.687667
138,144,0.105238
138,145,0.804294
138,146,0.645009
138,147,0.21115
138,148,0.721469
138,149,0.947896
138,150,0.787435
138,151,0.9211
138,152,0.17937
138,153,0.876384
138,154,0.963943
138,155,0.699711
138,156,0.114844
138,157,0.917582
138,158,0.151324
138,159,0.101233
138,160,0.513829
138,161,0.204838
138,162,0.369115
138,163,0.912532
138,164,0.122699
138,165,0.944261
138,166,0.675517
138,167,0.64003
138,168,0.405735
138,169,0.540841
138,170,0.487363
138,171,0.18006
138,172,0.409157
138,173,0.096514
138,174,0.764178
138,175,0.369179
138,176,0.687122
138,177,0.408336
138,178,0.584291
138,179,0.420409
138,180,0.36805
138,181,0.383544
138,182,0.354127
138,183,0.560037
138,184,0.266311
138,185,0.322022
138,186,0.266104
138,187,0.393745
138,188,0.254625
138,189,0.432448
138,190,0.485357
138,191,0.792108
138,192,0.660941
138,193,0
138,194,0.728294
138,195,0.807295
138,196,0.839834
138,197,0.421232
138,198,0.464745
138,199,0.269198
139,0,0
139,1,0.11047
139,2,0.542184
139,3,0.496862
139,4,0.113727
139,5,0.435582
139,6,0.111114
139,7,0.858689
139,8,0.125704
139,9,0.733865
139,10,0.453444
139,11,0.494626
139,12,0.251213
139,13,0.130495
139,14,0.194781
139,15,0.659838
139,16,0.405646
139,17,0.60271
139,18,0.200735
139,19,0.810387
139,20,0.181119
139,21,0.83084
139,22,0.741185
139,23,0.135163
139,24,0.849641
139,25,0.617449
139,26,0.851458
139,27,0.847863
139,28,0.196578
139,29,0.562242
139,30,0.276533
139,31,0.339948
139,32,0.70026
139,33,0.846042
139,34,0.846
139,35,0.843409
139,36,0.423107
139,37,0.154159
139,38,0.805835
139,39,0.490371
139,40,0.82121
139,41,0.333414
139,42,0.1627
139,43,0.170215
139,44,0.341334
139,45,0.326623
139,46,0.831403
139,47,0.827766
139,48,0.182369
139,49,0.188514
139,50,0.705709
139,51,0.255135
139,52,0.195668
139,53,0.511633
139,54,0.305249
139,55,0.80814
139,56,0.200904
139,57,0.301585
139,58,0.801262
139,59,0.424383
139,60,0.794586
139,61,0.197361
139,62,0.789735
139,63,0.632785
139,64,0.188324
139,65,0.749874
139,66,0.498434
139,67,0.553331
139,68,0.773406
139,69,0.324142
139,70,0.155933
139,71,0.609876
139,72,0.659983
139,73,0.130732
139,74,0.754906
139,75,0.113232
139,76,0.44733
139,77,0.6274
139,78,0.755128
139,79,0.435577
139,80,0.751824
139,81,0.491066
139,82,0.657361
139,83,0.74796
139,84,0.0200908
139,85,0.0100018
139,86,0.703197
139,87,0.112579
139,88,0.19837
139,89,0.539683
139,90,0.505183
139,91,0.0753332
139,92,0
139,93,0.290448
139,94,0
139,95,0
139,96,0.0416408
139,97,0.20932
139,98,0.362588
139,99,0
139,100,0.57314
139,101,0.473136
139,102,0.523911
139,103,0.313721
139,104,0
139,105,0.382404
139,106,0.431192
139,107,0.265721
139,108,0.151518
139,109,0.402964
139,110,0
139,111,0.0962829
139,112,0.0957427
139,113,0
139,114,0.107649
139,115,0.307954
139,116,0
139,117,0.0916353
139,118,0
139,119,0.463943
139,120,0
139,121,0.568343
139,122,0
139,123,0.0137193
139,124,0.241745
139,125,0
139,126,0.204053
139,127,0.695461
139,128,0.629128
139,129,0.00761286
139,130,0
139,131,0.660219
139,132,0
139,133,0
139,134,0.448744
139,135,0.115169
139,136,0.845429
139,137,0.35475
139,138,0.853653
139,139,0
139,140,0.481563
139,141,0.219232
139,142,0.168932
139,143,0.994536
139,144,0.724773
139,145,0.327491
139,146,0.497888
139,147,0.422041
139,148,0.652477
139,149,0.953197
139,150,0.496045
139,151,0.468113
139,152,0.247592
139,153,0.390546
139,154,0.680241
139,155,0.556724
139,156,0.911879
139,157,0.939726
139,158,0.101233
139,159,0.845822
139,160,0.780291
139,161,0.217016
139,162,0.0988665
139,163,0.602552
139,164,0.304528
139,165,0.128363
139,166,0.148126
139,167,0.495003
139,168,0.0988665
139,169,0.547876
139,170,0.374702
139,171,0.526549
139,172,0.760946
139,173,0.536209
139,174,0.416807
139,175,0.387572
139,176,0.765552
139,177,0
139,178,0.812792
139,179,0.429077
139,180,0
139,181,0.319885
139,182,0
139,183,0.136733
139,184,0.716028
139,185,0.592433
139,186,0.699027
139,187,0.639715
139,188,0.546397
139,189,0.73026
139,190,0.499774
139,191,0.349561
139,192,0
139,193,0.538151
139,194,0
139,195,0.297552
139,196,0.683174
139,197,0.139748
139,198,0.809191
139,199,0.746278
140,0,0.396695
140,1,0.260912
140,2,0.35295
140,3,0.560544
140,4,0.833034
140,5,0.867611
140,6,0.100472
140,7,0.739519
140,8,0.115688
140,9,0.11692
140,10,0.314115
140,11,0.116276
140,12,0.496682
140,13,0.355447
140,14,0.246712
140,15,0.35436
140,16,0.121323
140,17,0.121924
140,18,0.140767
140,19,0.786242
140,20,0.125634
140,21,0.784705
140,22,0.27374
140,23,0.125634
140,24,0.475817
140,25,0.396242
140,26,0.522515
140,27,0.308043
140,28,0.693541
140,29,0.486088
140,30,0.209549
140,31,0.561254
140,32,0.847822
140,33,0.655572
140,34,0.221355
140,35,0.78377
140,36,0.652123
140,37,0.401945
140,38,0.609283
140,39,0.697672
140,40,0.531206
140,41,0.154526
140,42,0.755297
140,43,0.163201
140,44,0.441653
140,45,0.158282
140,46,0.56122
140,47,0.633026
140,48,0.262929
140,49,0.78236
140,50,0.490185
140,51,0.300785
140,52,0.644195
140,53,0.818746
140,54,0.452965
140,55,0.198813
140,56,0.30392
140,57,0.200825
140,58,0.545099
140,59,0.201611
140,60,0.579347
140,61,0.796234
140,62,0.657898
140,63,0.473008
140,64,0.497705
140,65,0.786587
140,66,0.289393
140,67,0.185594
140,68,0.344608
140,69,0.774929
140,70,0.772055
140,71,0.770728
140,72,0.147224
140,73,0.676953
140,74,0.132965
140,75,0.400292
140,76,0.760017
140,77,0.569238
140,78,0.0972809
140,79,0.0875974
140,80,0.325572
140,81,0.482003
140,82,0.284752
140,83,0.0388857
140,84,0.285785
140,85,0.711306
140,86,0.0826595
140,87,0.55349
140,88,0.713606
140,89,0.599578
140,90,0.570562
140,91,0.261374
140,92,0.371226
140,93,0.210049
140,94,0
140,95,0
140,96,0.119986
140,97,0.0109569
140,98,0.0514092
140,99,0.485606
140,100,0
140,101,0
140,102,0.43216
140,103,0
140,104,0
140,105,0.538545
140,106,0.485495
140,107,0
140,108,0.233776
140,109,0
140,110,0
140,111,0
140,112,0.310189
140,113,0.29433
140,114,0
140,115,0
140,116,0.251772
140,117,0.239393
140,118,0
140,119,0.262896
140,120,0.146793
140,121,0.562848
140,122,0
140,123,0
140,124,0.141919
140,125,0
140,126,0.117125
140,127,0.662504
140,128,0.396544
140,129,0.599251
140,130,0.58842
140,131,0.751366
140,132,0.0564891
140,133,0.486513
140,134,0.267988
140,135,0.286583
140,136,0.496052
140,137,0.227423
140,138,0.395116
140,139,0.210971
140,140,0
140,141,0.351193
140,142,0.659471
140,143,0.386376
140,144,0.105197
140,145,0.364324
140,146,0.681253
140,147,0.303573
140,148,0.101233
140,149,0.293717
140,150,0.332476
140,151,0.623473
140,152,0.792202
140,153,0.234713
140,154,0.819799
140,155,0.97513
140,156,0.672045
140,157,0.101233
140,158,0.365494
140,159,0.590769
140,160,0.698822
140,161,0.176182
140,162,0.372258
140,163,0.695105
140,164,0.394714
140,165,0.0988665
140,166,0.0988665
140,167,0.778126
140,168,0.580926
140,169,0.374284
140,170,0.218242
140,171,0.818713
140,172,0.722387
140,173,0.87155
140,174,0.10115
140,175,0.703157
140,176,0.137727
140,177,0.780769
140,178,0.00990986
140,179,0.146316
140,180,0.085534
140,181,0.353433
140,182,0.781625
140,183,0
140,184,0.593743
140,185,0.60459
140,186,0
140,187,0.277596
140,188,0.691261
140,189,0.250003
140,190,0
140,191,0.412958
140,192,0.449058
140,193,0.277734
140,194,0.130936
140,195,0
140,196,0.294658
140,197,0.228792
140,198,0.661407
140,199,0
141,0,0.314177
141,1,0.0912229
141,2,0.78621
141,3,0.42631
141,4,0.853111
141,5,0.0918985
141,6,0.262299
141,7,0.132028
141,8,0.107696
141,9,0.422904
141,10,0.424376
141,11,0.164453
141,12,0.862276
141,13,0.338377
141,14,0.193954
141,15,0.644984
141,16,0.113555
141,17,0.20555
141,18,0.11678
141,19,0.11806
141,20,0.601212
141,21,0.119327
141,22,0.477431
141,23,0.191771
141,24,0.527736
141,25,0.756196
141,26,0.209516
141,27,0.130512
141,28,0.1429
141,29,0.12989
141,30,0.135871
141,31,0.855081
141,32,0.139863
141,33,0.853309
141,34,0.46352
141,35,0.141
141,36,0.136406
141,37,0.836763
141,38,0.279616
141,39,0.142667
141,40,0.355952
141,41,0.799907
141,42,0.346213
141,43,0.367166
141,44,0.226266
141,45,0.631804
141,46,0.16834
141,47,0.425345
141,48,0.831457
141,49,0.273475
141,50,0.433578
141,51,0.629536
141,52,0.458399
141,53,0.192124
141,54,0.822339
141,55,0.198406
141,56,0.816959
141,57,0.201191
141,58,0.202887
141,59,0.203391
141,60,0.287399
141,61,0.202701
141,62,0.201377
141,63,0.42733
141,64,0.197311
141,65,0.536518
141,66,0.521189
141,67,0.235262
141,68,0.409838
141,69,0.777743
141,70,0.354627
141,71,0.773406
141,72,0.662744
141,73,0.722883
141,74,0.174165
141,75,0.133608
141,76,0.368604
141,77,0.284473
141,78,0.321695
141,79,0.301694
141,80,0.537347
141,81,0.736132
141,82,0.063092
141,83,0.0510387
141,84,0.701528
141,85,0.034639
141,86,0.0198627
141,87,0.499829
141,88,0
141,89,0.0579559
141,90,0.505538
141,91,0.206353
141,92,0.204502
141,93,0.50733
141,94,0.614632
141,95,0.333296
141,96,0.029861
141,97,0.128822
141,98,0.569145
141,99,0.451065
141,100,0
141,101,0
141,102,0.285724
141,103,0
141,104,0
141,105,0.536485
141,106,0
141,107,0.208602
141,108,0
141,109,0.148862
141,110,0
141,111,0
141,112,0.05431
141,113,0
141,114,0
141,115,0
141,116,0
141,117,0.0399657
141,118,0
141,119,0.0109686
141,120,0.390397
141,121,0.557867
141,122,0.547934
141,123,0
141,124,0.420546
141,125,0.532419
141,126,0.644526
141,127,0
141,128,0.062972
141,129,0.634021
141,130,0.721423
141,131,0.491984
141,132,0.0359215
141,133,0.466349
141,134,0.661294
141,135,0.246755
141,136,0.469936
141,137,0.829347
141,138,0.846214
141,139,0.861691
141,140,0.463417
141,141,0
141,142,0.102587
141,143,0.976286
141,144,0.9599
141,145,0.229922
141,146,0.186382
141,147,0.335575
141,148,0.393898
141,149,0.607656
141,150,0.448632
141,151,0.778073
141,152,0.360854
141,153,0.357911
141,154,0.665861
141,155,0.620254
141,156,0.101233
141,157,0.493255
141,158,0.553774
141,159,0.200742
141,160,0.803224
141,161,0.417023
141,162,0.133614
141,163,0.496275
141,164,0.634411
141,165,0.761315
141,166,0.295948
141,167,0.0988665
141,168,0.336527
141,169,0.21533
141,170,0.0988665
141,171,0.267185
141,172,0.696152
141,173,0.096514
141,174,0.139992
141,175,0.557524
141,176,0.182109
141,177,0.323964
141,178,0
141,179,0.586267
141,180,0
141,181,0.35437
141,182,0.375389
141,183,0.313783
141,184,0.717076
141,185,0.0436269
141,186,0
141,187,0.816567
141,188,0.550321
141,189,0.506017
141,190,0.0307487
141,191,0.375634
141,192,0
141,193,0.186452
141,194,0
141,195,0.60163
141,196,0
141,197,0.205781
141,198,0.616038
141,199,0.322219
142,0,0.133865
142,1,0.660993
142,2,0.644655
142,3,0.203454
142,4,0.74753
142,5,0.0805272
142,6,0.0805272
142,7,0.0898172
142,8,0.384413
142,9,0.0981597
142,10,0.802275
142,11,0.459453
142,12,0.425883
142,13,0.309315
142,14,0.102264
142,15,0.284027
142,16,0.494696
142,17,0.103584
142,18,0.247059
142,19,0.194276
142,20,0.643238
142,21,0.421524
142,22,0.707111
142,23,0.729077
142,24,0.761193
142,25,0.748422
142,26,0.481399
142,27,0.858722
142,28,0.119981
142,29,0.251564
142,30,0.350542
142,31,0.71195
142,32,0.130481
142,33,0.125632
142,34,0.127465
142,35,0.855081
142,36,0.14573
142,37,0.12989
142,38,0.131128
142,39,0.639654
142,40,0.135876
142,41,0.139767
142,42,0.209523
142,43,0.642708
142,44,0.410028
142,45,0.225445
142,46,0.160959
142,47,0.168297
142,48,0.335753
142,49,0.390671
142,50,0.320171
142,51,0.174643
142,52,0.824206
142,53,0.187631
142,54,0.825953
142,55,0.760162
142,56,0.82054
142,57,0.480548
142,58,0.711813
142,59,0.202621
142,60,0.804678
142,61,0.203435
142,62,0.799573
142,63,0.796234
142,64,0.308132
142,65,0.198534
142,66,0.789735
142,67,0.51239
142,68,0.186366
142,69,0.183455
142,70,0.199367
142,71,0.28508
142,72,0.164102
142,73,0.441875
142,74,0.151487
142,75,0.498943
142,76,0.691415
142,77,0.128809
142,78,0.527676
142,79,0.109768
142,80,0.371388
142,81,0.75604
142,82,0.0860119
142,83,0.257379
142,84,0.0568351
142,85,0.0469611
142,86,0.0323145
142,87,0.0222029
142,88,0.418363
142,89,0.669369
142,90,0
142,91,0.190978
142,92,0
142,93,0
142,94,0.0831947
142,95,0.0489723
142,96,0
142,97,0
142,98,0.553651
142,99,0.0604539
142,100,0
142,101,0
142,102,0.372662
142,103,0.0892916
142,104,0.265267
142,105,0.384887
142,106,0
142,107,0.0420924
142,108,0.4759
142,109,0.300265
142,110,0.19341
142,111,0
142,112,0.288375
142,113,0.454417
142,114,0.438513
142,115,0.422451
142,116,0
142,117,0
142,118,0.539369
142,119,0.326757
142,120,0.601902
142,121,0
142,122,0
142,123,0
142,124,0.0666954
142,125,0.271066
142,126,0.105357
142,127,0.360049
142,128,0.612251
142,129,0.0674367
142,130,0
142,131,0.0289261
142,132,0.278669
142,133,0.663763
142,134,0.573782
142,135,0.00797327
142,136,0.510304
142,137,0.702076
142,138,0.521466
142,139,0.468601
142,140,0.485724
142,141,0.19551
142,142,0
142,143,0.93978
142,144,0.236564
142,145,0.104466
142,146,0.79585
142,147,0.104794
142,148,0.131251
142,149,0.843041
142,150,0.101233
142,151,0.840616
142,152,0.820084
142,153,0.180972
142,154,0.101233
142,155,0.851543
142,156,0.571854
142,157,0.606419
142,158,0.261384
142,159,0.220898
142,160,0.482721
142,161,0.575818
142,162,0.290977
142,163,0.731746
142,164,0.0988665
142,165,0.136206
142,166,0.46448
142,167,0.201906
142,168,0.772965
142,169,0.274233
142,170,0.809621
142,171,0.307195
142,172,0.796318
142,173,0.096514
142,174,0.146568
142,175,0
142,176,0.0175721
142,177,0
142,178,0.00686747
142,179,0.159083
142,180,0.793366
142,181,0.00905461
142,182,0.0107484
142,183,0.624499
142,184,0.194821
142,185,0.0384656
142,186,0.480809
142,187,0.777697
142,188,0.658324
142,189,0.755632
142,190,0.0120344
142,191,0.163135
142,192,0.353539
142,193,0.325101
142,194,0
142,195,0.431182
142,196,0.477166
142,197,0.397286
142,198,0.648923
142,199,0.272197
143,0,0.388329
143,1,0.49762
143,2,0.621978
143,3,0.54131
143,4,0.556598
143,5,0.0688502
143,6,0.608966
143,7,0.715023
143,8,0.0856117
143,9,0.767044
143,10,0.0898172
143,11,0.0862835
143,12,0.0869564
143,13,0.162745
143,14,0.675602
143,15,0.244562
143,16,0.343052
143,17,0.297211
143,18,0.168976
143,19,0.150833
143,20,0.198138
143,21,0.324888
143,22,0.451201
143,23,0.692387
143,24,0.803666
143,25,0.515734
143,26,0.27461
143,27,0.429458
143,28,0.109616
143,29,0.109616
143,30,0.856906
143,31,0.114853
143,32,0.72192
143,33,0.608052
143,34,0.599211
143,35,0.410248
143,36,0.638758
143,37,0.344511
143,38,0.246329
143,39,0.745756
143,40,0.232167
143,41,0.387048
143,42,0.780225
143,43,0.268326
143,44,0.661262
143,45,0.571222
143,46,0.637863
143,47,0.160919
143,48,0.158223
143,49,0.833329
143,50,0.403035
143,51,0.309412
143,52,0.363706
143,53,0.829583
143,54,0.184191
143,55,0.266152
143,56,0.588492
143,57,0.496361
143,58,0.786983
143,59,0.751657
143,60,0.665643
143,61,0.725693
143,62,0.755103
143,63,0.460685
143,64,0.412053
143,65,0.426852
143,66,0.792953
143,67,0.195301
143,68,0.78504
143,69,0.249181
143,70,0.780516
143,71,0.178696
143,72,0.680933
143,73,0.7523
143,74,0.418517
143,75,0.382386
143,76,0.358592
143,77,0.138279
143,78,0.533455
143,79,0.366482
143,80,0.108438
143,81,0.102862
143,82,0.666217
143,83,0.334015
143,84,0.0687814
143,85,0.751824
143,86,0.572987
143,87,0.433515
143,88,0.230522
143,89,0.331461
143,90,0.147243
143,91,0
143,92,0.0201282
143,93,0
143,94,0.291381
143,95,0.403074
143,96,0.273556
143,97,0.20911
143,98,0.510126
143,99,0.100508
143,100,0.457525
143,101,0.444942
143,102,0.235638
143,103,0.170668
143,104,0.238631
143,105,0
143,106,0
143,107,0
143,108,0
143,109,0.242724
143,110,0.145364
143,111,0
143,112,0.310821
143,113,0
143,114,0.487563
143,115,0.370235
143,116,0
143,117,0.277079
143,118,0.0356083
143,119,0.415626
143,120,0
143,121,0.464833
143,122,0.572207
143,123,0.196969
143,124,0
143,125,0.203901
143,126,0
143,127,0.298395
143,128,0
143,129,0
143,130,0
143,131,0.666714
143,132,0.721477
143,133,0.48395
143,134,0.284322
143,135,0.424784
143,136,0.644541
143,137,0.358699
143,138,0.560648
143,139,0
143,140,0.0838194
143,141,0.188608
143,142,0.444409
143,143,0
143,144,0.876228
143,145,0.621888
143,146,0.374934
143,147,0.663561
143,148,0.960406
143,149,0.101233
143,150,0.101233
143,151,0.767019
143,152,0.297976
143,153,0.92834
143,154,0.702816
143,155,0.844755
143,156,0.927908
143,157,0.230904
143,158,0.112117
143,159,0.530787
143,160,0.300719
143,161,0.230263
143,162,0.585116
143,163,0.205943
143,164,0.180186
143,165,0.270133
143,166,0.669331
143,167,0.763922
143,168,0.0988665
143,169,0.156886
143,170,0.432246
143,171,0.1333
143,172,0.297709
143,173,0.658002
143,174,0.49939
143,175,0.0797449
143,176,0.182626
143,177,0
143,178,0.745743
143,179,0.153291
143,180,0
143,181,0.846302
143,182,0
143,183,0.239035
143,184,0.779437
143,185,0.636552
143,186,0.0885584
143,187,0.718367
143,188,0
143,189,0.214114
143,190,0.262593
143,191,0.203704
143,192,0.466467
143,193,0
143,194,0.431737
143,195,0.668743
143,196,0.15579
143,197,0.116903
143,198,0.448499
143,199,0.239799
144,0,0
144,1,0.0561776
144,2,0.402634
144,3,0.631874
144,4,0.600461
144,5,0.056912
144,6,0.843657
144,7,0.0666557
144,8,0.0740616
144,9,0.741158
144,10,0.223991
144,11,0.114213
144,12,0.72001
144,13,0.287124
144,14,0.493165
144,15,0.640674
144,16,0.0805357
144,17,0.722647
144,18,0.505987
144,19,0.096125
144,20,0.0855382
144,21,0.0869564
144,22,0.437097
144,23,0.68942
144,24,0.0981594
144,25,0.0926134
144,26,0.509519
144,27,0.241027
144,28,0.291709
144,29,0.112635
144,30,0.636307
144,31,0.745184
144,32,0.179418
144,33,0.181214
144,34,0.526341
144,35,0.111584
144,36,0.358503
144,37,0.519601
144,38,0.110964
144,39,0.544655
144,40,0.394199
144,41,0.340044
144,42,0.79496
144,43,0.255321
144,44,0.751094
144,45,0.4161
144,46,0.144393
144,47,0.152929
144,48,0.284814
144,49,0.671826
144,50,0.188246
144,51,0.491076
144,52,0.711946
144,53,0.752994
144,54,0.311425
144,55,0.760705
144,56,0.827766
144,57,0.824144
144,58,0.196549
144,59,0.285872
144,60,0.20146
144,61,0.809886
144,62,0.203418
144,63,0.42194
144,64,0.203096
144,65,0.738475
144,66,0.427135
144,67,0.554652
144,68,0.333327
144,69,0.487466
144,70,0.188798
144,71,0.782003
144,72,0.777743
144,73,0.172353
144,74,0.167061
144,75,0.688154
144,76,0.486664
144,77,0.152859
144,78,0.675571
144,79,0.763516
144,80,0.761091
144,81,0.760017
144,82,0.278453
144,83,0.524856
144,84,0.602243
144,85,0.580196
144,86,0.262761
144,87,0.463771
144,88,0.486234
144,89,0.342875
144,90,0.712788
144,91,0.604313
144,92,0.143422
144,93,0
144,94,0
144,95,0.222194
144,96,0.515844
144,97,0.397666
144,98,0
144,99,0
144,100,0
144,101,0
144,102,0
144,103,0
144,104,0
144,105,0
144,106,0.518225
144,107,0.524736
144,108,0
144,109,0.276032
144,110,0.408701
144,111,0
144,112,0.264094
144,113,0
144,114,0
144,115,0.0342206
144,116,0
144,117,0.0738458
144,118,0
144,119,0.308451
144,120,0
144,121,0
144,122,0.194912
144,123,0.0954504
144,124,0
144,125,0.516115
144,126,0.634963
144,127,0.645622
144,128,0.27662
144,129,0
144,130,0
144,131,0.56079
144,132,0.134194
144,133,0
144,134,0.736524
144,135,0.561578
144,136,0.185426
144,137,0.75453
144,138,0.547968
144,139,0.649242
144,140,0.509879
144,141,0.438285
144,142,0.060203
144,143,0.255368
144,144,0
144,145,0.750112
144,146,0.134373
144,147,0.731605
144,148,0.749855
144,149,0.610194
144,150,0.842327
144,151,0.456693
144,152,0.660526
144,153,0.915982
144,154,0.101233
144,155,0.117176
144,156,0.101233
144,157,0.879179
144,158,0.101233
144,159,0.101233
144,160,0.451633
144,161,0.170403
144,162,0.231736
144,163,0.268674
144,164,0.543108
144,165,0.422018
144,166,0.248497
144,167,0.283751
144,168,0.775103
144,169,0.152697
144,170,0.960575
144,171,0.532771
144,172,0.740961
144,173,0.456645
144,174,0.533607
144,175,0
144,176,0.112565
144,177,0.66723
144,178,0.658606
144,179,0
144,180,0.287684
144,181,0.511193
144,182,0.340478
144,183,0
144,184,0.431969
144,185,0.368456
144,186,0.0812015
144,187,0.516236
144,188,0.261074
144,189,0.195833
144,190,0.593969
144,191,0.734796
144,192,0.388326
144,193,0.847794
144,194,0.0255602
144,195,0
144,196,0.285671
144,197,0.289892
144,198,0.253109
144,199,0.0828402
145,0,0.169899
145,1,0.2261
145,2,0.63176
145,3,0.230504
145,4,0.71869
145,5,0.292686
145,6,0.286767
145,7,0.054674
145,8,0.109427
145,9,0.0976023
145,10,0.0666557
145,11,0.530512
145,12,0.741404
145,13,0.464416
145,14,0.629897
145,15,0.314664
145,16,0.0688611
145,17,0.85214
145,18,0.0725325
145,19,0.385728
145,20,0.193623
145,21,0.716184
145,22,0.257831
145,23,0.722659
145,24,0.718439
145,25,0.431373
145,26,0.827819
145,27,0.152957
145,28,0.871134
145,29,0.235759
145,30,0.391484
145,31,0.502271
145,32,0.63601
145,33,0.178961
145,34,0.867611
145,35,0.512934
145,36,0.63303
145,37,0.345532
145,38,0.632439
145,39,0.862307
145,40,0.589781
145,41,0.771215
145,42,0.571205
145,43,0.48618
145,44,0.37243
145,45,0.342064
145,46,0.13527
145,47,0.518291
145,48,0.354734
145,49,0.152207
145,50,0.154215
145,51,0.685892
145,52,0.8351
145,53,0.436301
145,54,0.554012
145,55,0.778617
145,56,0.182863
145,57,0.513241
145,58,0.192927
145,59,0.195711
145,60,0.815179
145,61,0.551751
145,62,0.612502
145,63,0.605295
145,64,0.802964
145,65,0.607477
145,66,0.212455
145,67,0.568153
145,68,0.198223
145,69,0.789847
145,70,0.54517
145,71,0.711292
145,72,0.778089
145,73,0.186633
145,74,0.252936
145,75,0.215428
145,76,0.587933
145,77,0.243392
145,78,0.758552
145,79,0.139433
145,80,0.332171
145,81,0.762195
145,82,0.66424
145,83,0.25936
145,84,0.233464
145,85,0.215217
145,86,0.0687814
145,87,0.212274
145,88,0.700795
145,89,0.0475225
145,90,0.178118
145,91,0.532999
145,92,0.561482
145,93,0
145,94,0.10687
145,95,0.362735
145,96,0.332084
145,97,0.289184
145,98,0
145,99,0.3547
145,100,0.209539
145,101,0.439802
145,102,0.0640057
145,103,0
145,104,0
145,105,0.345778
145,106,0.250479
145,107,0.280323
145,108,0
145,109,0.0775524
145,110,0.331689
145,111,0.073071
145,112,0
145,113,0.12377
145,114,0.474734
145,115,0.376568
145,116,0.502494
145,117,0
145,118,0
145,119,0.418088
145,120,0
145,121,0.21358
145,122,0.216556
145,123,0
145,124,0.264328
145,125,0.618302
145,126,0.471239
145,127,0
145,128,0.270162
145,129,0
145,130,0.666813
145,131,0
145,132,0.59123
145,133,0.151166
145,134,0.301595
145,135,0.675805
145,136,0
145,137,0
145,138,0.411276
145,139,0.0498364
145,140,0.552065
145,141,0.221508
145,142,0.605256
145,143,0.0264343
145,144,0.826124
145,145,0
145,146,0.56236
145,147,0.864821
145,148,0.762753
145,149,0.650777
145,150,0.101233
145,151,0.585864
145,152,0.101233
145,153,0.660647
145,154,0.185817
145,155,0.163474
145,156,0.286174
145,157,0.167966
145,158,0.980465
145,159,0.549477
145,160,0.748608
145,161,0.0988665
145,162,0.497264
145,163,0.896749
145,164,0.867385
145,165,0.886941
145,166,0.416043
145,167,0.741856
145,168,0.0988665
145,169,0.585799
145,170,0.302802
145,171,0.189994
145,172,0.237665
145,173,0.60347
145,174,0.756522
145,175,0.210947
145,176,0.35749
145,177,0.321204
145,178,0.0798097
145,179,0.130898
145,180,0
145,181,0.146149
145,182,0.727811
145,183,0
145,184,0.81159
145,185,0
145,186,0.163267
145,187,0.108786
145,188,0.0974104
145,189,0.157171
145,190,0.671702
145,191,0
145,192,0.199164
145,193,0.191056
145,194,0.786947
145,195,0.0886379
145,196,0.0938549
145,197,0.218824
145,198,0.846329
145,199,0.126489
146,0,0.538336
146,1,0.147783
146,2,0.318959
146,3,0.0755416
146,4,0.78732
146,5,0.202773
146,6,0.418527
146,7,0.286134
146,8,0.673745
146,9,0.650962
146,10,0.564249
146,11,0.789513
146,12,0.0516244
146,13,0.423939
146,14,0.0561807
146,15,0.054674
146,16,0.48202
146,17,0.22927
146,18,0.138826
146,19,0.729335
146,20,0.53224
146,21,0.0636578
146,22,0.73479
146,23,0.0621644
146,24,0.300653
146,25,0.669887
146,26,0.112631
146,27,0.543453
146,28,0.0761865
146,29,0.113984
146,30,0.825812
146,31,0.0819705
146,32,0.450162
146,33,0.314219
146,34,0.284371
146,35,0.409419
146,36,0.69212
146,37,0.871134
146,38,0.856108
146,39,0.528364
146,40,0.691077
146,41,0.580655
146,42,0.481112
146,43,0.790022
146,44,0.15463
146,45,0.560265
146,46,0.838374
146,47,0.822717
146,48,0.132058
146,49,0.143611
146,50,0.698533
146,51,0.648446
146,52,0.247807
146,53,0.589521
146,54,0.680879
146,55,0.688987
146,56,0.406377
146,57,0.831403
146,58,0.365911
146,59,0.589404
146,60,0.196375
146,61,0.316084
146,62,0.746053
146,63,0.753407
146,64,0.750541
146,65,0.203414
146,66,0.271303
146,67,0.555782
146,68,0.200685
146,69,0.232955
146,70,0.196709
146,71,0.788152
146,72,0.783636
146,73,0.749131
146,74,0.770474
146,75,0.173908
146,76,0.381729
146,77,0.658553
146,78,0.155606
146,79,0.385389
146,80,0.765684
146,81,0.710086
146,82,0.118849
146,83,0.108438
146,84,0.297894
146,85,0.737499
146,86,0.7463
146,87,0.689013
146,88,0.654798
146,89,0.0926177
146,90,0.246895
146,91,0.0222029
146,92,0.3721
146,93,0.00309888
146,94,0.530342
146,95,0.0859373
146,96,0.0688938
146,97,0
146,98,0.610556
146,99,0.171799
146,100,0
146,101,0
146,102,0.0739346
146,103,0
146,104,0.538059
146,105,0
146,106,0.0361969
146,107,0
146,108,0.564853
146,109,0.0813509
146,110,0.406574
146,111,0.465525
146,112,0
146,113,0.571531
146,114,0
146,115,0.317574
146,116,0.456367
146,117,0.57391
146,118,0.187926
146,119,0.309142
146,120,0
146,121,0
146,122,0.366671
146,123,0.507861
146,124,0
146,125,0.189698
146,126,0
146,127,0.291121
146,128,0.29188
146,129,0
146,130,0
146,131,0.65294
146,132,0.0340452
146,133,0.312966
146,134,0
146,135,0
146,136,0.605844
146,137,0.424774
146,138,0.400847
146,139,0.6331
146,140,0
146,141,0.281472
146,142,0.577883
146,143,0.340712
146,144,0.3354
146,145,0.720531
146,146,0
146,147,0.138738
146,148,0.245707
146,149,0.729328
146,150,0.738267
146,151,0.966378
146,152,0.101233
146,153,0.803167
146,154,0.724826
146,155,0.899467
146,156,0.101233
146,157,0.275723
146,158,0.153703
146,159,0.714957
146,160,0.891851
146,161,0.324963
146,162,0.841998
146,163,0.834326
146,164,0.632282
146,165,0.411215
146,166,0.0988665
146,167,0.849454
146,168,0.223999
146,169,0.634639
146,170,0.420361
146,171,0.0988665
146,172,0.730876
146,173,0.802398
146,174,0.568012
146,175,0.0390748
146,176,0.084647
146,177,0.312953
146,178,0.18493
146,179,0.342274
146,180,0.0529371
146,181,0
146,182,0.319701
146,183,0.0745852
146,184,0.741475
146,185,0.0469036
146,186,0
146,187,0.830581
146,188,0.336066
146,189,0.145962
146,190,0.558977
146,191,0.250007
146,192,0.493014
146,193,0.423064
146,194,0.106423
146,195,0.147386
146,196,0.850138
146,197,0.142154
146,198,0.012675
146,199,0.0962025
147,0,0.51688
147,1,0.41852
147,2,0.0930691
147,3,0.527812
147,4,0.257079
147,5,0.788354
147,6,0.698925
147,7,0.483159
147,8,0.25128
147,9,0.0378694
147,10,0.0409531
147,11,0.437738
147,12,0.103013
147,13,0.424514
147,14,0.652801
147,15,0.0409531
147,16,0.613546
147,17,0.772851
147,18,0.0470544
147,19,0.099635
147,20,0.0647372
147,21,0.667303
147,22,0.487011
147,23,0.698461
147,24,0.24543
147,25,0.741724
147,26,0.0576742
147,27,0.244599
147,28,0.0629152
147,29,0.165803
147,30,0.496844
147,31,0.068852
147,32,0.786304
147,33,0.772485
147,34,0.717594
147,35,0.228443
147,36,0.749119
147,37,0.606796
147,38,0.076199
147,39,0.176087
147,40,0.816784
147,41,0.0868762
147,42,0.790234
147,43,0.102522
147,44,0.618704
147,45,0.610188
147,46,0.267412
147,47,0.432735
147,48,0.572397
147,49,0.405272
147,50,0.692092
147,51,0.801868
147,52,0.241934
147,53,0.349178
147,54,0.674911
147,55,0.641691
147,56,0.251832
147,57,0.833171
147,58,0.182375
147,59,0.444604
147,60,0.191643
147,61,0.66908
147,62,0.583303
147,63,0.199033
147,64,0.575836
147,65,0.428242
147,66,0.413991
147,67,0.452135
147,68,0.201537
147,69,0.418497
147,70,0.741746
147,71,0.196286
147,72,0.548117
147,73,0.629437
147,74,0.260192
147,75,0.258134
147,76,0.324769
147,77,0.589011
147,78,0.737748
147,79,0.156029
147,80,0.146653
147,81,0.461702
147,82,0.763329
147,83,0.280354
147,84,0.760017
147,85,0.464928
147,86,0.0913812
147,87,0.0821886
147,88,0.281519
147,89,0.0644165
147,90,0.477666
147,91,0.398343
147,92,0.570635
147,93,0.0295436
147,94,0.429883
147,95,0.109142
147,96,0.420672
147,97,0
147,98,0.526728
147,99,0.544586
147,100,0.1997
147,101,0.24606
147,102,0.604401
147,103,0
147,104,0
147,105,0
147,106,0.0159899
147,107,0.226132
147,108,0.495359
147,109,0
147,110,0.228322
147,111,0
147,112,0.337132
147,113,0.104909
147,114,0
147,115,0.276875
147,116,0
147,117,0.0540966
147,118,0.503116
147,119,0.165424
147,120,0.183263
147,121,0.196274
147,122,0
147,123,0
147,124,0.485993
147,125,0.5029
147,126,0.393931
147,127,0.210682
147,128,0.625021
147,129,0.25971
147,130,0.108979
147,131,0.198376
147,132,0
147,133,0.109419
147,134,0.345845
147,135,0.182336
147,136,0.403471
147,137,0.731983
147,138,0
147,139,0.353547
147,140,0.0514782
147,141,0.54442
147,142,0.419881
147,143,0.826114
147,144,0.130076
147,145,0.859248
147,146,0.626333
147,147,0
147,148,0.304113
147,149,0.394934
147,150,0.562927
147,151,0.887482
147,152,0.988864
147,153,0.163285
147,154,0.101233
147,155,0.374448
147,156,0.101233
147,157,0.955103
147,158,0.135722
147,159,0.596138
147,160,0.921185
147,161,0.718184
147,162,0.0988665
147,163,0.422924
147,164,0.894042
147,165,0.395431
147,166,0.0988665
147,167,0.310599
147,168,0.0988665
147,169,0.0988665
147,170,0.346283
147,171,0.544914
147,172,0.21098
147,173,0.096514
147,174,0
147,175,0.0652517
147,176,0.105496
147,177,0
147,178,0.716055
147,179,0.422228
147,180,0.299585
147,181,0.287259
147,182,0.318448
147,183,0.29713
147,184,0.452959
147,185,0.40027
147,186,0.673963
147,187,0.490739
147,188,0.366446
147,189,0.820758
147,190,0.0979498
147,191,0.307366
147,192,0.558677
147,193,0.132183
147,194,0.750024
147,195,0.472454
147,196,0.541106
147,197,0.784282
147,198,0.796518
147,199,0.583514
148,0,0.54485
148,1,0.114952
148,2,0.104524
148,3,0.0196575
148,4,0.159074
148,5,0.196066
148,6,0.21461
148,7,0.403695
148,8,0.238843
148,9,0.0814027
148,10,0.0338977
148,11,0.669667
148,12,0.499082
148,13,0.419208
148,14,0.105017
148,15,0.0911045
148,16,0.0362027
148,17,0.0369653
148,18,0.727087
148,19,0.473519
148,20,0.0415586
148,21,0.043094
148,22,0.0415586
148,23,0.579468
148,24,0.252191
148,25,0.812014
148,26,0.201764
148,27,0.0567398
148,28,0.753112
148,29,0.15127
148,30,0.677389
148,31,0.733075
148,32,0.477102
148,33,0.0627125
148,34,0.0649179
148,35,0.829878
148,36,0.366187
148,37,0.364777
148,38,0.415651
148,39,0.78948
148,40,0.627951
148,41,0.568857
148,42,0.644268
148,43,0.318701
148,44,0.159316
148,45,0.0862362
148,46,0.597551
148,47,0.328533
148,48,0.114777
148,49,0.507703
148,50,0.129627
148,51,0.127468
148,52,0.653235
148,53,0.148353
148,54,0.846
148,55,0.16273
148,56,0.164664
148,57,0.232345
148,58,0.178452
148,59,0.827766
148,60,0.543923
148,61,0.822339
148,62,0.818746
148,63,0.196747
148,64,0.199111
148,65,0.811642
148,66,0.201311
148,67,0.610694
148,68,0.422293
148,69,0.663404
148,70,0.522908
148,71,0.19701
148,72,0.3397
148,73,0.273745
148,74,0.574189
148,75,0.599269
148,76,0.292625
148,77,0.241323
148,78,0.166068
148,79,0.392059
148,80,0.769427
148,81,0.146279
148,82,0.525384
148,83,0.460339
148,84,0.118142
148,85,0.404449
148,86,0.529956
148,87,0.115056
148,88,0.624809
148,89,0.684365
148,90,0.0530741
148,91,0.138716
148,92,0.643015
148,93,0.022132
148,94,0.265676
148,95,0.714205
148,96,0
148,97,0.348522
148,98,0.289161
148,99,0.146486
148,100,0
148,101,0
148,102,0.291954
148,103,0.31429
148,104,0.0586085
148,105,0
148,106,0
148,107,0.368571
148,108,0.137946
148,109,0
148,110,0
148,111,0
148,112,0.00342781
148,113,0.424282
148,114,0.551964
148,115,0.187588
148,116,0
148,117,0.225394
148,118,0.45846
148,119,0
148,120,0.0929127
148,121,0
148,122,0.109746
148,123,0
148,124,0
148,125,0
148,126,0
148,127,0
148,128,0.301063
148,129,0.58045
148,130,0.370066
148,131,0.643466
148,132,0
148,133,0.0501964
148,134,0.353985
148,135,0.209042
148,136,0.334407
148,137,0.700079
148,138,0.0114687
148,139,0
148,140,0.0994145
148,141,0.284403
148,142,0.38231
148,143,0.579553
148,144,0.187863
148,145,0.418281
148,146,0.251401
148,147,0.619359
148,148,0
148,149,0.115782
148,150,0.162795
148,151,0.802248
148,152,0.625385
148,153,0.287012
148,154,0.314808
148,155,0.988011
148,156,0.500974
148,157,0.333804
148,158,0.32341
148,159,0.743266
148,160,0.978358
148,161,0.235008
148,162,0.431621
148,163,0.934636
148,164,0.27409
148,165,0.763809
148,166,0.5516
148,167,0.728758
148,168,0.333698
148,169,0.471126
148,170,0.940617
148,171,0.437201
148,172,0.723238
148,173,0.357877
148,174,0.832548
148,175,0.300755
148,176,0.522179
148,177,0.304669
148,178,0.58771
148,179,0.160512
148,180,0.425182
148,181,0.752164
148,182,0
148,183,0.051412
148,184,0.0337075
148,185,0.270862
148,186,0.0339237
148,187,0.535439
148,188,0.607845
148,189,0.360513
148,190,0.281885
148,191,0.598039
148,192,0.607356
148,193,0.725341
148,194,0.54451
148,195,0
148,196,0.494746
148,197,0.101679
148,198,0.627608
148,199,0.840251
149,0,0.308237
149,1,0.512706
149,2,0.22593
149,3,0.265027
149,4,0.00477557
149,5,0.177851
149,6,0.689934
149,7,0.55246
149,8,0.624728
149,9,0.42303
149,10,0.0219472
149,11,0.175658
149,12,0.300118
149,13,0.0235023
149,14,0.359858
149,15,0.467353
149,16,0.346089
149,17,0.527315
149,18,0.142595
149,19,0.0961671
149,20,0.0292444
149,21,0.561139
149,22,0.823785
149,23,0.766225
149,24,0.433963
149,25,0.50885
149,26,0.803939
149,27,0.0700148
149,28,0.761972
149,29,0.579111
149,30,0.0586135
149,31,0.497267
149,32,0.317256
149,33,0.490038
149,34,0.0529614
149,35,0.421793
149,36,0.0522122
149,37,0.0559737
149,38,0.17041
149,39,0.702519
149,40,0.497087
149,41,0.219503
149,42,0.0775891
149,43,0.0816193
149,44,0.345541
149,45,0.627104
149,46,0.673066
149,47,0.10782
149,48,0.368187
149,49,0.117367
149,50,0.196093
149,51,0.582337
149,52,0.768082
149,53,0.214128
149,54,0.547936
149,55,0.380653
149,56,0.844176
149,57,0.536961
149,58,0.622668
149,59,0.831403
149,60,0.29245
149,61,0.825953
149,62,0.506556
149,63,0.761361
149,64,0.493973
149,65,0.633366
149,66,0.330111
149,67,0.525069
149,68,0.655332
149,69,0.644551
149,70,0.365554
149,71,0.282756
149,72,0.196561
149,73,0.564806
149,74,0.390654
149,75,0.447295
149,76,0.300394
149,77,0.178929
149,78,0.431699
149,79,0.739534
149,80,0.213765
149,81,0.678729
149,82,0.369913
149,83,0.132965
149,84,0.128023
149,85,0.120057
149,86,0.399988
149,87,0.757964
149,88,0.478523
149,89,0.08219
149,90,0.65651
149,91,0.745633
149,92,0.0467499
149,93,0.136036
149,94,0.478452
149,95,0.292441
149,96,0.732729
149,97,0
149,98,0
149,99,0.353939
149,100,0.383584
149,101,0.115881
149,102,0.611179
149,103,0.355897
149,104,0
149,105,0
149,106,0
149,107,0
149,108,0.160978
149,109,0.260146
149,110,0
149,111,0.422986
149,112,0
149,113,0.201938
149,114,0.521309
149,115,0.0112856
149,116,0.255438
149,117,0.0494845
149,118,0
149,119,0
149,120,0.233955
149,121,0
149,122,0
149,123,0.284508
149,124,0.195328
149,125,0.569612
149,126,0
149,127,0.206824
149,128,0.611486
149,129,0
149,130,0
149,131,0.364194
149,132,0.408368
149,133,0
149,134,0.103044
149,135,0.476594
149,136,0.276294
149,137,0.31908
149,138,0
149,139,0
149,140,0.0289318
149,141,0.0926731
149,142,0.765935
149,143,0.496368
149,144,0.769415
149,145,0.768676
149,146,0
149,147,0.50669
149,148,0.290154
149,149,0
149,150,0.443701
149,151,0.851036
149,152,0.966154
149,153,0.686296
149,154,0.105238
149,155,0.651084
149,156,0.274935
149,157,0.105238
149,158,0.873113
149,159,0.855693
149,160,0.101233
149,161,0.149385
149,162,0.101233
149,163,0.738623
149,164,0.870566
149,165,0.251047
149,166,0.121257
149,167,0.610139
149,168,0.780592
149,169,0.678221
149,170,0.709843
149,171,0.859314
149,172,0.879963
149,173,0.955923
149,174,0.659239
149,175,0.395591
149,176,0.723302
149,177,0.503221
149,178,0.442826
149,179,0.267969
149,180,0.820191
149,181,0
149,182,0.121453
149,183,0.787529
149,184,0.572143
149,185,0.215328
149,186,0.433113
149,187,0.847835
149,188,0.275325
149,189,0.309405
149,190,0.706707
149,191,0.334644
149,192,0.470626
149,193,0.795968
149,194,0.0851028
149,195,0.353027
149,196,0.0526124
149,197,0.211929
149,198,0
149,199,0.845012
150,0,0
150,1,0.608768
150,2,0.63855
150,3,0.724846
150,4,0.590823
150,5,0.417165
150,6,0.24459
150,7,0.447772
150,8,0.0626135
150,9,0.00872172
150,10,0.0110432
150,11,0.00873773
150,12,0.00872172
150,13,0.101273
150,14,0.0126074
150,15,0.554826
150,16,0.451025
150,17,0.495739
150,18,0.542554
150,19,0.0180628
150,20,0.0180628
150,21,0.385993
150,22,0.332891
150,23,0.546887
150,24,0.329592
150,25,0.558616
150,26,0.0444555
150,27,0.52358
150,28,0.0315684
150,29,0.160867
150,30,0.517032
150,31,0.0377309
150,32,0.0446245
150,33,0.375395
150,34,0.0407993
150,35,0.822643
150,36,0.0400401
150,37,0.398932
150,38,0.480786
150,39,0.2938
150,40,0.442015
150,41,0.547117
150,42,0.516231
150,43,0.512244
150,44,0.847682
150,45,0.649075
150,46,0.283806
150,47,0.539482
150,48,0.373818
150,49,0.10701
150,50,0.605737
150,51,0.520051
150,52,0.633761
150,53,0.148068
150,54,0.281858
150,55,0.15725
150,56,0.847822
150,57,0.526996
150,58,0.838699
150,59,0.170665
150,60,0.831403
150,61,0.564788
150,62,0.187073
150,63,0.189772
150,64,0.19363
150,65,0.269382
150,66,0.198217
150,67,0.300847
150,68,0.806404
150,69,0.683016
150,70,0.748211
150,71,0.416016
150,72,0.368521
150,73,0.401629
150,74,0.194755
150,75,0.346393
150,76,0.187874
150,77,0.42859
150,78,0.178929
150,79,0.632609
150,80,0.534445
150,81,0.636118
150,82,0.213629
150,83,0.208018
150,84,0.765684
150,85,0.533938
150,86,0.384135
150,87,0.74067
150,88,0.0991316
150,89,0.25492
150,90,0.749525
150,91,0.0650093
150,92,0.751824
150,93,0.0467499
150,94,0.0344994
150,95,0.022431
150,96,0.135799
150,97,0
150,98,0.140506
150,99,0
150,100,0.61213
150,101,0
150,102,0.314359
150,103,0
150,104,0.242046
150,105,0.352162
150,106,0.298954
150,107,0.41506
150,108,0
150,109,0.28098
150,110,0.0724008
150,111,0.357187
150,112,0
150,113,0.349932
150,114,0
150,115,0
150,116,0
150,117,0.136969
150,118,0
150,119,0.182253
150,120,0.54243
150,121,0
150,122,0.297227
150,123,0.538184
150,124,0
150,125,0.488738
150,126,0
150,127,0.168939
150,128,0
150,129,0.0996063
150,130,0.410839
150,131,0
150,132,0.299937
150,133,0.0852371
150,134,0.00289476
150,135,0
150,136,0
150,137,0.695325
150,138,0.709334
150,139,0.0432407
150,140,0.424777
150,141,0.274754
150,142,0
150,143,0.783522
150,144,0.0939475
150,145,0
150,146,0.197937
150,147,0.551768
150,148,0.586337
150,149,0.400526
150,150,0
150,151,0.207664
150,152,0.591052
150,153,0.494909
150,154,0.922369
150,155,0.536644
150,156,0.665836
150,157,0.804419
150,158,0.589641
150,159,0.218106
150,160,0.90115
150,161,0.101233
150,162,0.972769
150,163,0.914359
150,164,0.671004
150,165,0.370819
150,166,0.212667
150,167,0.875729
150,168,0.467714
150,169,0.171711
150,170,0.866948
150,171,0.731028
150,172,0.788896
150,173,0.315199
150,174,0.643946
150,175,0.680873
150,176,0.428407
150,177,0.716097
150,178,0
150,179,0.0388659
150,180,0.348201
150,181,0.383871
150,182,0.252049
150,183,0
150,184,0
150,185,0.166584
150,186,0.472845
150,187,0.540301
150,188,0
150,189,0.0656649
150,190,0.761586
150,191,0
150,192,0.121622
150,193,0.74619
150,194,0.813361
150,195,0.804462
150,196,0.122605
150,197,0.0315972
150,198,0.68576
150,199,0.602127
151,0,0
151,1,0.469377
151,2,0.253871
151,3,0
151,4,0
151,5,0.0172049
151,6,0.738468
151,7,0.372791
151,8,0.000816115
151,9,0.0015997
151,10,0.551657
151,11,0.349536
151,12,0.34941
151,13,0.00238326
151,14,0.424163
151,15,0.356664
151,16,0.228912
151,17,0.0306926
151,18,0.0369086
151,19,0.345376
151,20,0.234701
151,21,0.00827782
151,22,0.362219
151,23,0.489155
151,24,0.0207903
151,25,0.316254
151,26,0.43824
151,27,0.0932432
151,28,0.499556
151,29,0.271755
151,30,0.0293708
151,31,0.0277885
151,32,0.0347713
151,33,0.331132
151,34,0.0395259
151,35,0.0413459
151,36,0.587255
151,37,0.0339912
151,38,0.63802
151,39,0.689682
151,40,0.0834631
151,41,0.41396
151,42,0.266729
151,43,0.667941
151,44,0.554567
151,45,0.0536972
151,46,0.255167
151,47,0.0883828
151,48,0.182363
151,49,0.519564
151,50,0.595844
151,51,0.633841
151,52,0.677411
151,53,0.181961
151,54,0.352678
151,55,0.715087
151,56,0.713744
151,57,0.150353
151,58,0.160394
151,59,0.419342
151,60,0.486382
151,61,0.178905
151,62,0.479872
151,63,0.663105
151,64,0.570069
151,65,0.701675
151,66,0.818746
151,67,0.340355
151,68,0.809886
151,69,0.694921
151,70,0.203464
151,71,0.203352
151,72,0.262393
151,73,0.6175
151,74,0.794586
151,75,0.791336
151,76,0.66376
151,77,0.308169
151,78,0.18559
151,79,0.780648
151,80,0.777604
151,81,0.766688
151,82,0.651601
151,83,0.635815
151,84,0.147055
151,85,0.139833
151,86,0.379447
151,87,0.73204
151,88,0.110226
151,89,0.400176
151,90,0.146762
151,91,0.546033
151,92,0.431002
151,93,0.607983
151,94,0.187523
151,95,0.034639
151,96,0.276626
151,97,0.0345792
151,98,0.273207
151,99,0.1363
151,100,0.692765
151,101,0.436179
151,102,0.2434
151,103,0
151,104,0.0336193
151,105,0.169988
151,106,0
151,107,0
151,108,0.475552
151,109,0
151,110,0
151,111,0.408115
151,112,0
151,113,0.351184
151,114,0.105492
151,115,0
151,116,0.484098
151,117,0
151,118,0
151,119,0
151,120,0.120149
151,121,0
151,122,0.401206
151,123,0
151,124,0
151,125,0
151,126,0
151,127,0.323565
151,128,0.103811
151,129,0.491094
151,130,0
151,131,0.111114
151,132,0.257592
151,133,0.34768
151,134,0.397547
151,135,0.660689
151,136,0
151,137,0.665354
151,138,0
151,139,0
151,140,0.0749616
151,141,0
151,142,0.648394
151,143,0.312334
151,144,0.654262
151,145,0.226636
151,146,0.634714
151,147,0.616617
151,148,0.284724
151,149,0.79673
151,150,0.773426
151,151,0
151,152,0.886461
151,153,0.250313
151,154,0.616806
151,155,0.104749
151,156,0.457433
151,157,0.823342
151,158,0.371295
151,159,0.172566
151,160,0.30163
151,161,0.227423
151,162,0.285755
151,163,0.764945
151,164,0.82487
151,165,0.960012
151,166,0.472505
151,167,0.781013
151,168,0.140745
151,169,0.410027
151,170,0.788128
151,171,0.168654
151,172,0.695777
151,173,0.820436
151,174,0
151,175,0.0681966
151,176,0.514211
151,177,0.235041
151,178,0.801405
151,179,0.210219
151,180,0.585392
151,181,0.64312
151,182,0.00967568
151,183,0.476585
151,184,0
151,185,0.618195
151,186,0.507013
151,187,0.346223
151,188,0.443917
151,189,0
151,190,0.521169
151,191,0.756596
151,192,0.11916
151,193,0.817972
151,194,0.53259
151,195,0
151,196,0.782779
151,197,0.00986202
151,198,0.740858
151,199,0
152,0,0.181437
152,1,0.429764
152,2,0.00803372
152,3,0.0402585
152,4,0.275611
152,5,0.0176571
152,6,0.231812
152,7,0
152,8,0.393989
152,9,0.177917
152,10,0.272049
152,11,0.104451
152,12,0
152,13,0.405113
152,14,0.713201
152,15,0
152,16,0.157017
152,17,0.353174
152,18,0.452266
152,19,0.74241
152,20,0.371449
152,21,0.109476
152,22,0.62794
152,23,0.622647
152,24,0.0744409
152,25,0.300417
152,26,0.721585
152,27,0.00984649
152,28,0.461285
152,29,0.609477
152,30,0.0802332
152,31,0.0423986
152,32,0.307515
152,33,0.336002
152,34,0.337441
152,35,0.023907
152,36,0.606863
152,37,0.0215597
152,38,0.0231356
152,39,0.242313
152,40,0.240841
152,41,0.504774
152,42,0.588789
152,43,0.435978
152,44,0.136942
152,45,0.533691
152,46,0.648037
152,47,0.564736
152,48,0.145521
152,49,0.342983
152,50,0.53357
152,51,0.748602
152,52,0.690178
152,53,0.400714
152,54,0.616551
152,55,0.131019
152,56,0.855081
152,57,0.569438
152,58,0.204597
152,59,0.615693
152,60,0.403611
152,61,0.495547
152,62,0.833225
152,63,0.829583
152,64,0.187367
152,65,0.404952
152,66,0.822339
152,67,0.818746
152,68,0.421875
152,69,0.201601
152,70,0.270711
152,71,0.806404
152,72,0.795261
152,73,0.202515
152,74,0.424724
152,75,0.19915
152,76,0.715339
152,77,0.198747
152,78,0.766391
152,79,0.186237
152,80,0.635307
152,81,0.389813
152,82,0.774782
152,83,0.389971
152,84,0.770728
152,85,0.487518
152,86,0.418218
152,87,0.764492
152,88,0.120567
152,89,0.641973
152,90,0.435816
152,91,0.47845
152,92,0.126109
152,93,0.292231
152,94,0.370683
152,95,0.137494
152,96,0.667652
152,97,0.273824
152,98,0.00969141
152,99,0.0531732
152,100,0.357314
152,101,0.178469
152,102,0
152,103,0.12508
152,104,0.18206
152,105,0.261015
152,106,0.196862
152,107,0
152,108,0.44944
152,109,0
152,110,0
152,111,0.0999061
152,112,0.372993
152,113,0
152,114,0.538697
152,115,0.282205
152,116,0.264446
152,117,0.0426181
152,118,0.193079
152,119,0.454962
152,120,0
152,121,0
152,122,0.0899532
152,123,0.0980043
152,124,0.245637
152,125,0
152,126,0.448989
152,127,0.144187
152,128,0.18178
152,129,0
152,130,0.479342
152,131,0
152,132,0.152389
152,133,0
152,134,0.30289
152,135,0
152,136,0.291047
152,137,0
152,138,0
152,139,0.148457
152,140,0.257209
152,141,0.252102
152,142,0.689344
152,143,0.0804498
152,144,0.418542
152,145,0.694546
152,146,0.800826
152,147,0.15683
152,148,0.207803
152,149,0.499961
152,150,0.0884352
152,151,0.493705
152,152,0
152,153,0.751071
152,154,0.640854
152,155,0.104483
152,156,0.411885
152,157,0.709509
152,158,0.886968
152,159,0.955082
152,160,0.274188
152,161,0.920828
152,162,0.79975
152,163,0.475274
152,164,0.425418
152,165,0.80634
152,166,0.10235
152,167,0.425246
152,168,0.399022
152,169,0.267557
152,170,0.658807
152,171,0.803127
152,172,0.753993
152,173,0.122357
152,174,0.58602
152,175,0
152,176,0.600985
152,177,0.418946
152,178,0.867807
152,179,0.858751
152,180,0.713759
152,181,0.433395
152,182,0
152,183,0.234283
152,184,0.182926
152,185,0.626003
152,186,0.260669
152,187,0.594838
152,188,0.337891
152,189,0.150017
152,190,0.5523
152,191,0.623128
152,192,0.0818936
152,193,0.363099
152,194,0.10945
152,195,0.51836
152,196,0.174233
152,197,0.216568
152,198,0
152,199,0.584277
153,0,0.256283
153,1,0.493733
153,2,0.278006
153,3,0.148508
153,4,0.641514
153,5,0
153,6,0.186507
153,7,0.375234
153,8,0.542735
153,9,0.198889
153,10,0.373131
153,11,0.381593
153,12,0
153,13,0.488708
153,14,0.748048
153,15,0.0722232
153,16,0.248457
153,17,0.141738
153,18,0
153,19,0.727784
153,20,0.429358
153,21,0.494627
153,22,0.479898
153,23,0.64329
153,24,0.0047108
153,25,0.729213
153,26,0.305501
153,27,0.319688
153,28,0.0968444
153,29,0.400953
153,30,0.0517473
153,31,0.742249
153,32,0.177317
153,33,0.591787
153,34,0.159753
153,35,0.0830745
153,36,0.00553249
153,37,0.616065
153,38,0.710816
153,39,0.64058
153,40,0.0674534
153,41,0.337175
153,42,0.278679
153,43,0.0885915
153,44,0.0672764
153,45,0.272797
153,46,0.420616
153,47,0.601758
153,48,0.688314
153,49,0.4847
153,50,0.570804
153,51,0.364157
153,52,0.232182
153,53,0.305179
153,54,0.268314
153,55,0.47642
153,56,0.281123
153,57,0.820894
153,58,0.143764
153,59,0.616253
153,60,0.463079
153,61,0.308716
153,62,0.586008
153,63,0.833225
153,64,0.182116
153,65,0.829583
153,66,0.190044
153,67,0.194473
153,68,0.785067
153,69,0.199488
153,70,0.20145
153,71,0.202701
153,72,0.588927
153,73,0.485362
153,74,0.299386
153,75,0.797896
153,76,0.794586
153,77,0.792953
153,78,0.558609
153,79,0.744085
153,80,0.454572
153,81,0.233639
153,82,0.210881
153,83,0.76496
153,84,0.611304
153,85,0.552832
153,86,0.292873
153,87,0.139833
153,88,0.408835
153,89,0.35193
153,90,0.568168
153,91,0.0994646
153,92,0.657017
153,93,0.148063
153,94,0.717905
153,95,0.751824
153,96,0.0831599
153,97,0.034354
153,98,0.0222029
153,99,0.00969141
153,100,0
153,101,0
153,102,0
153,103,0.423926
153,104,0.347598
153,105,0.116387
153,106,0.230776
153,107,0.2538
153,108,0
153,109,0
153,110,0
153,111,0.420926
153,112,0.0251545
153,113,0.235116
153,114,0.222694
153,115,0
153,116,0
153,117,0
153,118,0
153,119,0.344834
153,120,0.0447276
153,121,0.3961
153,122,0.359686
153,123,0
153,124,0
153,125,0.261475
153,126,0
153,127,0.00921047
153,128,0.327857
153,129,0
153,130,0.107784
153,131,0.474733
153,132,0.150933
153,133,0.264085
153,134,0.223471
153,135,0
153,136,0
153,137,0
153,138,0.469533
153,139,0.0855965
153,140,0.00457796
153,141,0
153,142,0
153,143,0.470713
153,144,0.565531
153,145,0.619206
153,146,0.618829
153,147,0.802291
153,148,0.673486
153,149,0.792461
153,150,0.695508
153,151,0.201559
153,152,0.669956
153,153,0
153,154,0.536783
153,155,0.515323
153,156,0.82209
153,157,0.213435
153,158,0.736422
153,159,0.236988
153,160,0.931633
153,161,0.101233
153,162,0.719501
153,163,0.780362
153,164,0.596675
153,165,0.335786
153,166,0.341296
153,167,0.759638
153,168,0.381636
153,169,0.462866
153,170,0.517669
153,171,0.739934
153,172,0.714441
153,173,0.631003
153,174,0.789825
153,175,0.284953
153,176,0.276734
153,177,0.567983
153,178,0.0445625
153,179,0.273867
153,180,0.349894
153,181,0
153,182,0.0350036
153,183,0.597225
153,184,0.614537
153,185,0.567836
153,186,0.107908
153,187,0.436993
153,188,0.783708
153,189,0.84671
153,190,0.676361
153,191,0.72639
153,192,0
153,193,0.40691
153,194,0.5178
153,195,0.547635
153,196,0.74749
153,197,0
153,198,0.312041
153,199,0.140148
154,0,0.110006
154,1,0.702168
154,2,0
154,3,0
154,4,0.358588
154,5,0.665087
154,6,0.345795
154,7,0
154,8,0.373925
154,9,0.534729
154,10,0.180861
154,11,0
154,12,0.583083
154,13,0.339283
154,14,0.578318
154,15,0.33031
154,16,0.0408941
154,17,0
154,18,0
154,19,0
154,20,0
154,21,0.718925
154,22,0
154,23,0
154,24,0.272762
154,25,0.479017
154,26,0.566992
154,27,0.161033
154,28,0.493967
154,29,0.026131
154,30,0.44895
154,31,0
154,32,0.0250991
154,33,0.481736
154,34,0.202563
154,35,0.662058
154,36,0.428315
154,37,1.59231e-05
154,38,0.696744
154,39,0.072613
154,40,0.633811
154,41,0.145217
154,42,0.192453
154,43,0.496052
154,44,0.740199
154,45,0.0311654
154,46,0.100664
154,47,0.082175
154,48,0.139209
154,49,0.280019
154,50,0.3042
154,51,0.204094
154,52,0.26686
154,53,0.395267
154,54,0.355971
154,55,0.794664
154,56,0.136564
154,57,0.185759
154,58,0.205394
154,59,0.849641
154,60,0.469621
154,61,0.844176
154,62,0.165166
154,63,0.724325
154,64,0.617767
154,65,0.543804
154,66,0.612804
154,67,0.278176
154,68,0.601885
154,69,0.533419
154,70,0.568309
154,71,0.444679
154,72,0.808221
154,73,0.806404
154,74,0.203409
154,75,0.801262
154,76,0.201713
154,77,0.380568
154,78,0.19777
154,79,0.462035
154,80,0.784349
154,81,0.459948
154,82,0.780516
154,83,0.173908
154,84,0.776181
154,85,0.226871
154,86,0.155447
154,87,0.148685
154,88,0.459732
154,89,0.24756
154,90,0.120567
154,91,0.110226
154,92,0.150206
154,93,0.157829
154,94,0.662061
154,95,0.753368
154,96,0.68219
154,97,0.250549
154,98,0.034639
154,99,0.251487
154,100,0.746977
154,101,0.53282
154,102,0.659018
154,103,0.59969
154,104,0.465383
154,105,0
154,106,0.384659
154,107,0.618083
154,108,0.11188
154,109,0.404237
154,110,0.0693301
154,111,0
154,112,0
154,113,0
154,114,0.0624821
154,115,0
154,116,0.140536
154,117,0.12456
154,118,0.0490931
154,119,0
154,120,0.462452
154,121,0.204268
154,122,0
154,123,0
154,124,0.513247
154,125,0.572978
154,126,0
154,127,0.393601
154,128,0.040727
154,129,0
154,130,0
154,131,0.0552051
154,132,0
154,133,0
154,134,0
154,135,0.52002
154,136,0
154,137,0
154,138,0.501399
154,139,0.433587
154,140,0.497082
154,141,0
154,142,0.706938
154,143,0
154,144,0.288172
154,145,0.259848
154,146,0.0971419
154,147,0
154,148,0.794954
154,149,0.612587
154,150,0.0441226
154,151,0.790129
154,152,0.300201
154,153,0.272417
154,154,0
154,155,0.102587
154,156,0.274318
154,157,0.289348
154,158,0.119621
154,159,0.104794
154,160,0.727094
154,161,0.425138
154,162,0.356912
154,163,0.165696
154,164,0.52911
154,165,0.571779
154,166,0.479315
154,167,0.386594
154,168,0.841655
154,169,0.495552
154,170,0.192019
154,171,0.564237
154,172,0.256685
154,173,0.417716
154,174,0.441715
154,175,0.170813
154,176,0.805688
154,177,0
154,178,0.429308
154,179,0.839213
154,180,0.855547
154,181,0.150321
154,182,0
154,183,0.712086
154,184,0.490021
154,185,0.260901
154,186,0.728528
154,187,0.765971
154,188,0.553025
154,189,0.850585
154,190,0.848507
154,191,0.291167
154,192,0.286771
154,193,0.216468
154,194,0.467913
154,195,0.82693
154,196,0.793042
154,197,0
154,198,0.218292
154,199,0.645719
155,0,0.241516
155,1,0.269583
155,2,0.0732293
155,3,0.587381
155,4,0
155,5,0.633686
155,6,0
155,7,0.650905
155,8,0.654862
155,9,0.454966
155,10,0.629022
155,11,0.635552
155,12,0
155,13,0.722779
155,14,0.47977
155,15,0.35231
155,16,0.117477
155,17,0.341398
155,18,0.257409
155,19,0
155,20,0.329562
155,21,0.242009
155,22,0.232053
155,23,0
155,24,0.605315
155,25,0
155,26,0.719034
155,27,0.53917
155,28,0
155,29,0.0844255
155,30,0.33263
155,31,0.551655
155,32,0.664021
155,33,0.69534
155,34,0.435261
155,35,0.668303
155,36,0.623678
155,37,0.613934
155,38,0.599268
155,39,0.562425
155,40,0.349126
155,41,0.509395
155,42,0.48238
155,43,0.371563
155,44,0.50134
155,45,0.236014
155,46,0.027031
155,47,0.0393999
155,48,0.0354887
155,49,0.556172
155,50,0.0538117
155,51,0.48489
155,52,0.0802431
155,53,0.531662
155,54,0.524059
155,55,0.0987291
155,56,0.648258
155,57,0.520679
155,58,0.758941
155,59,0.853272
155,60,0.849641
155,61,0.350134
155,62,0.671531
155,63,0.787115
155,64,0.299298
155,65,0.352498
155,66,0.697332
155,67,0.184491
155,68,0.208212
155,69,0.53611
155,70,0.818746
155,71,0.781813
155,72,0.264643
155,73,0.665878
155,74,0.350904
155,75,0.804678
155,76,0.202082
155,77,0.535079
155,78,0.199535
155,79,0.197364
155,80,0.229846
155,81,0.212013
155,82,0.759559
155,83,0.416569
155,84,0.779049
155,85,0.383504
155,86,0.448147
155,87,0.562961
155,88,0.148115
155,89,0.257506
155,90,0.457794
155,91,0.762195
155,92,0.621638
155,93,0.1388
155,94,0.653865
155,95,0.0821886
155,96,0.477861
155,97,0.331991
155,98,0.0574272
155,99,0.656588
155,100,0.0218519
155,101,0.00935623
155,102,0.401815
155,103,0.0685434
155,104,0.623315
155,105,0
155,106,0.00994593
155,107,0
155,108,0.230623
155,109,0.0500965
155,110,0
155,111,0.449898
155,112,0.257312
155,113,0.590824
155,114,0
155,115,0.127417
155,116,0.00419109
155,117,0.378145
155,118,0
155,119,0.0349753
155,120,0
155,121,0.297983
155,122,0.00793934
155,123,0.454569
155,124,0.571727
155,125,0
155,126,0.533016
155,127,0.233116
155,128,0.343702
155,129,0
155,130,0.122085
155,131,0.428644
155,132,0.0604752
155,133,0
155,134,0
155,135,0
155,136,0
155,137,0.135313
155,138,0.0388285
155,139,0.448518
155,140,0.567821
155,141,0.25486
155,142,0.306597
155,143,0.245153
155,144,0.272807
155,145,0.630335
155,146,0.752002
155,147,0.730992
155,148,0.462949
155,149,0.0259441
155,150,0.234402
155,151,0.654607
155,152,0.806001
155,153,0.725331
155,154,0.590914
155,155,0
155,156,0.858138
155,157,0.103252
155,158,0.565288
155,159,0.509979
155,160,0.745626
155,161,0.767428
155,162,0.101233
155,163,0.564968
155,164,0.210146
155,165,0.201012
155,166,0.715364
155,167,0.551701
155,168,0.392077
155,169,0.181713
155,170,0.907685
155,171,0.143453
155,172,0.0988665
155,173,0.425397
155,174,0.596948
155,175,0.408679
155,176,0.815089
155,177,0.423945
155,178,0.408465
155,179,0.707784
155,180,0.0351423
155,181,0.561814
155,182,0.0483845
155,183,0.775276
155,184,0.425649
155,185,0.808467
155,186,0.381963
155,187,0.286115
155,188,0.809335
155,189,0
155,190,0.796151
155,191,0.563642
155,192,0.723756
155,193,0.826388
155,194,0.137291
155,195,0
155,196,0.0298161
155,197,0.855039
155,198,0.496669
155,199,0.430544
156,0,0
156,1,0.24524
156,2,0.418834
156,3,0
156,4,0.693633
156,5,0.132224
156,6,0.457019
156,7,0.63874
156,8,0.69398
156,9,0.00688037
156,10,0.48286
156,11,0
156,12,0.690722
156,13,0.652306
156,14,0
156,15,0.246621
156,16,0.592251
156,17,0.269669
156,18,0.669456
156,19,0.540452
156,20,0.352512
156,21,0.599348
156,22,0.23088
156,23,0.205969
156,24,0.570078
156,25,0.505455
156,26,0.289822
156,27,0.7384
156,28,0.509232
156,29,0
156,30,0.314297
156,31,0.702587
156,32,0.500158
156,33,0.0364303
156,34,0
156,35,0.499138
156,36,0.476989
156,37,0.707664
156,38,0.43186
156,39,0.468942
156,40,0.00877875
156,41,0.209914
156,42,0.619344
156,43,0.0065002
156,44,0.145484
156,45,0.664205
156,46,0.555211
156,47,0.067423
156,48,0.251136
156,49,0.526334
156,50,0.0416388
156,51,0.0386164
156,52,0.422501
156,53,0.421978
156,54,0.405193
156,55,0.277517
156,56,0.21962
156,57,0.100182
156,58,0.296096
156,59,0.121108
156,60,0.208773
156,61,0.851458
156,62,0.148007
156,63,0.153183
156,64,0.191508
156,65,0.193964
156,66,0.727083
156,67,0.833225
156,68,0.184742
156,69,0.414957
156,70,0.651177
156,71,0.409974
156,72,0.815251
156,73,0.504643
156,74,0.630652
156,75,0.232007
156,76,0.387115
156,77,0.374543
156,78,0.469439
156,79,0.796333
156,80,0.196992
156,81,0.510876
156,82,0.786587
156,83,0.599868
156,84,0.182112
156,85,0.374145
156,86,0.169783
156,87,0.352302
156,88,0.434543
156,89,0.326152
156,90,0.412703
156,91,0.675748
156,92,0.235636
156,93,0.423913
156,94,0.657994
156,95,0.427331
156,96,0.611867
156,97,0.372413
156,98,0.339204
156,99,0.747119
156,100,0.749097
156,101,0.0218519
156,102,0.122291
156,103,0.58847
156,104,0.431407
156,105,0
156,106,0
156,107,0
156,108,0.0655052
156,109,0.226794
156,110,0.57447
156,111,0.103693
156,112,0
156,113,0.431147
156,114,0
156,115,0
156,116,0
156,117,0
156,118,0.184399
156,119,0.31363
156,120,0.103403
156,121,0
156,122,0.0845829
156,123,0.444274
156,124,0.222604
156,125,0
156,126,0.0212471
156,127,0.00104498
156,128,0.432689
156,129,0.559188
156,130,0
156,131,0.423768
156,132,0
156,133,0.352072
156,134,0.289081
156,135,0.490792
156,136,0.378479
156,137,0.393652
156,138,0.61041
156,139,0
156,140,0
156,141,0.566751
156,142,0.297137
156,143,0.122537
156,144,0.413729
156,145,0.438206
156,146,0.350849
156,147,0.683565
156,148,0.598924
156,149,0
156,150,0.460229
156,151,0.176953
156,152,0.147136
156,153,0.0268866
156,154,0.104989
156,155,0.849071
156,156,0
156,157,0.384817
156,158,0.587497
156,159,0.293882
156,160,0.22755
156,161,0.549405
156,162,0.653742
156,163,0.101233
156,164,0.706442
156,165,0.388057
156,166,0.708947
156,167,0.557127
156,168,0.120181
156,169,0.446606
156,170,0.498573
156,171,0.235629
156,172,0.729693
156,173,0.344502
156,174,0.696751
156,175,0.00538749
156,176,0
156,177,0.350708
156,178,0.555302
156,179,0.759011
156,180,0.118299
156,181,0.693267
156,182,0.346645
156,183,0.402223
156,184,0
156,185,0.428952
156,186,0.541964
156,187,0.793182
156,188,0.818511
156,189,0.131123
156,190,0.0874602
156,191,0.0547993
156,192,0.689209
156,193,0.749883
156,194,0.112972
156,195,0.404332
156,196,0.140356
156,197,0.824304
156,198,0
156,199,0.269187
157,0,0.0845714
157,1,0.289888
157,2,0.336175
157,3,0
157,4,0.657329
157,5,0.149432
157,6,0
157,7,0.680747
157,8,0.637504
157,9,0.672256
157,10,0.575826
157,11,0
157,12,0.487576
157,13,0.0435288
157,14,0.41044
157,15,0.5374
157,16,0.603972
157,17,0.0832293
157,18,0.467204
157,19,0.561212
157,20,0.349482
157,21,0.688377
157,22,0
157,23,0.168391
157,24,0.582392
157,25,0
157,26,0.713828
157,27,0
157,28,0
157,29,0
157,30,0.275712
157,31,0.393398
157,32,0.449257
157,33,0
157,34,0.566271
157,35,0.425415
157,36,0.399901
157,37,0
157,38,0.413832
157,39,0.349216
157,40,0
157,41,0.298706
157,42,0.540132
157,43,0.655267
157,44,0.639407
157,45,0.252415
157,46,0.508664
157,47,0.587243
157,48,0.667103
157,49,0.291974
157,50,0.447251
157,51,0.320597
157,52,0.291685
157,53,0.503472
157,54,0.809658
157,55,0.174109
157,56,0.803693
157,57,0.831715
157,58,0.33097
157,59,0.110829
157,60,0.123001
157,61,0.855081
157,62,0.755619
157,63,0.685482
157,64,0.153183
157,65,0.599695
157,66,0.385441
157,67,0.792338
157,68,0.74162
157,69,0.182458
157,70,0.407701
157,71,0.824144
157,72,0.623394
157,73,0.198786
157,74,0.731885
157,75,0.505055
157,76,0.686108
157,77,0.445696
157,78,0.278587
157,79,0.544042
157,80,0.796234
157,81,0.794586
157,82,0.193695
157,83,0.337986
157,84,0.525367
157,85,0.183149
157,86,0.616556
157,87,0.427723
157,88,0.774782
157,89,0.160129
157,90,0.557185
157,91,0.766905
157,92,0.134486
157,93,0.341911
157,94,0.597929
157,95,0.10442
157,96,0.0932599
157,97,0.0819539
157,98,0.0705788
157,99,0.666006
157,100,0.0465758
157,101,0.234255
157,102,0.479761
157,103,0.619886
157,104,0.402752
157,105,0.18101
157,106,0.0883346
157,107,0.0531368
157,108,0.592623
157,109,0.335597
157,110,0.569469
157,111,0.478176
157,112,0.207861
157,113,0.593556
157,114,0
157,115,0
157,116,0.571261
157,117,0.456048
157,118,0.198847
157,119,0.499984
157,120,0.529718
157,121,0
157,122,0.47116
157,123,0.576121
157,124,0.270781
157,125,0.189424
157,126,0
157,127,0.365544
157,128,0.333359
157,129,0
157,130,0.230219
157,131,0.574857
157,132,0.291219
157,133,0
157,134,0.454918
157,135,0
157,136,0.42853
157,137,0
157,138,0.343287
157,139,0.359959
157,140,0.536858
157,141,0.280695
157,142,0.220384
157,143,0.14029
157,144,0.277983
157,145,0.454306
157,146,0.308674
157,147,0.285004
157,148,0.348965
157,149,0
157,150,0.241561
157,151,0.347702
157,152,0.252813
157,153,0.191784
157,154,0.406657
157,155,0.0049323
157,156,0.860538
157,157,0
157,158,0.674003
157,159,0.834161
157,160,0.628983
157,161,0.908629
157,162,0.467167
157,163,0.608724
157,164,0.598022
157,165,0.817153
157,166,0.443493
157,167,0.938858
157,168,0.61039
157,169,0.646904
157,170,0.626152
157,171,0.301763
157,172,0.492675
157,173,0.201548
157,174,0.702458
157,175,0.803209
157,176,0.632689
157,177,0.390986
157,178,0.330038
157,179,0.119195
157,180,0
157,181,0.453256
157,182,0.509004
157,183,0.404422
157,184,0.806757
157,185,0.777618
157,186,0.866499
157,187,0.855147
157,188,0.665034
157,189,0.545244
157,190,0.690971
157,191,0.303094
157,192,0.462611
157,193,0.166819
157,194,0
157,195,0.0693131
157,196,0
157,197,0.366377
157,198,0.0105564
157,199,0.605428
158,0,0
158,1,0.451101
158,2,0
158,3,0.341869
158,4,0
158,5,0.544427
158,6,0.266082
158,7,0.437821
158,8,0.0722666
158,9,0
158,10,0
158,11,0.123631
158,12,0.311902
158,13,0.322818
158,14,0.65753
158,15,0.248755
158,16,0.231933
158,17,0.654873
158,18,0.240401
158,19,0.0355355
158,20,0.335159
158,21,0.0650406
158,22,0.46553
158,23,0
158,24,0.375732
158,25,0.523004
158,26,0.137685
158,27,0.500635
158,28,0.0379354
158,29,0.292869
158,30,0.251206
158,31,0.207691
158,32,0.0938962
158,33,0.306673
158,34,0
158,35,0.101397
158,36,0.185897
158,37,0.489265
158,38,0
158,39,0.583514
158,40,0.547343
158,41,0
158,42,0.0329774
158,43,0.193738
158,44,0.509328
158,45,0.00598509
158,46,0.772088
158,47,0.0988928
158,48,0.00714241
158,49,0.342717
158,50,0.447297
158,51,0.659351
158,52,0.733309
158,53,0.240487
158,54,0.0462865
158,55,0.423908
158,56,0.0855246
158,57,0.382778
158,58,0.235312
158,59,0.439947
158,60,0.112804
158,61,0.792918
158,62,0.12978
158,63,0.383137
158,64,0.40143
158,65,0.149594
158,66,0.775185
158,67,0.840525
158,68,0.835048
158,69,0.833278
158,70,0.749785
158,71,0.736686
158,72,0.191947
158,73,0.194936
158,74,0.197279
158,75,0.815179
158,76,0.308001
158,77,0.202012
158,78,0.202555
158,79,0.521506
158,80,0.702292
158,81,0.768106
158,82,0.362553
158,83,0.589252
158,84,0.191652
158,85,0.428668
158,86,0.182112
158,87,0.354493
158,88,0.777604
158,89,0.456405
158,90,0.772054
158,91,0.148115
158,92,0.296903
158,93,0.765684
158,94,0.381802
158,95,0.717424
158,96,0.104207
158,97,0.160248
158,98,0.594487
158,99,0.0705788
158,100,0.0662868
158,101,0.32045
158,102,0.618762
158,103,0.10913
158,104,0.342511
158,105,0.00277156
158,106,0
158,107,0.613887
158,108,0
158,109,0.0158851
158,110,0.103984
158,111,0.577554
158,112,0
158,113,0.454314
158,114,0.156235
158,115,0
158,116,0
158,117,0.305042
158,118,0.289049
158,119,0
158,120,0
158,121,0.210131
158,122,0
158,123,0.173827
158,124,0.162315
158,125,0.346834
158,126,0.0103298
158,127,0.305251
158,128,0
158,129,0
158,130,0.397385
158,131,0
158,132,0.306244
158,133,0.248554
158,134,0.274444
158,135,0
158,136,0.287864
158,137,0.473128
158,138,0
158,139,0.514411
158,140,0
158,141,0.283911
158,142,0.460239
158,143,0
158,144,0.129106
158,145,0.0251599
158,146,0.301165
158,147,0.437754
158,148,0.731337
158,149,0.0288247
158,150,0.713361
158,151,0.0221067
158,152,0.707975
158,153,0.0477844
158,154,0.675739
158,155,0.350685
158,156,0.860805
158,157,0.165446
158,158,0
158,159,0.138369
158,160,0.98794
158,161,0.370832
158,162,0.945823
158,163,0.321342
158,164,0.101233
158,165,0.59255
158,166,0.984092
158,167,0.37031
158,168,0.255191
158,169,0.824319
158,170,0.552853
158,171,0.113943
158,172,0.974891
158,173,0.146145
158,174,0.770017
158,175,0.131427
158,176,0.445495
158,177,0.0472004
158,178,0.669216
158,179,0.103825
158,180,0.0146651
158,181,0
158,182,0
158,183,0.185762
158,184,0.716501
158,185,0.131912
158,186,0
158,187,0.131327
158,188,0.0537405
158,189,0.130655
158,190,0.274438
158,191,0.0520237
158,192,0.510564
158,193,0.228998
158,194,0.382047
158,195,0.601206
158,196,0.823964
158,197,0.368524
158,198,0
158,199,0.0878053
159,0,0.0322089
159,1,0.328449
159,2,0.00716093
159,3,0
159,4,0.497371
159,5,0
159,6,0.243368
159,7,0.0722409
159,8,0.0773192
159,9,0.0524508
159,10,0.311447
159,11,0.214787
159,12,0.0611886
159,13,0.418334
159,14,0.52987
159,15,0
159,16,0
159,17,0.599055
159,18,0.17537
159,19,0
159,20,0
159,21,0.583418
159,22,0.0528487
159,23,0.50491
159,24,0
159,25,0.571675
159,26,0.246777
159,27,0
159,28,0.0886109
159,29,0.365208
159,30,0.151256
159,31,0.437825
159,32,0.0560744
159,33,0.501353
159,34,0
159,35,0
159,36,0
159,37,0.371079
159,38,0.304594
159,39,0.158521
159,40,0
159,41,0
159,42,0.712319
159,43,0.167073
159,44,0.694432
159,45,0.570996
159,46,0.417601
159,47,0.747114
159,48,0.528736
159,49,0.00793758
159,50,0.0102661
159,51,0.725142
159,52,0.025431
159,53,0.342045
159,54,0.579246
159,55,0.145154
159,56,0.250199
159,57,0.163736
159,58,0.389239
159,59,0.670368
159,60,0.864061
159,61,0.862276
159,62,0.431008
159,63,0.229498
159,64,0.681107
159,65,0.517927
159,66,0.434252
159,67,0.736067
159,68,0.197395
159,69,0.170177
159,70,0.193265
159,71,0.245374
159,72,0.282031
159,73,0.19115
159,74,0.676745
159,75,0.251881
159,76,0.199141
159,77,0.332668
159,78,0.21828
159,79,0.78175
159,80,0.474139
159,81,0.363593
159,82,0.705416
159,83,0.503989
159,84,0.791336
159,85,0.444355
159,86,0.783653
159,87,0.247725
159,88,0.724055
159,89,0.275492
159,90,0.164039
159,91,0.65968
159,92,0.198119
159,93,0.48695
159,94,0.134486
159,95,0.125052
159,96,0.114754
159,97,0.379844
159,98,0.646802
159,99,0.218232
159,100,0.412047
159,101,0.0586965
159,102,0.440466
159,103,0.670968
159,104,0.027781
159,105,0.0896724
159,106,0.00277156
159,107,0
159,108,0.385887
159,109,0.0698505
159,110,0
159,111,0
159,112,0.404913
159,113,0.414287
159,114,0.314824
159,115,0.266157
159,116,0
159,117,0.105957
159,118,0.523617
159,119,0.595119
159,120,0.409095
159,121,0.569978
159,122,0.309017
159,123,0
159,124,0.133538
159,125,0.332667
159,126,0
159,127,0.280423
159,128,0
159,129,0.479903
159,130,0
159,131,0.440926
159,132,0.500658
159,133,0.320099
159,134,0.338408
159,135,0
159,136,0
159,137,0.497862
159,138,0
159,139,0.358746
159,140,0
159,141,0.0624339
159,142,0.540672
159,143,0.654691
159,144,0
159,145,0.251535
159,146,0.334429
159,147,0.118976
159,148,0
159,149,0.287302
159,150,0.15472
159,151,0.64021
159,152,0.319615
159,153,0
159,154,0.785973
159,155,0
159,156,0.74582
159,157,0.860805
159,158,0.692758
159,159,0
159,160,0.0664679
159,161,0.885678
159,162,0.791984
159,163,0.926139
159,164,0.797803
159,165,0.516967
159,166,0.660329
159,167,0.916139
159,168,0.566333
159,169,0.53536
159,170,0.280558
159,171,0.281406
159,172,0.762017
159,173,0.666174
159,174,0.032593
159,175,0.628274
159,176,0.706804
159,177,0.553239
159,178,0.21713
159,179,0.0648066
159,180,0.556563
159,181,0.712439
159,182,0.408132
159,183,0.366162
159,184,0.174761
159,185,0.460356
159,186,0.250409
159,187,0.190832
159,188,0.27273
159,189,0.247051
159,190,0
159,191,0.352617
159,192,0.143072
159,193,0.711529
159,194,0.287494
159,195,0
159,196,0.230912
159,197,0
159,198,0
159,199,0.805895
160,0,0.332405
160,1,0
160,2,0
160,3,0.0639768
160,4,0.632446
160,5,0.0351524
160,6,0
160,7,0.468463
160,8,0
160,9,0.169903
160,10,0.668402
160,11,0.403711
160,12,0.00443365
160,13,0.197573
160,14,0
160,15,0.309141
160,16,0
160,17,0.280335
160,18,0.636231
160,19,0.200387
160,20,0.662249
160,21,0
160,22,0
160,23,0
160,24,0.535155
160,25,0.104185
160,26,0.0250762
160,27,0
160,28,0.202685
160,29,0.0376183
160,30,0
160,31,0
160,32,0.350224
160,33,0.0910548
160,34,0.264263
160,35,0.334292
160,36,0.480481
160,37,0.434291
160,38,0.143925
160,39,0.550448
160,40,0
160,41,0.155298
160,42,0.300235
160,43,0.305135
160,44,0.684294
160,45,0.535295
160,46,0
160,47,0
160,48,0.181457
160,49,0.0055628
160,50,0.386188
160,51,0.182861
160,52,0.0208083
160,53,0.415297
160,54,0.474634
160,55,0.0478164
160,56,0.0508643
160,57,0.845264
160,58,0.0895635
160,59,0.40613
160,60,0.227915
160,61,0.27516
160,62,0.581887
160,63,0.856887
160,64,0.692053
160,65,0.163852
160,66,0.543824
160,67,0.493417
160,68,0.840525
160,69,0.167874
160,70,0.35137
160,71,0.179642
160,72,0.4522
160,73,0.825953
160,74,0.738606
160,75,0.420988
160,76,0.757538
160,77,0.815179
160,78,0.501201
160,79,0.203221
160,80,0.203409
160,81,0.203092
160,82,0.56297
160,83,0.274256
160,84,0.682002
160,85,0.20606
160,86,0.268782
160,87,0.683029
160,88,0.181061
160,89,0.468955
160,90,0.183138
160,91,0.481478
160,92,0.772054
160,93,0.769427
160,94,0.426311
160,95,0.54002
160,96,0.12037
160,97,0.110019
160,98,0.0994646
160,99,0.0883245
160,100,0.0768482
160,101,0.377518
160,102,0.0699791
160,103,0.414214
160,104,0.299304
160,105,0.0219042
160,106,0.00937836
160,107,0.0210397
160,108,0.696905
160,109,0.265989
160,110,0.158261
160,111,0
160,112,0.32989
160,113,0
160,114,0.0333552
160,115,0.000941664
160,116,0
160,117,0.305273
160,118,0
160,119,0.08598
160,120,0
160,121,0
160,122,0
160,123,0
160,124,0
160,125,0.124261
160,126,0.300971
160,127,0
160,128,0.238799
160,129,0.481873
160,130,0.0154547
160,131,0.394284
160,132,0.0490072
160,133,0.291786
160,134,0.0258897
160,135,0.581989
160,136,0.321486
160,137,0.0901297
160,138,0
160,139,0.317002
160,140,0
160,141,0.370932
160,142,0.442323
160,143,0.361298
160,144,0.441629
160,145,0
160,146,0
160,147,0.701148
160,148,0.583233
160,149,0
160,150,0.266475
160,151,0
160,152,0.238747
160,153,0.347265
160,154,0
160,155,0.515287
160,156,0
160,157,0.748758
160,158,0.869492
160,159,0.672269
160,160,0
160,161,0.704557
160,162,0.39895
160,163,0.500872
160,164,0.171122
160,165,0.104777
160,166,0.927177
160,167,0.146367
160,168,0.811113
160,169,0.400281
160,170,0.402421
160,171,0.491372
160,172,0.414297
160,173,0.104538
160,174,0.15037
160,175,0
160,176,0.739909
160,177,0.294178
160,178,0.00876007
160,179,0.734387
160,180,0.115288
160,181,0.100494
160,182,0.201245
160,183,0.126373
160,184,0.49431
160,185,0.680605
160,186,0.204036
160,187,0.108134
160,188,0.710947
160,189,0.0106992
160,190,0.0741484
160,191,0.401392
160,192,0.719988
160,193,0.474758
160,194,0
160,195,0
160,196,0.56905
160,197,0.823536
160,198,0.0312318
160,199,0.380133
161,0,0.0689252
161,1,0.20152
161,2,0
161,3,0.418755
161,4,0.319984
161,5,0
161,6,0.517802
161,7,0.182491
161,8,0.326911
161,9,0
161,10,0.0452345
161,11,0.558635
161,12,0
161,13,0.361166
161,14,0
161,15,0.493141
161,16,0.166901
161,17,0.136221
161,18,0
161,19,0.00952457
161,20,0.275301
161,21,0
161,22,0.53165
161,23,0.118646
161,24,0.543684
161,25,0.5644
161,26,0.143673
161,27,0.244862
161,28,0.529685
161,29,0.312884
161,30,0
161,31,0
161,32,0
161,33,0
161,34,0.681047
161,35,0.578882
161,36,0.0383028
161,37,0.56759
161,38,0.114981
161,39,0
161,40,0.580936
161,41,0.515787
161,42,0.640592
161,43,0
161,44,0.221187
161,45,0
161,46,0.679145
161,47,0
161,48,0.311693
161,49,0.00161617
161,50,0.135347
161,51,0
161,52,0.0669615
161,53,0.0293424
161,54,0.427989
161,55,0.0355444
161,56,0.0386217
161,57,0.0493691
161,58,0.554602
161,59,0.83564
161,60,0.603812
161,61,0.663102
161,62,0.105626
161,63,0.830179
161,64,0.772268
161,65,0.128056
161,66,0.739665
161,67,0.147141
161,68,0.155982
161,69,0.18378
161,70,0.19342
161,71,0.836874
161,72,0.180766
161,73,0.185196
161,74,0.188892
161,75,0.533476
161,76,0.234264
161,77,0.818746
161,78,0.557132
161,79,0.795791
161,80,0.80814
161,81,0.806404
161,82,0.801262
161,83,0.211352
161,84,0.20024
161,85,0.572322
161,86,0.332129
161,87,0.239284
161,88,0.643764
161,89,0.183708
161,90,0.183672
161,91,0.339407
161,92,0.756511
161,93,0.331769
161,94,0.232394
161,95,0.576862
161,96,0.461158
161,97,0.12037
161,98,0.740349
161,99,0.45982
161,100,0.185701
161,101,0.0768482
161,102,0.332771
161,103,0.182078
161,104,0.0518971
161,105,0.310414
161,106,0.684012
161,107,0.252121
161,108,0.21808
161,109,0.204894
161,110,0.0118997
161,111,0.130976
161,112,0.0876263
161,113,0
161,114,0.316513
161,115,0.205439
161,116,0.501689
161,117,0
161,118,0.440994
161,119,0.150647
161,120,0
161,121,0
161,122,0.525661
161,123,0.468662
161,124,0.0375661
161,125,0
161,126,0.128463
161,127,0
161,128,0
161,129,0
161,130,0.197157
161,131,0.281914
161,132,0.0935891
161,133,0
161,134,0
161,135,0.362208
161,136,0.260276
161,137,0.590979
161,138,0
161,139,0
161,140,0.0989549
161,141,0.203877
161,142,0.221849
161,143,0.53226
161,144,0.506576
161,145,0
161,146,0.121652
161,147,0.403219
161,148,0
161,149,0
161,150,0
161,151,0.0688759
161,152,0.0757151
161,153,0
161,154,0.00404331
161,155,0.583585
161,156,0.266802
161,157,0.610763
161,158,0.663987
161,159,0.690918
161,160,0.0782913
161,161,0
161,162,0.335009
161,163,0.427496
161,164,0.614843
161,165,0.472049
161,166,0.499507
161,167,0.377466
161,168,0.128879
161,169,0.4864
161,170,0.638051
161,171,0.263135
161,172,0.939943
161,173,0.185459
161,174,0.714936
161,175,0.695157
161,176,0
161,177,0
161,178,0.098311
161,179,0.571226
161,180,0.138839
161,181,0.312098
161,182,0.770468
161,183,0.408782
161,184,0.562996
161,185,0
161,186,0.544921
161,187,0.266434
161,188,0.254881
161,189,0.235076
161,190,0
161,191,0
161,192,0.340187
161,193,0.328067
161,194,0.412139
161,195,0
161,196,0.7939
161,197,0
161,198,0.32659
161,199,0
162,0,0.250326
162,1,0
162,2,0
162,3,0.100801
162,4,0
162,5,0
162,6,0
162,7,0
162,8,0
162,9,0.14068
162,10,0.642464
162,11,0.0782441
162,12,0.568555
162,13,0.527592
162,14,0.60947
162,15,0.254942
162,16,0.539847
162,17,0.278889
162,18,0
162,19,0
162,20,0.642191
162,21,0
162,22,0.0299394
162,23,0.105735
162,24,0.23054
162,25,0.571906
162,26,0.19469
162,27,0.156537
162,28,0.618778
162,29,0.659104
162,30,0.21746
162,31,0.151465
162,32,0
162,33,0.536828
162,34,0.631385
162,35,0.0676444
162,36,0
162,37,0
162,38,0.376605
162,39,0
162,40,0.429268
162,41,0.38678
162,42,0.327838
162,43,0.377044
162,44,0.270999
162,45,0.298369
162,46,0.00658329
162,47,0.213234
162,48,0
162,49,0.0344679
162,50,0.499362
162,51,0
162,52,0.173561
162,53,0.00553258
162,54,0.463555
162,55,0.768704
162,56,0.0262334
162,57,0.0371062
162,58,0.287025
162,59,0.83462
162,60,0.0754513
162,61,0.864073
162,62,0.346747
162,63,0.182174
162,64,0.756396
162,65,0.325625
162,66,0.595469
162,67,0.793332
162,68,0.596527
162,69,0.316469
162,70,0.159939
162,71,0.355629
162,72,0.174652
162,73,0.664551
162,74,0.183868
162,75,0.619003
162,76,0.272478
162,77,0.325865
162,78,0.198268
162,79,0.50669
162,80,0.608099
162,81,0.809886
162,82,0.723522
162,83,0.20276
162,84,0.799573
162,85,0.38759
162,86,0.792953
162,87,0.791336
162,88,0.575146
162,89,0.365774
162,90,0.782003
162,91,0.746019
162,92,0.325523
162,93,0.351063
162,94,0.156809
162,95,0.148685
162,96,0.727957
162,97,0.639769
162,98,0.120567
162,99,0.341807
162,100,0.0994646
162,101,0.0883245
162,102,0.691462
162,103,0.0707509
162,104,0.626846
162,105,0.712843
162,106,0.579826
162,107,0.0219042
162,108,0.00969141
162,109,0.638384
162,110,0.338791
162,111,0.576938
162,112,0.436662
162,113,0.0347255
162,114,0.541456
162,115,0.359076
162,116,0.398771
162,117,0.468861
162,118,0.308295
162,119,0
162,120,0
162,121,0.242074
162,122,0
162,123,0.195353
162,124,0
162,125,0
162,126,0.407674
162,127,0.449138
162,128,0.537904
162,129,0.480476
162,130,0
162,131,0
162,132,0
162,133,0
162,134,0
162,135,0.439432
162,136,0
162,137,0
162,138,0.554405
162,139,0
162,140,0.548091
162,141,0.191473
162,142,0
162,143,0.315073
162,144,0.566512
162,145,0
162,146,0.0441049
162,147,0.346931
162,148,0.630121
162,149,0
162,150,0.709341
162,151,0
162,152,0.437185
162,153,0
162,154,0.552992
162,155,0.538278
162,156,0.195655
162,157,0.434508
162,158,0.468117
162,159,0.217251
162,160,0.390979
162,161,0.857777
162,162,0
162,163,0.335931
162,164,0.46699
162,165,0.104466
162,166,0.568413
162,167,0.313871
162,168,0.191274
162,169,0.594857
162,170,0.259719
162,171,0.552381
162,172,0.507982
162,173,0.806113
162,174,0.664117
162,175,0.0592847
162,176,0.595579
162,177,0.745946
162,178,0.400755
162,179,0.226317
162,180,0.648768
162,181,0.410534
162,182,0.196881
162,183,0.767304
162,184,0.0425019
162,185,0.293695
162,186,0.472964
162,187,0.721604
162,188,0.611602
162,189,0.00840841
162,190,0.269112
162,191,0
162,192,0.445159
162,193,0.153709
162,194,0.227421
162,195,0
162,196,0.22885
162,197,0.789589
162,198,0.221377
162,199,0.420094
163,0,0.256605
163,1,0.22651
163,2,0
163,3,0
163,4,0.0462775
163,5,0.495948
163,6,0
163,7,0
163,8,0.369408
163,9,0.356181
163,10,0.117464
163,11,0.134557
163,12,0
163,13,0.428975
163,14,0.0240609
163,15,0.0482616
163,16,0
163,17,0.621499
163,18,0
163,19,0.590531
163,20,0
163,21,0.295189
163,22,0.598143
163,23,0.326476
163,24,0.584645
163,25,0
163,26,0.373449
163,27,0
163,28,0
163,29,0
163,30,0.50359
163,31,0.411163
163,32,0.361469
163,33,0.609616
163,34,0.451724
163,35,0
163,36,0.49425
163,37,0.667339
163,38,0
163,39,0.245394
163,40,0.401478
163,41,0.431862
163,42,0
163,43,0.674616
163,44,0.229394
163,45,0.159124
163,46,0.109044
163,47,0.490818
163,48,0.182681
163,49,0.3972
163,50,0.453537
163,51,0.31767
163,52,0.0774357
163,53,0.439014
163,54,0.039329
163,55,0.0396478
163,56,0.778322
163,57,0.79859
163,58,0.360316
163,59,0.0493416
163,60,0.0636606
163,61,0.237473
163,62,0.831734
163,63,0.640337
163,64,0.216745
163,65,0.645216
163,66,0.794776
163,67,0.128705
163,68,0.676302
163,69,0.143822
163,70,0.675811
163,71,0.422697
163,72,0.838748
163,73,0.779416
163,74,0.41942
163,75,0.426434
163,76,0.263871
163,77,0.82514
163,78,0.195263
163,79,0.729382
163,80,0.486991
163,81,0.813406
163,82,0.305986
163,83,0.794317
163,84,0.567327
163,85,0.562083
163,86,0.20024
163,87,0.531236
163,88,0.53347
163,89,0.541496
163,90,0.716792
163,91,0.574098
163,92,0.780516
163,93,0.6477
163,94,0.303812
163,95,0.180224
163,96,0.357012
163,97,0.151083
163,98,0.295651
163,99,0.120567
163,100,0.260135
163,101,0.0994646
163,102,0.486212
163,103,0.122984
163,104,0.753406
163,105,0.0588389
163,106,0.52643
163,107,0.034354
163,108,0.688714
163,109,0.688401
163,110,0.685499
163,111,0.139067
163,112,0.558111
163,113,0
163,114,0
163,115,0.100596
163,116,0.495812
163,117,0
163,118,0.613865
163,119,0.0183733
163,120,0.445087
163,121,0.335851
163,122,0.606661
163,123,0.35606
163,124,0.015852
163,125,0
163,126,0
163,127,0.443763
163,128,0.188375
163,129,0
163,130,0
163,131,0.57263
163,132,0.106399
163,133,0.257346
163,134,0
163,135,0.0440105
163,136,0.348569
163,137,0
163,138,0.265444
163,139,0.286073
163,140,0.558077
163,141,0.232848
163,142,0
163,143,0.430726
163,144,0.519487
163,145,0
163,146,0
163,147,0.382986
163,148,0.254972
163,149,0
163,150,0
163,151,0.119775
163,152,0.656636
163,153,0
163,154,0
163,155,0.129252
163,156,0.271009
163,157,0
163,158,0.0492945
163,159,0
163,160,0.447278
163,161,0.139744
163,162,0
163,163,0
163,164,0.102587
163,165,0.860342
163,166,0.291715
163,167,0.495235
163,168,0.618788
163,169,0.301484
163,170,0.159614
163,171,0.296429
163,172,0.234038
163,173,0.757788
163,174,0.273658
163,175,0
163,176,0.513505
163,177,0.567498
163,178,0.112434
163,179,0.196126
163,180,0.111464
163,181,0.275133
163,182,0.256712
163,183,0.46975
163,184,0.145584
163,185,0.301674
163,186,0.569248
163,187,0.436226
163,188,0.715908
163,189,0.679842
163,190,0.586457
163,191,0.735385
163,192,0.19353
163,193,0.771973
163,194,0.749516
163,195,0.234309
163,196,0.627702
163,197,0.0353256
163,198,0.723299
163,199,0.24646
164,0,0.2226
164,1,0
164,2,0.28105
164,3,0.318558
164,4,0.389241
164,5,0
164,6,0.346572
164,7,0.0243516
164,8,0.359694
164,9,0.589042
164,10,0.347232
164,11,0.587501
164,12,0
164,13,0
164,14,0.179185
164,15,0.248669
164,16,0.145269
164,17,0
164,18,0
164,19,0
164,20,0
164,21,0.527185
164,22,0
164,23,0
164,24,0.434393
164,25,0
164,26,0.364542
164,27,0.194101
164,28,0
164,29,0.225294
164,30,0.578257
164,31,0.380769
164,32,0.255661
164,33,0.254761
164,34,0.0996422
164,35,0.0418288
164,36,0.319299
164,37,0
164,38,0.454182
164,39,0.0717078
164,40,0
164,41,0.191849
164,42,0.0524048
164,43,0.207106
164,44,0.290365
164,45,0.615814
164,46,0
164,47,0
164,48,0
164,49,0.0672964
164,50,0.235853
164,51,0
164,52,0
164,53,0.483192
164,54,0.375108
164,55,0.00396618
164,56,0.606751
164,57,0.137787
164,58,0.397553
164,59,0.0370858
164,60,0.764048
164,61,0.362823
164,62,0.673605
164,63,0.393397
164,64,0.0904701
164,65,0.148781
164,66,0.809636
164,67,0.699914
164,68,0.374725
164,69,0.637435
164,70,0.143235
164,71,0.559978
164,72,0.188269
164,73,0.549022
164,74,0.171739
164,75,0.826321
164,76,0.505586
164,77,0.270399
164,78,0.825953
164,79,0.706271
164,80,0.619113
164,81,0.489473
164,82,0.811642
164,83,0.80814
164,84,0.212485
164,85,0.561115
164,86,0.799573
164,87,0.200656
164,88,0.794586
164,89,0.449678
164,90,0.191099
164,91,0.785039
164,92,0.783512
164,93,0.780516
164,94,0.286682
164,95,0.164654
164,96,0.156809
164,97,0.161693
164,98,0.766905
164,99,0.509294
164,100,0.762195
164,101,0.110226
164,102,0.0994646
164,103,0.0937158
164,104,0.487881
164,105,0.180449
164,106,0.0588389
164,107,0.0466894
164,108,0.424687
164,109,0.0222029
164,110,0.644432
164,111,0.00814858
164,112,0.237788
164,113,0.56665
164,114,0
164,115,0.422805
164,116,0.0961441
164,117,0
164,118,0.420557
164,119,0
164,120,0.12634
164,121,0.49897
164,122,0
164,123,0.0761856
164,124,0.389534
164,125,0.0804468
164,126,0.148469
164,127,0.54324
164,128,0.31176
164,129,0.00685643
164,130,0.14744
164,131,0.251315
164,132,0.0702022
164,133,0.368762
164,134,0.426883
164,135,0
164,136,0
164,137,0.457822
164,138,0
164,139,0.386905
164,140,0.490371
164,141,0
164,142,0
164,143,0.0265617
164,144,0
164,145,0
164,146,0
164,147,0.144046
164,148,0
164,149,0.586629
164,150,0.502228
164,151,0.423643
164,152,0.505316
164,153,0.694478
164,154,0
164,155,0.343302
164,156,0.231689
164,157,0.551475
164,158,0.357228
164,159,0.0197286
164,160,0.0306396
164,161,0
164,162,0.746899
164,163,0.583011
164,164,0
164,165,0.830813
164,166,0.634653
164,167,0.748181
164,168,0.97827
164,169,0.504732
164,170,0.104794
164,171,0.764185
164,172,0.378002
164,173,0.257225
164,174,0.705314
164,175,0.66453
164,176,0.200568
164,177,0.880267
164,178,0.780719
164,179,0.659247
164,180,0.0742289
164,181,0.656343
164,182,0.434176
164,183,0.754123
164,184,0.393885
164,185,0.340068
164,186,0
164,187,0
164,188,0.735548
164,189,0.582618
164,190,0.398163
164,191,0.856213
164,192,0.701042
164,193,0.444254
164,194,0.648884
164,195,0.310873
164,196,0.273526
164,197,0.278897
164,198,0.0531479
164,199,0.251823
165,0,0.683052
165,1,0
165,2,0
165,3,0
165,4,0.112286
165,5,0.560469
165,6,0
165,7,0.434084
165,8,0.566587
165,9,0.588563
165,10,0.219468
165,11,0
165,12,0.360679
165,13,0
165,14,0
165,15,0
165,16,0.233287
165,17,0
165,18,0
165,19,0.0994231
165,20,0.355478
165,21,0.449819
165,22,0.0766105
165,23,0.179877
165,24,0.0287565
165,25,0
165,26,0.623092
165,27,0.434231
165,28,0.273969
165,29,0
165,30,0
165,31,0.197892
165,32,0.0768777
165,33,0
165,34,0.50743
165,35,0.595985
165,36,0
165,37,0.597287
165,38,0.428422
165,39,0
165,40,0.58531
165,41,0.0488224
165,42,0.0727991
165,43,0.357655
165,44,0.207871
165,45,0.100667
165,46,0.642764
165,47,0
165,48,0.168997
165,49,0
165,50,0.369747
165,51,0
165,52,0
165,53,0
165,54,0.521793
165,55,0.267075
165,56,0.118818
165,57,0.554722
165,58,0.101409
165,59,0.799545
165,60,0.781681
165,61,0.32476
165,62,0.398506
165,63,0.245411
165,64,0.69431
165,65,0.294705
165,66,0.229412
165,67,0.108315
165,68,0.284306
165,69,0.125
165,70,0.324373
165,71,0.243363
165,72,0.4679
165,73,0.768691
165,74,0.842351
165,75,0.171739
165,76,0.225118
165,77,0.833225
165,78,0.223878
165,79,0.709169
165,80,0.202022
165,81,0.82054
165,82,0.815179
165,83,0.302328
165,84,0.202849
165,85,0.697048
165,86,0.793773
165,87,0.333825
165,88,0.458
165,89,0.199432
165,90,0.305416
165,91,0.393074
165,92,0.549068
165,93,0.783512
165,94,0.756655
165,95,0.345775
165,96,0.219017
165,97,0.156809
165,98,0.439467
165,99,0.554536
165,100,0.15257
165,101,0.762195
165,102,0.760017
165,103,0.635695
165,104,0.572672
165,105,0.755128
165,106,0.663567
165,107,0.751824
165,108,0.679835
165,109,0.034639
165,110,0.460679
165,111,0.00969141
165,112,0.710301
165,113,0.355809
165,114,0.113979
165,115,0.677444
165,116,0.0187526
165,117,0
165,118,0
165,119,0.453582
165,120,0
165,121,0.277526
165,122,0
165,123,0.498486
165,124,0.121718
165,125,0
165,126,0
165,127,0.387098
165,128,0
165,129,0.384545
165,130,0.0223152
165,131,0
165,132,0.289499
165,133,0
165,134,0
165,135,0.0123701
165,136,0
165,137,0
165,138,0
165,139,0
165,140,0
165,141,0
165,142,0
165,143,0
165,144,0.348748
165,145,0.344639
165,146,0
165,147,0
165,148,0.576187
165,149,0.0394871
165,150,0.537346
165,151,0
165,152,0.692953
165,153,0
165,154,0
165,155,0.285725
165,156,0
165,157,0.180306
165,158,0.136832
165,159,0.0831181
165,160,0.0328774
165,161,0.631245
165,162,0.548586
165,163,0.806486
165,164,0.0800521
165,165,0
165,166,0.789956
165,167,0.279727
165,168,0.429609
165,169,0.815539
165,170,0.682979
165,171,0.637597
165,172,0.905124
165,173,0.766341
165,174,0.826964
165,175,0.867022
165,176,0.375055
165,177,0.521413
165,178,0
165,179,0.409379
165,180,0.416731
165,181,0.244477
165,182,0.235719
165,183,0.608315
165,184,0.219282
165,185,0.265498
165,186,0.667885
165,187,0.706089
165,188,0.318847
165,189,0.0119818
165,190,0
165,191,0.524218
165,192,0.154049
165,193,0.705175
165,194,0.139214
165,195,0.00630712
165,196,0.805775
165,197,0
165,198,0.281393
165,199,0.23575
166,0,0.65543
166,1,0
166,2,0
166,3,0.377473
166,4,0.460422
166,5,0.530692
166,6,0.359167
166,7,0
166,8,0.177061
166,9,0.387823
166,10,0.491267
166,11,0
166,12,0
166,13,0
166,14,0.439774
166,15,0.0902067
166,16,0.231977
166,17,0.232017
166,18,0
166,19,0
166,20,0.37145
166,21,0.0374563
166,22,0.326366
166,23,0
166,24,0
166,25,0.594124
166,26,0
166,27,0
166,28,0
166,29,0.205495
166,30,0.187322
166,31,0.545376
166,32,0.316324
166,33,0.19441
166,34,0.341482
166,35,0.19243
166,36,0.142591
166,37,0.120418
166,38,0.556445
166,39,0
166,40,0
166,41,0.458086
166,42,0
166,43,0.0859914
166,44,0
166,45,0
166,46,0.593093
166,47,0.375257
166,48,0.363858
166,49,0
166,50,0.461355
166,51,0.144865
166,52,0.393876
166,53,0.207595
166,54,0.22137
166,55,0.683151
166,56,0.220332
166,57,0.42884
166,58,0.0055326
166,59,0.30029
166,60,0.0591209
166,61,0.507609
166,62,0.258451
166,63,0.774294
166,64,0.110312
166,65,0.0725274
166,66,0.36717
166,67,0.658391
166,68,0.526259
166,69,0.32376
166,70,0.785741
166,71,0.830127
166,72,0.169235
166,73,0.149594
166,74,0.283116
166,75,0.245739
166,76,0.168822
166,77,0.219078
166,78,0.833225
166,79,0.789045
166,80,0.47138
166,81,0.712166
166,82,0.242153
166,83,0.199747
166,84,0.20062
166,85,0.728352
166,86,0.202471
166,87,0.647489
166,88,0.379422
166,89,0.200671
166,90,0.197445
166,91,0.607343
166,92,0.789735
166,93,0.537155
166,94,0.513997
166,95,0.177451
166,96,0.643341
166,97,0.163888
166,98,0.772054
166,99,0.232816
166,100,0.350961
166,101,0.633872
166,102,0.120062
166,103,0.544532
166,104,0.677041
166,105,0.387996
166,106,0.755128
166,107,0.753406
166,108,0.591697
166,109,0.711583
166,110,0.525221
166,111,0.0321759
166,112,0.391782
166,113,0.737431
166,114,0.140353
166,115,0.55448
166,116,0.43009
166,117,0.181001
166,118,0.170113
166,119,0
166,120,0.336965
166,121,0.288264
166,122,0.37799
166,123,0.175619
166,124,0
166,125,0
166,126,0.270486
166,127,0.507077
166,128,0
166,129,0.130596
166,130,0
166,131,0.354864
166,132,0
166,133,0.0123711
166,134,0.0197307
166,135,0
166,136,0.550101
166,137,0
166,138,0
166,139,0.340697
166,140,0
166,141,0.373393
166,142,0
166,143,0.557374
166,144,0.387666
166,145,0.0617012
166,146,0.421189
166,147,0.140867
166,148,0.57719
166,149,0
166,150,0.287693
166,151,0.296403
166,152,0.624305
166,153,0.073863
166,154,0
166,155,0
166,156,0.41708
166,157,0.608423
166,158,0
166,159,0.785644
166,160,0.201597
166,161,0.120328
166,162,0.630561
166,163,0.544406
166,164,0.616461
166,165,0.13203
166,166,0
166,167,0.695797
166,168,0.627986
166,169,0.54578
166,170,0.730312
166,171,0.380083
166,172,0.841451
166,173,0.493197
166,174,0.282981
166,175,0.677443
166,176,0.150004
166,177,0.704576
166,178,0.449455
166,179,0.631454
166,180,0.61318
166,181,0.7075
166,182,0.222005
166,183,0.197423
166,184,0.597024
166,185,0.541596
166,186,0.317931
166,187,0.696874
166,188,0.160179
166,189,0.108215
166,190,0.703746
166,191,0.105062
166,192,0.437977
166,193,0
166,194,0.821149
166,195,0.0464989
166,196,0.584671
166,197,0
166,198,0.738341
166,199,0.211907
167,0,0.436151
167,1,0.172098
167,2,0.298005
167,3,0.0701379
167,4,0
167,5,0
167,6,0
167,7,0
167,8,0.515991
167,9,0.434085
167,10,0
167,11,0.243024
167,12,0.254993
167,13,0.0320107
167,14,0.559147
167,15,0
167,16,0
167,17,0
167,18,0
167,19,0
167,20,0.232108
167,21,0
167,22,0.207789
167,23,0
167,24,0
167,25,0.154756
167,26,0
167,27,0.399158
167,28,0.261404
167,29,0
167,30,0
167,31,0
167,32,0.449311
167,33,0.466628
167,34,0.408727
167,35,0.549489
167,36,0.582319
167,37,0
167,38,0
167,39,0.519876
167,40,0.548938
167,41,0.0278035
167,42,0.184972
167,43,0.233584
167,44,0.470201
167,45,0.158375
167,46,0.631923
167,47,0.617862
167,48,0.598453
167,49,0
167,50,0.0167028
167,51,0.249874
167,52,0
167,53,0.654049
167,54,0.478213
167,55,0.0155665
167,56,0.237749
167,57,0
167,58,1.60068e-05
167,59,0.0039662
167,60,0.151025
167,61,0.0223234
167,62,0.263932
167,63,0.0416887
167,64,0.0538835
167,65,0.0855273
167,66,0.0725274
167,67,0.0848436
167,68,0.200167
167,69,0.296638
167,70,0.820399
167,71,0.148952
167,72,0.725551
167,73,0.404294
167,74,0.76383
167,75,0.585868
167,76,0.842351
167,77,0.753541
167,78,0.544169
167,79,0.833278
167,80,0.829583
167,81,0.827766
167,82,0.464458
167,83,0.197279
167,84,0.816959
167,85,0.223666
167,86,0.416519
167,87,0.314095
167,88,0.338503
167,89,0.472499
167,90,0.446499
167,91,0.674892
167,92,0.651047
167,93,0.789735
167,94,0.786587
167,95,0.675272
167,96,0.177315
167,97,0.777604
167,98,0.65819
167,99,0.352254
167,100,0.277731
167,101,0.533255
167,102,0.544768
167,103,0.12486
167,104,0.114754
167,105,0.32787
167,106,0.629294
167,107,0.0819539
167,108,0.0730409
167,109,0.158086
167,110,0.750387
167,111,0.0342705
167,112,0.0218519
167,113,0.214367
167,114,0.0951189
167,115,0
167,116,0.401908
167,117,0.482439
167,118,0.086139
167,119,0
167,120,0
167,121,0.509611
167,122,0.366106
167,123,0.565114
167,124,0.373557
167,125,0.202775
167,126,0.254699
167,127,0.474128
167,128,0.151212
167,129,0
167,130,0
167,131,0.496546
167,132,0.569381
167,133,0.52096
167,134,0
167,135,0
167,136,0
167,137,0.418996
167,138,0
167,139,0.238263
167,140,0
167,141,0
167,142,0.457306
167,143,0.0361739
167,144,0.195449
167,145,0
167,146,0.135739
167,147,0
167,148,0.625021
167,149,0.556365
167,150,0
167,151,0
167,152,0.448225
167,153,0.679523
167,154,0
167,155,0.23994
167,156,0.358052
167,157,0.596332
167,158,0.161826
167,159,0
167,160,0.00736841
167,161,0.505089
167,162,0
167,163,0.0565541
167,164,0.508882
167,165,0.0536171
167,166,0.189179
167,167,0
167,168,0.972088
167,169,0.934036
167,170,0.360479
167,171,0.629075
167,172,0.112737
167,173,0.47759
167,174,0.374641
167,175,0.435984
167,176,0
167,177,0.58023
167,178,0
167,179,0.209172
167,180,0.561578
167,181,0.821786
167,182,0.491161
167,183,0.797014
167,184,0.551556
167,185,0.480068
167,186,0
167,187,0.0281193
167,188,0.0586953
167,189,0.74645
167,190,0.371805
167,191,0.186077
167,192,0
167,193,0.00505869
167,194,0.222936
167,195,0.0448894
167,196,0.571774
167,197,0.311304
167,198,0.25225
167,199,0.54619
168,0,0.181391
168,1,0.308783
168,2,0
168,3,0.0655059
168,4,0
168,5,0.356962
168,6,0
168,7,0
168,8,0.0578727
168,9,0
168,10,0.197017
168,11,0
168,12,0
168,13,0
168,14,0
168,15,0.27836
168,16,0.402821
168,17,0
168,18,0.431939
168,19,0.588797
168,20,0
168,21,0
168,22,0
168,23,0
168,24,0.0631764
168,25,0.24201
168,26,0
168,27,0
168,28,0
168,29,0.173869
168,30,0.444703
168,31,0.07238
168,32,0
168,33,0
168,34,0.572536
168,35,0.156477
168,36,0.539784
168,37,0
168,38,0.447767
168,39,0.0276288
168,40,0
168,41,0.0729635
168,42,0.191366
168,43,0
168,44,0.292594
168,45,0.263125
168,46,0.477368
168,47,0.154506
168,48,0.43131
168,49,0.348436
168,50,0.167309
168,51,0.449863
168,52,0
168,53,0.49946
168,54,0.509939
168,55,0.208498
168,56,0.180012
168,57,0.73778
168,58,0.405121
168,59,0.309629
168,60,0.357984
168,61,0.283874
168,62,0.0215593
168,63,0.707679
168,64,0.464339
168,65,0.814094
168,66,0.288796
168,67,0.433421
168,68,0.866191
168,69,0.161415
168,70,0.864061
168,71,0.111527
168,72,0.648578
168,73,0.484967
168,74,0.158374
168,75,0.344568
168,76,0.15371
168,77,0.159716
168,78,0.840525
168,79,0.836923
168,80,0.701675
168,81,0.357853
168,82,0.727027
168,83,0.7269
168,84,0.195695
168,85,0.533953
168,86,0.208482
168,87,0.61134
168,88,0.527877
168,89,0.806404
168,90,0.201492
168,91,0.199852
168,92,0.322673
168,93,0.195849
168,94,0.789735
168,95,0.786587
168,96,0.18302
168,97,0.370076
168,98,0.473455
168,99,0.164039
168,100,0.611887
168,101,0.422692
168,102,0.139286
168,103,0.306706
168,104,0.12486
168,105,0.284013
168,106,0.665982
168,107,0.0969327
168,108,0.29156
168,109,0.512061
168,110,0.0586965
168,111,0.0465758
168,112,0.0342705
168,113,0.721175
168,114,0.664489
168,115,0.00277156
168,116,0.219624
168,117,0
168,118,0.55637
168,119,0
168,120,0.660879
168,121,0.670968
168,122,0
168,123,0
168,124,0
168,125,0
168,126,0
168,127,0
168,128,0.125546
168,129,0.408739
168,130,0
168,131,0
168,132,0
168,133,0.15432
168,134,0.189385
168,135,0
168,136,0.557322
168,137,0
168,138,0.195291
168,139,0.0146224
168,140,0
168,141,0.413243
168,142,0.201625
168,143,0
168,144,0.377798
168,145,0.132239
168,146,0.0195216
168,147,0
168,148,0.279214
168,149,0
168,150,0
168,151,0.293804
168,152,0
168,153,0.0982047
168,154,0.654365
168,155,0.133662
168,156,0.248177
168,157,0
168,158,0.464954
168,159,0
168,160,0
168,161,0
168,162,0.0757946
168,163,0.216336
168,164,0.532006
168,165,0.748013
168,166,0.646299
168,167,0.568962
168,168,0
168,169,0.217756
168,170,0.305436
168,171,0.103527
168,172,0.31162
168,173,0.121467
168,174,0.523946
168,175,0.368125
168,176,0.786338
168,177,0.0360366
168,178,0.760412
168,179,0.0390907
168,180,0.671577
168,181,0
168,182,0.308485
168,183,0.283423
168,184,0.231553
168,185,0.685831
168,186,0.200604
168,187,0.619618
168,188,0.173035
168,189,0.405666
168,190,0.286074
168,191,0.176375
168,192,0.41701
168,193,0.332946
168,194,0.380334
168,195,0.740318
168,196,0
168,197,0.183768
168,198,0.423792
168,199,0.537622
169,0,0.353821
169,1,0.419562
169,2,0.256278
169,3,0.416659
169,4,0.551205
169,5,0
169,6,0
169,7,0.454762
169,8,0.0449787
169,9,0
169,10,0
169,11,0
169,12,0
169,13,0.0353266
169,14,0.231704
169,15,0.244954
169,16,0
169,17,0.554131
169,18,0
169,19,0.143595
169,20,0.0841435
169,21,0.399456
169,22,0.438804
169,23,0
169,24,0
169,25,0
169,26,0.490523
169,27,0
169,28,0.264824
169,29,0.0481845
169,30,0
169,31,0
169,32,0
169,33,0.301729
169,34,0
169,35,0
169,36,0
169,37,0.00349878
169,38,0
169,39,0.114239
169,40,0.217975
169,41,0
169,42,0.382704
169,43,0.55652
169,44,0.311131
169,45,0.0457381
169,46,0.243493
169,47,0.620666
169,48,0.0561486
169,49,0
169,50,0.196721
169,51,0.576988
169,52,0.524306
169,53,0.0822018
169,54,0.653261
169,55,0
169,56,0.473732
169,57,0.593006
169,58,0.205956
169,59,0.186977
169,60,0.0971147
169,61,0.257287
169,62,0.437948
169,63,0.448836
169,64,0.0293314
169,65,0.536572
169,66,0.794008
169,67,0.0724526
169,68,0.0739859
169,69,0.0805275
169,70,0.618774
169,71,0.623475
169,72,0.301983
169,73,0.426015
169,74,0.588155
169,75,0.138588
169,76,0.849641
169,77,0.217796
169,78,0.159716
169,79,0.312559
169,80,0.258585
169,81,0.567597
169,82,0.245444
169,83,0.190087
169,84,0.824144
169,85,0.211445
169,86,0.229742
169,87,0.730305
169,88,0.201769
169,89,0.687602
169,90,0.20236
169,91,0.393569
169,92,0.200671
169,93,0.784754
169,94,0.195849
169,95,0.315923
169,96,0.473345
169,97,0.783512
169,98,0.508802
169,99,0.559926
169,100,0.164039
169,101,0.208951
169,102,0.252449
169,103,0.435892
169,104,0.684255
169,105,0.763329
169,106,0.490068
169,107,0.581815
169,108,0.107018
169,109,0.509299
169,110,0.0705788
169,111,0.349972
169,112,0.0581863
169,113,0.111389
169,114,0.430888
169,115,0.0153056
169,116,0.288986
169,117,0.631202
169,118,0.698404
169,119,0.330896
169,120,0.285149
169,121,0
169,122,0
169,123,0.412109
169,124,0.588303
169,125,0
169,126,0
169,127,0.0683448
169,128,0
169,129,0.254206
169,130,0
169,131,0
169,132,0.517763
169,133,0
169,134,0.303756
169,135,0.291496
169,136,0
169,137,0
169,138,0.00748158
169,139,0.220329
169,140,0
169,141,0.0765612
169,142,0
169,143,0
169,144,0.414464
169,145,0.449167
169,146,0.125932
169,147,0
169,148,0.368356
169,149,0.128167
169,150,0.625021
169,151,0
169,152,0.304457
169,153,0.654691
169,154,0
169,155,0.286447
169,156,0
169,157,0
169,158,0
169,159,0
169,160,0.621076
169,161,0
169,162,0.164752
169,163,0.608561
169,164,0.343905
169,165,0
169,166,0.380452
169,167,0.788912
169,168,0.34076
169,169,0
169,170,0.870576
169,171,0.472926
169,172,0.3637
169,173,0.357206
169,174,0.54345
169,175,0.526492
169,176,0.066218
169,177,0.380923
169,178,0.0346669
169,179,0.418925
169,180,0.116622
169,181,0.519161
169,182,0.392965
169,183,0.440592
169,184,0.135365
169,185,0.381869
169,186,0.506648
169,187,0.693274
169,188,0.444871
169,189,0.672233
169,190,0.696249
169,191,0.56404
169,192,0.482615
169,193,0.755455
169,194,0.877782
169,195,0.21934
169,196,0.200047
169,197,0
169,198,0.657649
169,199,0.0324177
170,0,0.231041
170,1,0.215424
170,2,0.191495
170,3,0.327092
170,4,0
170,5,0
170,6,0
170,7,0
170,8,0.343693
170,9,0.121924
170,10,0.304778
170,11,0
170,12,0
170,13,0
170,14,0.132186
170,15,0.00962295
170,16,0.313956
170,17,0
170,18,0
170,19,0
170,20,0.556884
170,21,0
170,22,0.568298
170,23,0.160503
170,24,0.531949
170,25,0.570673
170,26,0.507338
170,27,0
170,28,0
170,29,0.298555
170,30,0.0270864
170,31,0.0147298
170,32,0
170,33,0
170,34,0
170,35,0
170,36,0
170,37,0.204177
170,38,0.204558
170,39,0
170,40,0
170,41,0
170,42,0
170,43,0
170,44,0.197461
170,45,0.332598
170,46,0.43226
170,47,0
170,48,0.555845
170,49,0
170,50,0.308775
170,51,0.556989
170,52,0
170,53,0.331124
170,54,0.178811
170,55,0
170,56,0.357206
170,57,0.143404
170,58,0.107449
170,59,0.424311
170,60,0
170,61,0.588046
170,62,0.00238335
170,63,0.319962
170,64,0.702726
170,65,0.128107
170,66,0.764986
170,67,0.107203
170,68,0.784178
170,69,0.416246
170,70,0.29269
170,71,0.0897707
170,72,0.806954
170,73,0.490616
170,74,0.381336
170,75,0.432406
170,76,0.245469
170,77,0.213079
170,78,0.79944
170,79,0.189804
170,80,0.302537
170,81,0.474107
170,82,0.179984
170,83,0.460801
170,84,0.187771
170,85,0.624734
170,86,0.562169
170,87,0.801441
170,88,0.200312
170,89,0.813406
170,90,0.480913
170,91,0.20236
170,92,0.749143
170,93,0.582438
170,94,0.71638
170,95,0.632191
170,96,0.789735
170,97,0.634914
170,98,0.783512
170,99,0.780516
170,100,0.171073
170,101,0.263754
170,102,0.772054
170,103,0.152155
170,104,0.768152
170,105,0.286085
170,106,0.507003
170,107,0.114754
170,108,0.517308
170,109,0.314867
170,110,0.277821
170,111,0.753406
170,112,0.751824
170,113,0.379644
170,114,0.245234
170,115,0.027781
170,116,0.0153056
170,117,0.00277156
170,118,0.663365
170,119,0
170,120,0.68236
170,121,0.110297
170,122,0.163609
170,123,0.402865
170,124,0
170,125,0
170,126,0.0258496
170,127,0.546013
170,128,0.501042
170,129,0
170,130,0.349276
170,131,0
170,132,0.217081
170,133,0.25644
170,134,0
170,135,0.108334
170,136,0
170,137,0.405164
170,138,0.314809
170,139,0.283478
170,140,0
170,141,0
170,142,0.276729
170,143,0
170,144,0.347684
170,145,0
170,146,0
170,147,0.578682
170,148,0
170,149,0
170,150,0
170,151,0
170,152,0.385994
170,153,0.396337
170,154,0.582615
170,155,0.434746
170,156,0.650985
170,157,0.0101947
170,158,0.396973
170,159,0.579634
170,160,0.352164
170,161,0.186173
170,162,0.720268
170,163,0.0322568
170,164,0
170,165,0
170,166,0.617947
170,167,0.0247303
170,168,0.860805
170,169,0.414838
170,170,0
170,171,0.790641
170,172,0.200467
170,173,0.608293
170,174,0.376218
170,175,0.353223
170,176,0.257237
170,177,0.526356
170,178,0.729644
170,179,0.22013
170,180,0.709377
170,181,0.0340623
170,182,0.455475
170,183,0.865194
170,184,0.745604
170,185,0.161157
170,186,0.742474
170,187,0.468107
170,188,0.0860063
170,189,0.00947445
170,190,0.104106
170,191,0
170,192,0.570322
170,193,0.479586
170,194,0.775873
170,195,0.751569
170,196,0.5138
170,197,0.863675
170,198,0.448794
170,199,0.602672
171,0,0.758563
171,1,0
171,2,0.0769097
171,3,0
171,4,0.18596
171,5,0
171,6,0.140052
171,7,0
171,8,0.206437
171,9,0
171,10,0
171,11,0.0294041
171,12,0.137258
171,13,0.466383
171,14,0.0118213
171,15,0.00250275
171,16,0
171,17,0
171,18,0
171,19,0
171,20,0.00921961
171,21,0
171,22,0
171,23,0
171,24,0.430332
171,25,0
171,26,0
171,27,0.0732558
171,28,0
171,29,0.161083
171,30,0
171,31,0
171,32,0.19003
171,33,0.336373
171,34,0
171,35,0
171,36,0.351103
171,37,0.507828
171,38,0
171,39,0.00820899
171,40,0
171,41,0.181296
171,42,0.488855
171,43,0.540208
171,44,0.0899242
171,45,0
171,46,0
171,47,0.316724
171,48,0.290313
171,49,0.0532051
171,50,0
171,51,0
171,52,0.334285
171,53,0.153664
171,54,0
171,55,0.222418
171,56,0.483529
171,57,0
171,58,0
171,59,0
171,60,0.59591
171,61,0.0249254
171,62,0.0647154
171,63,0.237643
171,64,0.00711309
171,65,0.432268
171,66,0.520408
171,67,0.631941
171,68,0.401732
171,69,0.809734
171,70,0.093162
171,71,0.792699
171,72,0.440235
171,73,0.100843
171,74,0.765303
171,75,0.119268
171,76,0.409213
171,77,0.175157
171,78,0.683244
171,79,0.150665
171,80,0.617935
171,81,0.789151
171,82,0.237323
171,83,0.312227
171,84,0.296488
171,85,0.499403
171,86,0.824144
171,87,0.195101
171,88,0.767914
171,89,0.816959
171,90,0.201769
171,91,0.616683
171,92,0.202417
171,93,0.473138
171,94,0.200671
171,95,0.198744
171,96,0.195849
171,97,0.75697
171,98,0.786587
171,99,0.627623
171,100,0.691178
171,101,0.171073
171,102,0.5174
171,103,0.215823
171,104,0.269007
171,105,0.346821
171,106,0.233247
171,107,0.715575
171,108,0.550678
171,109,0.10442
171,110,0.756986
171,111,0.16802
171,112,0.718874
171,113,0.0644165
171,114,0.458522
171,115,0.0401627
171,116,0.525741
171,117,0.288949
171,118,0.0601724
171,119,0.258116
171,120,0.148235
171,121,0.208813
171,122,0
171,123,0.275731
171,124,0.653313
171,125,0
171,126,0.438329
171,127,0
171,128,0
171,129,0.400761
171,130,0.373095
171,131,0.348176
171,132,0.596871
171,133,0
171,134,0
171,135,0
171,136,0.355556
171,137,0
171,138,0
171,139,0.0243673
171,140,0.0059919
171,141,0
171,142,0.357889
171,143,0
171,144,0
171,145,0.0318861
171,146,0.130462
171,147,0
171,148,0.576443
171,149,0.462524
171,150,0.284427
171,151,0.0318099
171,152,0
171,153,0.46339
171,154,0.643326
171,155,0.0141014
171,156,0
171,157,0.488747
171,158,0.153441
171,159,0
171,160,0.310221
171,161,0
171,162,0.567754
171,163,0.362353
171,164,0.352494
171,165,0.651939
171,166,0.763051
171,167,0.18446
171,168,0.0695223
171,169,0
171,170,0.690654
171,171,0
171,172,0.54927
171,173,0.172851
171,174,0.382463
171,175,0.771256
171,176,0.450883
171,177,0.816756
171,178,0.299879
171,179,0.58038
171,180,0.779577
171,181,0.13977
171,182,0.23215
171,183,0.168062
171,184,0.472615
171,185,0.0186856
171,186,0.139006
171,187,0.789961
171,188,0.0353307
171,189,0
171,190,0.200208
171,191,0.0540118
171,192,0.439309
171,193,0.365974
171,194,0.811072
171,195,0
171,196,0.861174
171,197,0.582479
171,198,0.834834
171,199,0.131196
172,0,0.698442
172,1,0
172,2,0.524944
172,3,0
172,4,0
172,5,0.0171056
172,6,0
172,7,0.300596
172,8,0
172,9,0.259933
172,10,0
172,11,0
172,12,0.512988
172,13,0.343928
172,14,0.129045
172,15,0.105159
172,16,0.484905
172,17,0.38966
172,18,0.0192603
172,19,0
172,20,0.414893
172,21,0.342665
172,22,0
172,23,0
172,24,0
172,25,0
172,26,0.0728471
172,27,0
172,28,0.472366
172,29,0.04075
172,30,0.0908691
172,31,0.324464
172,32,0.0538229
172,33,0.0689308
172,34,0
172,35,0.24147
172,36,0.540802
172,37,0.0339851
172,38,0
172,39,0
172,40,0
172,41,0.443425
172,42,0.243422
172,43,0
172,44,0.232938
172,45,0
172,46,0.280876
172,47,0.196995
172,48,0
172,49,0
172,50,0.293615
172,51,0.550779
172,52,0.568243
172,53,0.576518
172,54,0
172,55,0
172,56,0
172,57,0.537482
172,58,0.155151
172,59,0
172,60,0.0546459
172,61,0.712228
172,62,0.529722
172,63,0.564726
172,64,0.245676
172,65,0.725051
172,66,0.266405
172,67,0.250488
172,68,0.225583
172,69,0.718854
172,70,0.65385
172,71,0.421026
172,72,0.617036
172,73,0.350164
172,74,0.577378
172,75,0.294931
172,76,0.611011
172,77,0.277067
172,78,0.853272
172,79,0.701339
172,80,0.437875
172,81,0.577344
172,82,0.645273
172,83,0.374314
172,84,0.515844
172,85,0.185475
172,86,0.570537
172,87,0.638193
172,88,0.82054
172,89,0.19899
172,90,0.657153
172,91,0.203109
172,92,0.80814
172,93,0.420309
172,94,0.801262
172,95,0.432505
172,96,0.339347
172,97,0.394591
172,98,0.788152
172,99,0.709417
172,100,0.246513
172,101,0.616784
172,102,0.235735
172,103,0.164503
172,104,0.156809
172,105,0.769427
172,106,0.30571
172,107,0.703809
172,108,0.196473
172,109,0.225778
172,110,0.419978
172,111,0.638691
172,112,0.75425
172,113,0.0707509
172,114,0.0530569
172,115,0.304012
172,116,0.034354
172,117,0.54157
172,118,0.00937836
172,119,0
172,120,0.525899
172,121,0.53053
172,122,0
172,123,0.473408
172,124,0
172,125,0
172,126,0
172,127,0.248344
172,128,0.277365
172,129,0
172,130,0
172,131,0.538489
172,132,0.370053
172,133,0.234296
172,134,0.538097
172,135,0.473799
172,136,0.187974
172,137,0
172,138,0.274098
172,139,0.494401
172,140,0.277348
172,141,0
172,142,0.289771
172,143,0.253164
172,144,0.0781217
172,145,0.490795
172,146,0
172,147,0.33784
172,148,0.279115
172,149,0
172,150,0.457811
172,151,0.103417
172,152,0
172,153,0
172,154,0
172,155,0.0704047
172,156,0.0173299
172,157,0.192552
172,158,0.687425
172,159,0.701148
172,160,0.335866
172,161,0.104165
172,162,0.678165
172,163,0.1568
172,164,0.767952
172,165,0.682767
172,166,0.100903
172,167,0.459893
172,168,0.0877549
172,169,0.853165
172,170,0.438876
172,171,0.847623
172,172,0
172,173,0.167916
172,174,0.0800595
172,175,0.4292
172,176,0.557615
172,177,0.00118092
172,178,0.605806
172,179,0.292906
172,180,0.648625
172,181,0.00118092
172,182,0.12442
172,183,0.115632
172,184,0.072416
172,185,0.210575
172,186,0.356368
172,187,0.455064
172,188,0.52754
172,189,0.832727
172,190,0.438189
172,191,0.481883
172,192,0.407103
172,193,0.762452
172,194,0.361114
172,195,0.74537
172,196,0.715185
172,197,0.175977
172,198,0
172,199,0.273614
173,0,0.328723
173,1,0
173,2,0.415177
173,3,0
173,4,0
173,5,0
173,6,0.409546
173,7,0.381003
173,8,0
173,9,0.127314
173,10,0
173,11,0.443127
173,12,0.169449
173,13,0.0156064
173,14,0
173,15,0.354918
173,16,0.342066
173,17,0.140548
173,18,0
173,19,0
173,20,0.0902558
173,21,0.482238
173,22,0
173,23,0
173,24,0.36551
173,25,0.0616418
173,26,0.47706
173,27,0.203303
173,28,0.366528
173,29,0
173,30,0
173,31,0
173,32,0
173,33,0.475777
173,34,0.170052
173,35,0
173,36,0.534447
173,37,0.0401954
173,38,0
173,39,0
173,40,0
173,41,0
173,42,0
173,43,0.257411
173,44,0.288317
173,45,0
173,46,0.0749578
173,47,0.113203
173,48,0.320968
173,49,0.470907
173,50,0.558103
173,51,0
173,52,0.420348
173,53,0.610449
173,54,0
173,55,0.253482
173,56,0.144031
173,57,0
173,58,0
173,59,0
173,60,0
173,61,0.00183033
173,62,0.296731
173,63,0
173,64,1.60068e-05
173,65,1.60068e-05
173,66,0.202482
173,67,0.0200166
173,68,0.448154
173,69,0.250608
173,70,0.103049
173,71,0.531274
173,72,0.536478
173,73,0.14802
173,74,0.23774
173,75,0.279751
173,76,0.303492
173,77,0.743138
173,78,0.809518
173,79,0.138725
173,80,0.624462
173,81,0.768494
173,82,0.323257
173,83,0.42756
173,84,0.755695
173,85,0.647842
173,86,0.186412
173,87,0.240871
173,88,0.824144
173,89,0.260703
173,90,0.524248
173,91,0.202067
173,92,0.528934
173,93,0.203256
173,94,0.352255
173,95,0.701529
173,96,0.214732
173,97,0.75036
173,98,0.791336
173,99,0.788152
173,100,0.186436
173,101,0.181061
173,102,0.475079
173,103,0.777604
173,104,0.316129
173,105,0.772054
173,106,0.148516
173,107,0.675936
173,108,0.587316
173,109,0.120567
173,110,0.746496
173,111,0.225502
173,112,0.75604
173,113,0.0823908
173,114,0.641347
173,115,0.508973
173,116,0.699614
173,117,0.64801
173,118,0.720069
173,119,0.555738
173,120,0
173,121,0.208519
173,122,0.642888
173,123,0.369807
173,124,0.246353
173,125,0
173,126,0.0490389
173,127,0.444201
173,128,0
173,129,0
173,130,0.264297
173,131,0
173,132,0
173,133,0
173,134,0
173,135,0.318359
173,136,0
173,137,0
173,138,0.0768482
173,139,0.300348
173,140,0
173,141,0
173,142,0
173,143,0
173,144,0.187189
173,145,0.497379
173,146,0
173,147,0.101762
173,148,0.375693
173,149,0.580946
173,150,0
173,151,0.533331
173,152,0.0878671
173,153,0
173,154,0.23375
173,155,0
173,156,0.20279
173,157,0.650476
173,158,0.506081
173,159,0.302001
173,160,0
173,161,0.184907
173,162,0.584339
173,163,0.327856
173,164,0.399649
173,165,0.72562
173,166,0.110277
173,167,0.486206
173,168,0.0916786
173,169,0.668197
173,170,0.270247
173,171,0.56299
173,172,0.0906274
173,173,0
173,174,0.308002
173,175,0.817348
173,176,0.614872
173,177,0.219546
173,178,0.840944
173,179,0.121106
173,180,0.00118092
173,181,0.813457
173,182,0.426218
173,183,0.00118092
173,184,0.258625
173,185,0.64913
173,186,0.466487
173,187,0.263044
173,188,0.166554
173,189,0.416598
173,190,0.0529324
173,191,0.735747
173,192,0.599407
173,193,0.47635
173,194,0.540184
173,195,0.128329
173,196,0.0511813
173,197,0.418472
173,198,0.373146
173,199,0.65724
174,0,0.616896
174,1,0.0177551
174,2,0.0187498
174,3,0.0177551
174,4,0.0187498
174,5,0.105423
174,6,0.0177551
174,7,0.0208543
174,8,0.438307
174,9,0.0231123
174,10,0.0231123
174,11,0.539588
174,12,0.0231123
174,13,0.434635
174,14,0.550966
174,15,0.0888397
174,16,0.200555
174,17,0.133528
174,18,0.469873
174,19,0.485857
174,20,0.0242987
174,21,0.0255231
174,22,0.334401
174,23,0.380877
174,24,0.237645
174,25,0.0255231
174,26,0.0255231
174,27,0.412349
174,28,0.540172
174,29,0.129466
174,30,0.196384
174,31,0.278731
174,32,0.383421
174,33,0.304859
174,34,0.0294235
174,35,0.0307985
174,36,0.0294235
174,37,0.0294235
174,38,0.0307985
174,39,0.0336597
174,40,0.0895116
174,41,0.147213
174,42,0.0366667
174,43,0.231851
174,44,0.0366667
174,45,0.608437
174,46,0.0414448
174,47,0.633493
174,48,0.176273
174,49,0.64317
174,50,0.537809
174,51,0.257606
174,52,0.0595418
174,53,0.299409
174,54,0.0771356
174,55,0.373206
174,56,0.722901
174,57,0.142165
174,58,0.213657
174,59,0.702734
174,60,0.719393
174,61,0.0849951
174,62,0.41808
174,63,0.527497
174,64,0.584063
174,65,0.460162
174,66,0.700163
174,67,0.846116
174,68,0.778053
174,69,0.141218
174,70,0.156194
174,71,0.28621
174,72,0.531659
174,73,0.199365
174,74,0.924962
174,75,0.934746
174,76,0.236368
174,77,0.246204
174,78,0.941258
174,79,0.591488
174,80,1
174,81,0.831287
174,82,0.310996
174,83,1
174,84,0.459696
174,85,0.605705
174,86,0.767724
174,87,0.471081
174,88,1
174,89,0.366386
174,90,0.412023
174,91,0.962165
174,92,0.386003
174,93,1
174,94,0.655782
174,95,1
174,96,0.608957
174,97,0.474983
174,98,0.953692
174,99,0.462028
174,100,0.495655
174,101,0.957301
174,102,0.774994
174,103,1
174,104,0.974696
174,105,0.678612
174,106,0.926717
174,107,0.958321
174,108,0.663838
174,109,0.782716
174,110,0.450101
174,111,0.608776
174,112,0.490107
174,113,0.525439
174,114,0.556301
174,115,0.793154
174,116,0.96195
174,117,0.296303
174,118,0.285257
174,119,0.790289
174,120,0.262714
174,121,0.275226
174,122,0.535696
174,123,0.251486
174,124,0.250273
174,125,0.248909
174,126,0.248172
174,127,0.453754
174,128,0.244869
174,129,0.751742
174,130,0.69487
174,131,0.50007
174,132,0.49688
174,133,0.26313
174,134,0.33108
174,135,0.276064
174,136,0.757358
174,137,0.225217
174,138,0.222395
174,139,0.263238
174,140,0.718312
174,141,0.384028
174,142,0.749623
174,143,0.207047
174,144,0.800564
174,145,0.224312
174,146,0.197035
174,147,0.71149
174,148,0.326669
174,149,0.188358
174,150,0.488747
174,151,0.502465
174,152,0.17766
174,153,0.174047
174,154,0.782633
174,155,0.281904
174,156,0.163126
174,157,0.159474
174,158,0.836666
174,159,0.435888
174,160,0.765991
174,161,0.668757
174,162,0.143113
174,163,0.427623
174,164,0.135939
174,165,0.602975
174,166,0.897503
174,167,0.125374
174,168,0.893484
174,169,0.184154
174,170,0.552682
174,171,0.841492
174,172,0.795251
174,173,0.530628
174,174,0
174,175,0.102587
174,176,0.7233
174,177,0.860586
174,178,0.104753
174,179,0.62728
174,180,0.375741
174,181,0.129733
174,182,0.297727
174,183,0.104794
174,184,0.450274
174,185,0.509511
174,186,0.986347
174,187,0.882281
174,188,0.752547
174,189,0.101233
174,190,0.842482
174,191,0.300766
174,192,0.879813
174,193,0.603067
174,194,0.465006
174,195,0.372696
174,196,0.754162
174,197,0.0988665
174,198,0.283519
174,199,0.82483
175,0,0.120397
175,1,0.0421236
175,2,0.016799
175,3,0.362986
175,4,0.016799
175,5,0.384257
175,6,0.43494
175,7,0.501928
175,8,0.253637
175,9,0.525096
175,10,0.13763
175,11,0.0208543
175,12,0.0208543
175,13,0.437065
175,14,0.0208543
175,15,0.119048
175,16,0.0219641
175,17,0.0219641
175,18,0.0219641
175,19,0.0219641
175,20,0.0219641
175,21,0.0231123
175,22,0.041754
175,23,0.0219641
175,24,0.495869
175,25,0.521923
175,26,0.0231123
175,27,0.272992
175,28,0.0242987
175,29,0.310886
175,30,0.123736
175,31,0.0255231
175,32,0.0280857
175,33,0.482783
175,34,0.438554
175,35,0.0280857
175,36,0.290547
175,37,0.298483
175,38,0.0280857
175,39,0.0307985
175,40,0.244367
175,41,0.459448
175,42,0.0336597
175,43,0.332029
175,44,0.310772
175,45,0.136901
175,46,0.0382241
175,47,0.0414448
175,48,0.269969
175,49,0.330542
175,50,0.0500932
175,51,0.408768
175,52,0.636419
175,53,0.347075
175,54,0.463315
175,55,0.564839
175,56,0.306205
175,57,0.0635284
175,58,0.27249
175,59,0.396662
175,60,0.670965
175,61,0.0805183
175,62,0.490987
175,63,0.0895503
175,64,0.762823
175,65,0.363951
175,66,0.304749
175,67,0.493854
175,68,0.11557
175,69,0.644853
175,70,0.898593
175,71,0.783857
175,72,0.539158
175,73,0.352893
175,74,0.533591
175,75,0.273019
175,76,0.906906
175,77,0.810077
175,78,0.377341
175,79,0.56462
175,80,0.518057
175,81,0.616286
175,82,0.352769
175,83,0.503304
175,84,0.315496
175,85,0.323404
175,86,0.375507
175,87,0.919324
175,88,0.352994
175,89,0.913256
175,90,0.572368
175,91,0.376148
175,92,0.972258
175,93,0.385058
175,94,0.390048
175,95,0.904216
175,96,0.783819
175,97,0.770669
175,98,0.514731
175,99,0.989632
175,100,0.495888
175,101,0.475216
175,102,0.818852
175,103,1
175,104,0.837753
175,105,0.393325
175,106,0.389106
175,107,0.704724
175,108,1
175,109,0.615464
175,110,0.36543
175,111,0.522213
175,112,0.349724
175,113,0.410909
175,114,0.881415
175,115,0.326826
175,116,0.398094
175,117,0.306613
175,118,1
175,119,0.555436
175,120,0.808278
175,121,0.389736
175,122,0.596973
175,123,0.566656
175,124,0.434505
175,125,0.702867
175,126,0.251656
175,127,0.248172
175,128,0.251849
175,129,0.540482
175,130,0.764673
175,131,0.527067
175,132,0.798947
175,133,0.371222
175,134,0.377608
175,135,0.434209
175,136,0.527536
175,137,0.501401
175,138,0.225217
175,139,0.465259
175,140,0.219484
175,141,0.216488
175,142,0.213413
175,143,0.210264
175,144,0.300599
175,145,0.639449
175,146,0.200427
175,147,0.624966
175,148,0.670247
175,149,0.19186
175,150,0.188358
175,151,0.464971
175,152,0.527871
175,153,0.767259
175,154,0.174047
175,155,0.170417
175,156,0.531239
175,157,0.386443
175,158,0.159474
175,159,0.155824
175,160,0.154
175,161,0.150359
175,162,0.549272
175,163,0.143113
175,164,0.519904
175,165,0.135939
175,166,0.609535
175,167,0.238234
175,168,0.804393
175,169,0.784074
175,170,0.921157
175,171,0.956749
175,172,0.961182
175,173,0.972854
175,174,0.0677226
175,175,0
175,176,0.440587
175,177,0.758595
175,178,0.437329
175,179,0.261351
175,180,0.619502
175,181,0.761195
175,182,0.598805
175,183,0.265302
175,184,0.457388
175,185,0.526483
175,186,0.483783
175,187,0.622556
175,188,0.208803
175,189,0.101233
175,190,0.849128
175,191,0.215341
175,192,0.165483
175,193,0.935183
175,194,0.854616
175,195,0.23359
175,196,0.510522
175,197,0.0988665
175,198,0.869597
175,199,0.767853
176,0,0.730236
176,1,0.236591
176,2,0.25714
176,3,0.345287
176,4,0.193228
176,5,0.187166
176,6,0.435578
176,7,0.016799
176,8,0.0187498
176,9,0.0187498
176,10,0.0187498
176,11,0.572511
176,12,0.0187498
176,13,0.506332
176,14,0.0187498
176,15,0.107469
176,16,0.0450265
176,17,0.336056
176,18,0.0197828
176,19,0.267401
176,20,0.360119
176,21,0.0208543
176,22,0.491242
176,23,0.535891
176,24,0.55467
176,25,0.358146
176,26,0.0208543
176,27,0.0856456
176,28,0.380251
176,29,0.0219641
176,30,0.0242987
176,31,0.210767
176,32,0.348984
176,33,0.559274
176,34,0.0242987
176,35,0.0255231
176,36,0.173339
176,37,0.0242987
176,38,0.0317369
176,39,0.552549
176,40,0.153198
176,41,0.367792
176,42,0.551905
176,43,0.228364
176,44,0.293485
176,45,0.0351451
176,46,0.0351451
176,47,0.0382241
176,48,0.595678
176,49,0.0465339
176,50,0.48411
176,51,0.380992
176,52,0.0519211
176,53,0.41229
176,54,0.364453
176,55,0.0575915
176,56,0.21271
176,57,0.594829
176,58,0.508407
176,59,0.0697135
176,60,0.731359
176,61,0.0761266
176,62,0.705104
176,63,0.519943
176,64,0.0895503
176,65,0.13088
176,66,0.0941765
176,67,0.46206
176,68,0.43573
176,69,0.413179
176,70,0.46032
176,71,0.135654
176,72,0.22488
176,73,0.45318
176,74,0.681553
176,75,0.951023
176,76,0.697994
176,77,0.858414
176,78,0.230504
176,79,0.693805
176,80,0.258783
176,81,1
176,82,0.468018
176,83,0.552653
176,84,0.773327
176,85,0.312235
176,86,0.858918
176,87,0.333941
176,88,1
176,89,0.650206
176,90,0.627263
176,91,1
176,92,0.72362
176,93,0.551356
176,94,0.795051
176,95,0.753786
176,96,0.85903
176,97,0.885505
176,98,0.40023
176,99,0.409028
176,100,0.402859
176,101,0.894909
176,102,0.499397
176,103,0.666076
176,104,0.399509
176,105,0.396799
176,106,0.612216
176,107,1
176,108,1
176,109,0.696553
176,110,0.678183
176,111,0.36543
176,112,0.602597
176,113,1
176,114,0.553514
176,115,0.336274
176,116,1
176,117,0.316926
176,118,0.380484
176,119,0.969406
176,120,0.720204
176,121,0.8097
176,122,0.834646
176,123,0.253449
176,124,0.252546
176,125,0.411359
176,126,0.772489
176,127,0.787836
176,128,0.248172
176,129,0.898508
176,130,0.244869
176,131,0.250961
176,132,0.572747
176,133,0.253606
176,134,0.703995
176,135,0.740306
176,136,0.249756
176,137,0.230572
176,138,0.609006
176,139,0.225217
176,140,0.652756
176,141,0.219484
176,142,0.216488
176,143,0.213413
176,144,0.210264
176,145,0.520536
176,146,0.263684
176,147,0.200427
176,148,0.703381
176,149,0.586097
176,150,0.19186
176,151,0.39472
176,152,0.382243
176,153,0.777964
176,154,0.647595
176,155,0.560174
176,156,0.235342
176,157,0.475447
176,158,0.420415
176,159,0.397931
176,160,0.472425
176,161,0.503501
176,162,0.773754
176,163,0.185818
176,164,0.866556
176,165,0.642749
176,166,0.135939
176,167,0.340859
176,168,0.909535
176,169,0.911242
176,170,0.641615
176,171,0.828187
176,172,0.259211
176,173,0.940601
176,174,0.0655408
176,175,0.420775
176,176,0
176,177,0.591201
176,178,0.557742
176,179,0.651575
176,180,0.489045
176,181,0.334498
176,182,0.780624
176,183,0.103613
176,184,0.889673
176,185,0.724518
176,186,0.876361
176,187,0.613843
176,188,0.119023
176,189,0.502889
176,190,0.176418
176,191,0.649381
176,192,0.101233
176,193,0.793962
176,194,0.525508
176,195,0.376114
176,196,0.773298
176,197,0.22129
176,198,0.517219
176,199,0.148509
177,0,0.134945
177,1,0.0249954
177,2,0.371953
177,3,0.0125923
177,4,0.247227
177,5,0.257839
177,6,0.0125923
177,7,0.0150017
177,8,0.016799
177,9,0.263732
177,10,0.352064
177,11,0.346901
177,12,0.016799
177,13,0.131879
177,14,0.41782
177,15,0.496639
177,16,0.0177551
177,17,0.305486
177,18,0.122766
177,19,0.0177551
177,20,0.0177551
177,21,0.311514
177,22,0.0177551
177,23,0.0177551
177,24,0.119622
177,25,0.195877
177,26,0.320142
177,27,0.0208543
177,28,0.442239
177,29,0.0197828
177,30,0.0843828
177,31,0.0208543
177,32,0.322413
177,33,0.0219641
177,34,0.0219641
177,35,0.0231123
177,36,0.571865
177,37,0.0219641
177,38,0.119466
177,39,0.0255231
177,40,0.512473
177,41,0.0280857
177,42,0.0280857
177,43,0.547415
177,44,0.45815
177,45,0.482889
177,46,0.476344
177,47,0.0351451
177,48,0.23262
177,49,0.0438806
177,50,0.21117
177,51,0.481512
177,52,0.0482973
177,53,0.310165
177,54,0.0465339
177,55,0.35693
177,56,0.0519211
177,57,0.632991
177,58,0.715288
177,59,0.0655635
177,60,0.0697135
177,61,0.252666
177,62,0.0761266
177,63,0.725526
177,64,0.592094
177,65,0.109753
177,66,0.174168
177,67,0.617707
177,68,0.39307
177,69,0.749765
177,70,0.110807
177,71,0.349362
177,72,0.139646
177,73,0.151416
177,74,0.333986
177,75,0.177871
177,76,0.93409
177,77,0.232839
177,78,0.215817
177,79,0.578339
177,80,0.680526
177,81,0.795033
177,82,0.466054
177,83,0.854002
177,84,0.480103
177,85,0.68798
177,86,0.550717
177,87,0.770626
177,88,0.650911
177,89,0.56599
177,90,0.914055
177,91,0.881251
177,92,1
177,93,1
177,94,0.830145
177,95,0.879174
177,96,0.430287
177,97,1
177,98,0.653951
177,99,0.957773
177,100,1
177,101,0.685636
177,102,0.402946
177,103,0.402569
177,104,0.748346
177,105,0.759431
177,106,0.396799
177,107,0.679006
177,108,0.975275
177,109,0.392943
177,110,0.378688
177,111,0.586326
177,112,1
177,113,0.574238
177,114,0.349724
177,115,0.469811
177,116,0.336274
177,117,0.729049
177,118,0.316926
177,119,0.609708
177,120,0.296189
177,121,0.805283
177,122,0.292552
177,123,0.995903
177,124,0.720795
177,125,0.908816
177,126,0.661835
177,127,0.935114
177,128,0.871553
177,129,0.248172
177,130,0.666667
177,131,0.699237
177,132,0.551413
177,133,0.837722
177,134,0.700666
177,135,0.236669
177,136,0.391725
177,137,0.738345
177,138,0.572207
177,139,0.227944
177,140,0.225217
177,141,0.610564
177,142,0.608761
177,143,0.216488
177,144,0.213413
177,145,0.806837
177,146,0.271983
177,147,0.203766
177,148,0.453223
177,149,0.280614
177,150,0.626424
177,151,0.528607
177,152,0.188358
177,153,0.184821
177,154,0.526461
177,155,0.793216
177,156,0.174047
177,157,0.228489
177,158,0.785719
177,159,0.788951
177,160,0.402255
177,161,0.550367
177,162,0.599833
177,163,0.150359
177,164,0.528734
177,165,0.453636
177,166,0.329017
177,167,0.135939
177,168,0.372839
177,169,0.128866
177,170,0.472603
177,171,0.536477
177,172,0.916592
177,173,0.299323
177,174,0.562294
177,175,0.0828443
177,176,0.233764
177,177,0
177,178,0.102587
177,179,0.388934
177,180,0.901788
177,181,0.552913
177,182,0.206017
177,183,0.618078
177,184,0.78663
177,185,0.28198
177,186,0.310469
177,187,0.750188
177,188,0.293361
177,189,0.698122
177,190,0.686988
177,191,0.224472
177,192,0.235524
177,193,0.362334
177,194,0.938348
177,195,0.419148
177,196,0.973193
177,197,0.458673
177,198,0.80362
177,199,0.112931
178,0,0.810852
178,1,0.508725
178,2,0.181627
178,3,0.0111753
178,4,0.404601
178,5,0.442998
178,6,0.0111753
178,7,0.532482
178,8,0.0150017
178,9,0.0150017
178,10,0.0150017
178,11,0.0150017
178,12,0.245747
178,13,0.131334
178,14,0.227112
178,15,0.0400993
178,16,0.425286
178,17,0.548744
178,18,0.0158812
178,19,0.0158812
178,20,0.257889
178,21,0.501169
178,22,0.0158812
178,23,0.503702
178,24,0.0177551
178,25,0.016799
178,26,0.016799
178,27,0.0187498
178,28,0.397233
178,29,0.0177551
178,30,0.0197828
178,31,0.288458
178,32,0.0208543
178,33,0.0197828
178,34,0.0197828
178,35,0.54358
178,36,0.490996
178,37,0.0197828
178,38,0.503739
178,39,0.0231123
178,40,0.0231123
178,41,0.0255231
178,42,0.0255231
178,43,0.549334
178,44,0.421764
178,45,0.325985
178,46,0.0294235
178,47,0.298702
178,48,0.320338
178,49,0.272998
178,50,0.466035
178,51,0.0336597
178,52,0.216291
178,53,0.0431072
178,54,0.0431072
178,55,0.538978
178,56,0.236873
178,57,0.356005
178,58,0.0575915
178,59,0.093293
178,60,0.585537
178,61,0.320515
178,62,0.0718269
178,63,0.744822
178,64,0.39697
178,65,0.0805183
178,66,0.744157
178,67,0.346811
178,68,0.210059
178,69,0.709676
178,70,0.433384
178,71,0.52631
178,72,0.123827
178,73,0.556758
178,74,0.521127
178,75,0.902803
178,76,0.326888
178,77,0.977245
178,78,0.62196
178,79,0.214378
178,80,0.665898
178,81,0.492671
178,82,0.498136
178,83,0.274464
178,84,0.75491
178,85,0.838267
178,86,0.303835
178,87,0.345381
178,88,0.540451
178,89,0.342907
178,90,0.749198
178,91,0.417056
178,92,0.941527
178,93,0.846939
178,94,0.404059
178,95,0.566735
178,96,1
178,97,0.390048
178,98,1
178,99,0.426492
178,100,0.40023
178,101,0.646236
178,102,1
178,103,0.402896
178,104,0.402569
178,105,0.631504
178,106,0.399509
178,107,0.612405
178,108,0.6103
178,109,0.851233
178,110,0.648193
178,111,0.378688
178,112,0.372381
178,113,1
178,114,0.396638
178,115,0.9314
178,116,0.782863
178,117,0.432244
178,118,0.326826
178,119,0.317173
178,120,0.610116
178,121,0.698183
178,122,0.391161
178,123,0.357435
178,124,0.343313
178,125,0.586857
178,126,0.715497
178,127,0.252036
178,128,0.715764
178,129,0.581102
178,130,0.393249
178,131,0.686473
178,132,0.244869
178,133,0.243012
178,134,0.775548
178,135,0.238907
178,136,0.647911
178,137,0.816389
178,138,0.466043
178,139,0.230572
178,140,0.480724
178,141,0.225217
178,142,0.222395
178,143,0.604638
178,144,0.216488
178,145,0.380634
178,146,0.409074
178,147,0.517939
178,148,0.712925
178,149,0.452206
178,150,0.610895
178,151,0.264057
178,152,0.19186
178,153,0.188358
178,154,0.608006
178,155,0.449649
178,156,0.575437
178,157,0.34838
178,158,0.684514
178,159,0.34859
178,160,0.164951
178,161,0.161692
178,162,0.157649
178,163,0.154
178,164,0.516437
178,165,0.146728
178,166,0.318981
178,167,0.32311
178,168,0.135939
178,169,0.132388
178,170,0.578932
178,171,0.718392
178,172,0.12364
178,173,0.909137
178,174,0.424183
178,175,0.0726019
178,176,0.409506
178,177,0.0739575
178,178,0
178,179,0.837984
178,180,0.352889
178,181,0.740966
178,182,0.643342
178,183,0.807673
178,184,0.101233
178,185,0.790826
178,186,0.586219
178,187,0.652547
178,188,0.538997
178,189,0.101233
178,190,0.496224
178,191,0.101233
178,192,0.245033
178,193,0.793064
178,194,0.29669
178,195,0.474524
178,196,0.403995
178,197,0.425649
178,198,0.862595
178,199,0.790439
179,0,0.464193
179,1,0.45614
179,2,0.010523
179,3,0.00990783
179,4,0.56065
179,5,0.00990783
179,6,0.329725
179,7,0.011865
179,8,0.321343
179,9,0.431009
179,10,0.541641
179,11,0.0133574
179,12,0.173076
179,13,0.184087
179,14,0.485741
179,15,0.207714
179,16,0.0141605
179,17,0.0829785
179,18,0.0141605
179,19,0.538035
179,20,0.194657
179,21,0.379654
179,22,0.0141605
179,23,0.44998
179,24,0.185125
179,25,0.0150017
179,26,0.0150017
179,27,0.016799
179,28,0.342398
179,29,0.0158812
179,30,0.421272
179,31,0.016799
179,32,0.0187498
179,33,0.0177551
179,34,0.136653
179,35,0.0187498
179,36,0.132409
179,37,0.0177551
179,38,0.0187498
179,39,0.0208543
179,40,0.0208543
179,41,0.0231123
179,42,0.0231123
179,43,0.374263
179,44,0.423507
179,45,0.0267855
179,46,0.0267855
179,47,0.0294235
179,48,0.446649
179,49,0.337546
179,50,0.0366667
179,51,0.0755824
179,52,0.161002
179,53,0.039817
179,54,0.039817
179,55,0.0465339
179,56,0.211919
179,57,0.371388
179,58,0.0537806
179,59,0.0575915
179,60,0.662773
179,61,0.0635284
179,62,0.356455
179,63,0.0718269
179,64,0.0761266
179,65,0.0761266
179,66,0.0805183
179,67,0.628057
179,68,0.32169
179,69,0.299865
179,70,0.0988665
179,71,0.540188
179,72,0.574975
179,73,0.440283
179,74,0.367192
179,75,0.453866
179,76,0.809102
179,77,0.825831
179,78,0.745707
179,79,0.687564
179,80,0.589943
179,81,0.999237
179,82,0.244841
179,83,0.258783
179,84,0.268776
179,85,0.55828
179,86,0.319954
179,87,0.849029
179,88,0.312235
179,89,0.507626
179,90,0.333941
179,91,0.343813
179,92,0.540795
179,93,0.823418
179,94,0.365353
179,95,0.820884
179,96,1
179,97,0.574389
179,98,0.646013
179,99,0.505096
179,100,1
179,101,0.768133
179,102,1
179,103,0.710678
179,104,0.402896
179,105,0.609624
179,106,0.401437
179,107,1
179,108,0.455957
179,109,0.964657
179,110,0.810958
179,111,1
179,112,0.918788
179,113,0.93714
179,114,1
179,115,1
179,116,0.390915
179,117,0.345233
179,118,0.812247
179,119,0.535309
179,120,0.635942
179,121,0.834329
179,122,0.617321
179,123,0.99117
179,124,0.463538
179,125,0.771733
179,126,0.60899
179,127,0.264392
179,128,0.252036
179,129,0.250899
179,130,0.544887
179,131,0.248172
179,132,0.574251
179,133,0.489586
179,134,0.427921
179,135,0.646587
179,136,0.884097
179,137,0.434565
179,138,0.580072
179,139,0.233094
179,140,0.230572
179,141,0.227944
179,142,0.225217
179,143,0.222395
179,144,0.219484
179,145,0.216488
179,146,0.213413
179,147,0.243126
179,148,0.208663
179,149,0.625033
179,150,0.693137
179,151,0.636324
179,152,0.400378
179,153,0.26642
179,154,0.598654
179,155,0.184821
179,156,0.181253
179,157,0.217126
179,158,0.174047
179,159,0.212145
179,160,0.304863
179,161,0.754135
179,162,0.236925
179,163,0.157649
179,164,0.357727
179,165,0.79243
179,166,0.76394
179,167,0.388525
179,168,0.385758
179,169,0.516556
179,170,0.708909
179,171,0.782591
179,172,0.913772
179,173,0.88383
179,174,0.816911
179,175,0.00181205
179,176,0.849219
179,177,0
179,178,0.489456
179,179,0
179,180,0.221077
179,181,0.836798
179,182,0.397395
179,183,0.1036
179,184,0.420006
179,185,0.841208
179,186,0.824836
179,187,0.448873
179,188,0.101233
179,189,0.214696
179,190,0.75496
179,191,0.428841
179,192,0.672631
179,193,0.653616
179,194,0.800914
179,195,0.776695
179,196,0.117507
179,197,0.685435
179,198,0.622735
179,199,0.583003
180,0,0.15319
180,1,0.0087879
180,2,0.00932957
180,3,0.530248
180,4,0.00932957
180,5,0.0087879
180,6,0.45814
180,7,0.010523
180,8,0.011865
180,9,0.483009
180,10,0.308242
180,11,0.011865
180,12,0.322034
180,13,0.011865
180,14,0.0398702
180,15,0.011865
180,16,0.557919
180,17,0.0125923
180,18,0.209162
180,19,0.0125923
180,20,0.100635
180,21,0.0133574
180,22,0.0648549
180,23,0.0125923
180,24,0.0141605
180,25,0.0133574
180,26,0.571943
180,27,0.0150017
180,28,0.0141605
180,29,0.216592
180,30,0.382417
180,31,0.0150017
180,32,0.432127
180,33,0.0158812
180,34,0.0158812
180,35,0.571036
180,36,0.0158812
180,37,0.0158812
180,38,0.016799
180,39,0.155186
180,40,0.513044
180,41,0.537479
180,42,0.576283
180,43,0.273428
180,44,0.0208543
180,45,0.0511982
180,46,0.459034
180,47,0.0267855
180,48,0.372221
180,49,0.116532
180,50,0.0336597
180,51,0.0280857
180,52,0.536716
180,53,0.257567
180,54,0.145506
180,55,0.627425
180,56,0.586244
180,57,0.173699
180,58,0.0500932
180,59,0.633971
180,60,0.0575915
180,61,0.704162
180,62,0.0635284
180,63,0.0676254
180,64,0.0718269
180,65,0.0718269
180,66,0.0761266
180,67,0.327322
180,68,0.0872633
180,69,0.0895503
180,70,0.0941765
180,71,0.096514
180,72,0.103613
180,73,0.107604
180,74,0.787031
180,75,0.190498
180,76,0.502691
180,77,0.694563
180,78,0.310653
180,79,0.315357
180,80,0.247603
180,81,0.484309
180,82,0.663269
180,83,0.244841
180,84,0.251832
180,85,0.261914
180,86,0.278829
180,87,0.288131
180,88,0.757689
180,89,0.418386
180,90,1
180,91,0.944521
180,92,0.436055
180,93,0.348437
180,94,0.974327
180,95,0.603461
180,96,0.500421
180,97,0.997542
180,98,1
180,99,0.776212
180,100,0.394313
180,101,0.397682
180,102,0.976344
180,103,0.404338
180,104,0.402407
180,105,0.854782
180,106,0.667508
180,107,0.918265
180,108,0.589144
180,109,0.998665
180,110,0.393469
180,111,0.820081
180,112,0.455646
180,113,0.850253
180,114,0.951914
180,115,0.537346
180,116,0.968734
180,117,1
180,118,0.541575
180,119,0.592422
180,120,0.33587
180,121,0.484789
180,122,0.366418
180,123,0.596015
180,124,0.536416
180,125,0.273892
180,126,1
180,127,0.83438
180,128,0.934297
180,129,0.931422
180,130,0.38842
180,131,0.937055
180,132,0.248172
180,133,0.246591
180,134,0.244869
180,135,0.243012
180,136,0.774356
180,137,0.568728
180,138,0.809496
180,139,0.235506
180,140,0.365021
180,141,0.851304
180,142,0.787686
180,143,0.642545
180,144,0.530335
180,145,0.581599
180,146,0.216488
180,147,0.358394
180,148,0.514527
180,149,0.45721
180,150,0.205414
180,151,0.762469
180,152,0.198737
180,153,0.195321
180,154,0.314428
180,155,0.374101
180,156,0.290474
180,157,0.311536
180,158,0.219807
180,159,0.251555
180,160,0.283505
180,161,0.663133
180,162,0.258159
180,163,0.335041
180,164,0.157649
180,165,0.488496
180,166,0.562259
180,167,0.809547
180,168,0.203925
180,169,0.532869
180,170,0.136261
180,171,0.751647
180,172,0.571424
180,173,0.127116
180,174,0.474827
180,175,0.195925
180,176,0.805793
180,177,0.740062
180,178,0.797997
180,179,0.56219
180,180,0
180,181,0.442383
180,182,0.88035
180,183,0.539443
180,184,0.497342
180,185,0.220119
180,186,0.101233
180,187,0.101233
180,188,0.693329
180,189,0.520988
180,190,0.448018
180,191,0.111271
180,192,0.96527
180,193,0.264222
180,194,0.513951
180,195,0.43546
180,196,0.282478
180,197,0.106209
180,198,0.0988665
180,199,0.182005
181,0,0.356164
181,1,0.280651
181,2,0.00828249
181,3,0.00781301
181,4,0.00828249
181,5,0.0913375
181,6,0.36198
181,7,0.176576
181,8,0.010523
181,9,0.163428
181,10,0.0176299
181,11,0.565116
181,12,0.010523
181,13,0.010523
181,14,0.105697
181,15,0.115409
181,16,0.130155
181,17,0.147684
181,18,0.181325
181,19,0.0111753
181,20,0.0111753
181,21,0.011865
181,22,0.0111753
181,23,0.0111753
181,24,0.0125923
181,25,0.478623
181,26,0.100741
181,27,0.217636
181,28,0.0125923
181,29,0.214408
181,30,0.420462
181,31,0.0187265
181,32,0.0150017
181,33,0.0141605
181,34,0.217837
181,35,0.237508
181,36,0.332379
181,37,0.0141605
181,38,0.0150017
181,39,0.016799
181,40,0.016799
181,41,0.296944
181,42,0.0187498
181,43,0.0208543
181,44,0.0187498
181,45,0.28394
181,46,0.206664
181,47,0.204811
181,48,0.0267855
181,49,0.0307985
181,50,0.479084
181,51,0.0255231
181,52,0.0351451
181,53,0.0336597
181,54,0.0968885
181,55,0.286421
181,56,0.0382241
181,57,0.0414448
181,58,0.0465339
181,59,0.0500932
181,60,0.339293
181,61,0.0556709
181,62,0.365603
181,63,0.0635284
181,64,0.12056
181,65,0.0676254
181,66,0.431599
181,67,0.0761266
181,68,0.53432
181,69,0.747841
181,70,0.13566
181,71,0.605344
181,72,0.518409
181,73,0.350229
181,74,0.725072
181,75,0.610398
181,76,0.127733
181,77,0.386888
181,78,0.26183
181,79,0.419872
181,80,0.667942
181,81,0.193207
181,82,0.858595
181,83,1
181,84,0.480104
181,85,0.365595
181,86,0.698689
181,87,0.685515
181,88,0.40986
181,89,1
181,90,0.925648
181,91,1
181,92,0.328705
181,93,0.600606
181,94,1
181,95,0.596881
181,96,0.918969
181,97,0.803488
181,98,0.75386
181,99,0.667324
181,100,0.751741
181,101,1
181,102,0.438261
181,103,0.410475
181,104,0.548382
181,105,0.402407
181,106,1
181,107,0.718771
181,108,0.720709
181,109,0.415172
181,110,1
181,111,0.393469
181,112,0.582134
181,113,0.986862
181,114,0.378688
181,115,1
181,116,0.368802
181,117,0.963161
181,118,0.583987
181,119,0.569287
181,120,0.85434
181,121,0.362652
181,122,0.501195
181,123,0.881069
181,124,0.787348
181,125,0.431105
181,126,0.289156
181,127,0.510418
181,128,0.256226
181,129,0.828454
181,130,0.959076
181,131,0.559912
181,132,0.675869
181,133,0.248172
181,134,0.744938
181,135,0.244869
181,136,0.243957
181,137,0.640002
181,138,0.501186
181,139,0.731082
181,140,0.846436
181,141,0.459883
181,142,0.230572
181,143,0.241413
181,144,0.265834
181,145,0.222395
181,146,0.219484
181,147,0.393057
181,148,0.21496
181,149,0.54163
181,150,0.208663
181,151,0.69023
181,152,0.202103
181,153,0.277825
181,154,0.512256
181,155,0.55787
181,156,0.678247
181,157,0.780129
181,158,0.181253
181,159,0.719916
181,160,0.634137
181,161,0.172233
181,162,0.334733
181,163,0.380785
181,164,0.31972
181,165,0.179642
181,166,0.489999
181,167,0.665057
181,168,0.146728
181,169,0.143113
181,170,0.55663
181,171,0.135939
181,172,0.777401
181,173,0.670066
181,174,0.282461
181,175,0.126412
181,176,0.818389
181,177,0.597053
181,178,0.759656
181,179,0.0549254
181,180,0.380552
181,181,0
181,182,0.855027
181,183,0.975554
181,184,0.403793
181,185,0.317051
181,186,0.668249
181,187,0.14873
181,188,0.181724
181,189,0.631114
181,190,0.391055
181,191,0.101233
181,192,0.432869
181,193,0.615108
181,194,0.562179
181,195,0.958175
181,196,0.0988665
181,197,0.856518
181,198,0.554255
181,199,0.829475
182,0,0.875947
182,1,0.365736
182,2,0.04383
182,3,0.518353
182,4,0.183992
182,5,0.00698032
182,6,0.00698032
182,7,0.432051
182,8,0.00932957
182,9,0.00932957
182,10,0.253069
182,11,0.00932957
182,12,0.0222494
182,13,0.111348
182,14,0.00932957
182,15,0.433399
182,16,0.439921
182,17,0.470607
182,18,0.00990783
182,19,0.00990783
182,20,0.111424
182,21,0.010523
182,22,0.00990783
182,23,0.554582
182,24,0.0111753
182,25,0.287236
182,26,0.523108
182,27,0.011865
182,28,0.165973
182,29,0.0984623
182,30,0.550512
182,31,0.0896914
182,32,0.0133574
182,33,0.0229566
182,34,0.0368343
182,35,0.507639
182,36,0.191989
182,37,0.404774
182,38,0.36826
182,39,0.341081
182,40,0.453069
182,41,0.0556731
182,42,0.016799
182,43,0.0187498
182,44,0.016799
182,45,0.0197828
182,46,0.0197828
182,47,0.482763
182,48,0.0242987
182,49,0.0280857
182,50,0.554037
182,51,0.272907
182,52,0.253623
182,53,0.0307985
182,54,0.278337
182,55,0.322668
182,56,0.452241
182,57,0.256586
182,58,0.477202
182,59,0.080781
182,60,0.0500932
182,61,0.491914
182,62,0.636579
182,63,0.181366
182,64,0.0635284
182,65,0.136137
182,66,0.156195
182,67,0.643259
182,68,0.0783114
182,69,0.0805183
182,70,0.457199
182,71,0.0872633
182,72,0.53042
182,73,0.519859
182,74,0.318407
182,75,0.59711
182,76,0.800303
182,77,0.557482
182,78,0.533216
182,79,0.152942
182,80,0.827216
182,81,0.530542
182,82,0.711513
182,83,0.518794
182,84,0.679465
182,85,0.410432
182,86,0.251832
182,87,0.539381
182,88,1
182,89,0.281725
182,90,0.994231
182,91,0.312235
182,92,0.940799
182,93,0.956669
182,94,0.747957
182,95,0.348492
182,96,0.384079
182,97,0.365353
182,98,1
182,99,0.63789
182,100,0.397445
182,101,0.783242
182,102,0.76291
182,103,1
182,104,0.449022
182,105,0.401099
182,106,0.797819
182,107,0.402896
182,108,0.848837
182,109,0.401558
182,110,0.399637
182,111,0.697025
182,112,0.930631
182,113,1
182,114,0.384322
182,115,0.569004
182,116,0.4177
182,117,0.368802
182,118,1
182,119,0.382728
182,120,0.345445
182,121,0.878311
182,122,0.489173
182,123,0.317173
182,124,0.669691
182,125,0.296189
182,126,0.290439
182,127,0.865451
182,128,0.267857
182,129,0.256226
182,130,0.289255
182,131,0.252036
182,132,0.652616
182,133,0.827088
182,134,0.248172
182,135,0.8745
182,136,0.817124
182,137,0.661589
182,138,0.242034
182,139,0.447395
182,140,0.837854
182,141,0.235506
182,142,0.233094
182,143,0.573143
182,144,0.227944
182,145,0.225217
182,146,0.222395
182,147,0.285501
182,148,0.217996
182,149,0.21496
182,150,0.543499
182,151,0.380333
182,152,0.626351
182,153,0.202103
182,154,0.438185
182,155,0.235292
182,156,0.19186
182,157,0.578393
182,158,0.184821
182,159,0.181253
182,160,0.680424
182,161,0.395499
182,162,0.260133
182,163,0.388788
182,164,0.293367
182,165,0.430274
182,166,0.360975
182,167,0.217602
182,168,0.212681
182,169,0.496772
182,170,0.813366
182,171,0.211025
182,172,0.821101
182,173,0.891742
182,174,0.771948
182,175,0
182,176,0
182,177,0.0349254
182,178,0.443925
182,179,0.347893
182,180,0.125505
182,181,0.229294
182,182,0
182,183,0.973236
182,184,0.974358
182,185,0.378531
182,186,0.595619
182,187,0.399691
182,188,0.528122
182,189,0.360438
182,190,0.663595
182,191,0.704946
182,192,0.214437
182,193,0.226712
182,194,0.125857
182,195,0.756297
182,196,0.65672
182,197,0.680997
182,198,0.234253
182,199,0.0988665
183,0,0.166541
183,1,0.418193
183,2,0.47564
183,3,0.00628661
183,4,0.294385
183,5,0.450218
183,6,0.00628661
183,7,0.358467
183,8,0.527879
183,9,0.00828249
183,10,0.00828249
183,11,0.00828249
183,12,0.170231
183,13,0.135811
183,14,0.00828249
183,15,0.152947
183,16,0.526052
183,17,0.521437
183,18,0.562166
183,19,0.0647323
183,20,0.0087879
183,21,0.236519
183,22,0.0087879
183,23,0.115979
183,24,0.472189
183,25,0.00932957
183,26,0.00932957
183,27,0.148214
183,28,0.00990783
183,29,0.136913
183,30,0.156414
183,31,0.010523
183,32,0.011865
183,33,0.0580609
183,34,0.0111753
183,35,0.011865
183,36,0.0111753
183,37,0.224692
183,38,0.487423
183,39,0.0133574
183,40,0.0133574
183,41,0.0150017
183,42,0.260075
183,43,0.25918
183,44,0.367884
183,45,0.0177551
183,46,0.0177551
183,47,0.33487
183,48,0.568024
183,49,0.0255231
183,50,0.0255231
183,51,0.0208543
183,52,0.526993
183,53,0.0560478
183,54,0.456497
183,55,0.447703
183,56,0.419334
183,57,0.0351451
183,58,0.0485431
183,59,0.496015
183,60,0.396892
183,61,0.66832
183,62,0.596079
183,63,0.0556709
183,64,0.193434
183,65,0.0595418
183,66,0.0635284
183,67,0.595741
183,68,0.693854
183,69,0.0761266
183,70,0.0805183
183,71,0.0827465
183,72,0.252121
183,73,0.697765
183,74,0.548054
183,75,0.0988665
183,76,0.774991
183,77,0.857404
183,78,0.885067
183,79,0.803264
183,80,0.167183
183,81,0.172143
183,82,0.185577
183,83,0.200826
183,84,0.673422
183,85,0.21933
183,86,1
183,87,0.511792
183,88,0.261914
183,89,0.445112
183,90,0.39588
183,91,1
183,92,0.475352
183,93,0.333672
183,94,0.328705
183,95,0.987975
183,96,0.632076
183,97,0.495787
183,98,0.857506
183,99,0.578292
183,100,0.706552
183,101,1
183,102,0.601174
183,103,1
183,104,0.904061
183,105,0.398967
183,106,0.401099
183,107,0.793267
183,108,0.403004
183,109,0.402684
183,110,0.657478
183,111,0.463881
183,112,0.527625
183,113,0.821076
183,114,0.588351
183,115,0.386723
183,116,0.829066
183,117,0.538006
183,118,0.615063
183,119,0.992842
183,120,0.884212
183,121,0.890764
183,122,0.88221
183,123,0.327061
183,124,1
183,125,0.909746
183,126,1
183,127,0.523056
183,128,0.279272
183,129,0.69106
183,130,0.892892
183,131,0.707866
183,132,0.513051
183,133,0.271431
183,134,0.62322
183,135,0.248172
183,136,0.348844
183,137,0.763531
183,138,0.76307
183,139,0.383226
183,140,0.871661
183,141,0.237803
183,142,0.638103
183,143,0.233094
183,144,0.830449
183,145,0.227944
183,146,0.225217
183,147,0.485827
183,148,0.417019
183,149,0.65779
183,150,0.341866
183,151,0.211847
183,152,0.433321
183,153,0.205414
183,154,0.30331
183,155,0.428646
183,156,0.195321
183,157,0.287474
183,158,0.188358
183,159,0.184821
183,160,0.183041
183,161,0.802322
183,162,0.175856
183,163,0.527497
183,164,0.168597
183,165,0.594024
183,166,0.801426
183,167,0.588706
183,168,0.464666
183,169,0.68756
183,170,0.146728
183,171,0.484696
183,172,0.141311
183,173,0.881324
183,174,0.724497
183,175,0
183,176,0.0226245
183,177,0.133696
183,178,0.653025
183,179,0.670955
183,180,0.0284223
183,181,0.235615
183,182,0.0857936
183,183,0
183,184,0.69886
183,185,0.577983
183,186,0.593598
183,187,0.321234
183,188,0.741674
183,189,0.101233
183,190,0.42446
183,191,0.101233
183,192,0.223105
183,193,0.417748
183,194,0.159133
183,195,0.911379
183,196,0.709833
183,197,0.887396
183,198,0.839916
183,199,0.423399
184,0,0.450572
184,1,0.229194
184,2,0.220038
184,3,0.00599075
184,4,0.348068
184,5,0.189208
184,6,0.53003
184,7,0.446189
184,8,0.348411
184,9,0.00781301
184,10,0.199032
184,11,0.101239
184,12,0.00781301
184,13,0.476031
184,14,0.21161
184,15,0.00781301
184,16,0.0667945
184,17,0.00828249
184,18,0.00828249
184,19,0.00828249
184,20,0.00828249
184,21,0.347596
184,22,0.00828249
184,23,0.129014
184,24,0.00932957
184,25,0.0868125
184,26,0.0497191
184,27,0.502877
184,28,0.00932957
184,29,0.00932957
184,30,0.010523
184,31,0.484381
184,32,0.563542
184,33,0.010523
184,34,0.537526
184,35,0.33544
184,36,0.202286
184,37,0.49102
184,38,0.206466
184,39,0.0125923
184,40,0.0125923
184,41,0.0141605
184,42,0.508931
184,43,0.0158812
184,44,0.0141605
184,45,0.152101
184,46,0.016799
184,47,0.245216
184,48,0.403629
184,49,0.368773
184,50,0.499501
184,51,0.0197828
184,52,0.155563
184,53,0.0267855
184,54,0.305779
184,55,0.376476
184,56,0.392955
184,57,0.0336597
184,58,0.330655
184,59,0.0414448
184,60,0.183701
184,61,0.0465339
184,62,0.0500932
184,63,0.207633
184,64,0.0575915
184,65,0.0575915
184,66,0.061521
184,67,0.465097
184,68,0.0718269
184,69,0.690289
184,70,0.0783114
184,71,0.0805183
184,72,0.0872633
184,73,0.0895503
184,74,0.408985
184,75,0.216576
184,76,0.524996
184,77,0.103629
184,78,0.11666
184,79,0.391224
184,80,0.723247
184,81,0.87653
184,82,0.589603
184,83,0.330023
184,84,0.202251
184,85,0.330107
184,86,0.231868
184,87,1
184,88,0.558898
184,89,0.856888
184,90,0.283037
184,91,0.295611
184,92,0.965613
184,93,0.390757
184,94,0.668364
184,95,1
184,96,0.504539
184,97,0.980991
184,98,0.837385
184,99,0.532655
184,100,0.920639
184,101,0.987437
184,102,0.682288
184,103,1
184,104,1
184,105,0.398453
184,106,0.475981
184,107,0.717286
184,108,0.403637
184,109,0.489244
184,110,1
184,111,1
184,112,0.405116
184,113,0.783601
184,114,0.392082
184,115,0.575252
184,116,1
184,117,0.433501
184,118,0.51173
184,119,0.562256
184,120,0.358372
184,121,0.643969
184,122,0.558496
184,123,1
184,124,0.887636
184,125,0.312482
184,126,0.955164
184,127,0.296303
184,128,0.863159
184,129,0.594405
184,130,0.545237
184,131,0.572585
184,132,0.365472
184,133,0.251486
184,134,0.466405
184,135,0.248909
184,136,0.248172
184,137,0.719919
184,138,0.702406
184,139,0.243012
184,140,0.241023
184,141,0.666277
184,142,0.236669
184,143,0.234314
184,144,0.248437
184,145,0.229271
184,146,0.575398
184,147,0.223818
184,148,0.310629
184,149,0.219484
184,150,0.573392
184,151,0.375493
184,152,0.453571
184,153,0.207047
184,154,0.311043
184,155,0.258047
184,156,0.197035
184,157,0.206466
184,158,0.432401
184,159,0.186593
184,160,0.788019
184,161,0.181253
184,162,0.446309
184,163,0.185704
184,164,0.170417
184,165,0.166775
184,166,0.468013
184,167,0.159474
184,168,0.794955
184,169,0.286181
184,170,0.352094
184,171,0.144918
184,172,0.143113
184,173,0.396428
184,174,0.148587
184,175,0.402015
184,176,0.50399
184,177,0
184,178,0.780966
184,179,0.0427408
184,180,0.10384
184,181,0.59414
184,182,0.661245
184,183,0.801182
184,184,0
184,185,0.853119
184,186,0.193609
184,187,0.266096
184,188,0.104753
184,189,0.592566
184,190,0.88763
184,191,0.113857
184,192,0.562493
184,193,0.104794
184,194,0.732104
184,195,0.913808
184,196,0.228643
184,197,0.847614
184,198,0.515191
184,199,0.516262
185,0,0.745217
185,1,0.50648
185,2,0.560996
185,3,0.371921
185,4,0.00572827
185,5,0.0232717
185,6,0.00549865
185,7,0.257752
185,8,0.00698032
185,9,0.00698032
185,10,0.149797
185,11,0.00698032
185,12,0.00698032
185,13,0.00698032
185,14,0.506295
185,15,0.00698032
185,16,0.00737909
185,17,0.00737909
185,18,0.0354782
185,19,0.00737909
185,20,0.297288
185,21,0.00781301
185,22,0.00737909
185,23,0.00737909
185,24,0.00828249
185,25,0.00781301
185,26,0.00781301
185,27,0.20962
185,28,0.438356
185,29,0.304148
185,30,0.00932957
185,31,0.21656
185,32,0.230244
185,33,0.00932957
185,34,0.00932957
185,35,0.336199
185,36,0.161404
185,37,0.135336
185,38,0.0158915
185,39,0.261055
185,40,0.333827
185,41,0.0125923
185,42,0.497675
185,43,0.0141605
185,44,0.0125923
185,45,0.433
185,46,0.0150017
185,47,0.016799
185,48,0.56817
185,49,0.379592
185,50,0.0700706
185,51,0.294544
185,52,0.0255231
185,53,0.351446
185,54,0.0242987
185,55,0.155675
185,56,0.374952
185,57,0.0307985
185,58,0.0351451
185,59,0.269832
185,60,0.591663
185,61,0.0431072
185,62,0.0465339
185,63,0.281114
185,64,0.194788
185,65,0.417235
185,66,0.0832379
185,67,0.061521
185,68,0.0676254
185,69,0.57213
185,70,0.55691
185,71,0.0761266
185,72,0.643857
185,73,0.531842
185,74,0.0872633
185,75,0.0918549
185,76,0.435879
185,77,0.393508
185,78,0.304561
185,79,0.470684
185,80,0.241732
185,81,0.833959
185,82,0.23815
185,83,0.441522
185,84,0.642784
185,85,0.279458
185,86,0.21579
185,87,0.452052
185,88,0.535651
185,89,0.251798
185,90,0.268649
185,91,0.520818
185,92,0.647146
185,93,0.441843
185,94,0.312191
185,95,0.323404
185,96,0.333891
185,97,0.556896
185,98,0.352994
185,99,0.503414
185,100,0.396246
185,101,1
185,102,0.569273
185,103,0.385058
185,104,0.843621
185,105,0.766217
185,106,0.397593
185,107,0.423893
185,108,0.401956
185,109,0.758132
185,110,0.985289
185,111,0.600541
185,112,0.650122
185,113,0.399509
185,114,1
185,115,0.393325
185,116,0.523202
185,117,1
185,118,0.69972
185,119,0.99303
185,120,0.36543
185,121,0.731128
185,122,0.400842
185,123,0.754605
185,124,1
185,125,0.407664
185,126,0.78603
185,127,0.306613
185,128,0.7877
185,129,0.905085
185,130,0.371722
185,131,0.978697
185,132,0.810511
185,133,0.724049
185,134,0.251486
185,135,0.430667
185,136,0.269411
185,137,0.248172
185,138,0.632143
185,139,0.333172
185,140,0.666338
185,141,0.397493
185,142,0.716963
185,143,0.236669
185,144,0.445153
185,145,0.570896
185,146,0.229271
185,147,0.780727
185,148,0.448207
185,149,0.740767
185,150,0.620033
185,151,0.530336
185,152,0.337545
185,153,0.210264
185,154,0.207047
185,155,0.279161
185,156,0.224246
185,157,0.197035
185,158,0.287977
185,159,0.190113
185,160,0.766429
185,161,0.647135
185,162,0.181253
185,163,0.594354
185,164,0.404021
185,165,0.170417
185,166,0.166775
185,167,0.744515
185,168,0.225247
185,169,0.820549
185,170,0.193223
185,171,0.148542
185,172,0.355616
185,173,0.143113
185,174,0.147033
185,175,0
185,176,0.682611
185,177,0.55756
185,178,0.79556
185,179,0.351505
185,180,0.526363
185,181,0.690359
185,182,0.121184
185,183,0.106573
185,184,0.824956
185,185,0
185,186,0.533154
185,187,0.607954
185,188,0.263269
185,189,0.61741
185,190,0.103613
185,191,0.420924
185,192,0.568421
185,193,0.915546
185,194,0.547763
185,195,0.333483
185,196,0.475976
185,197,0.702497
185,198,0.560409
185,199,0.36026
186,0,0.173549
186,1,0.0982341
186,2,0.258706
186,3,0.00513588
186,4,0.54202
186,5,0.396324
186,6,0.124647
186,7,0.566468
186,8,0.241651
186,9,0.00628661
186,10,0.529987
186,11,0.00628661
186,12,0.444604
186,13,0.29064
186,14,0.00628661
186,15,0.00628661
186,16,0.138891
186,17,0.413665
186,18,0.189701
186,19,0.401771
186,20,0.0294256
186,21,0.277111
186,22,0.00661631
186,23,0.00661631
186,24,0.189262
186,25,0.366426
186,26,0.00698032
186,27,0.00781301
186,28,0.0788848
186,29,0.498958
186,30,0.0426575
186,31,0.148348
186,32,0.0108921
186,33,0.00828249
186,34,0.337757
186,35,0.0087879
186,36,0.527942
186,37,0.00828249
186,38,0.0087879
186,39,0.19048
186,40,0.124478
186,41,0.0111753
186,42,0.316339
186,43,0.0125923
186,44,0.0111753
186,45,0.0133574
186,46,0.0133574
186,47,0.185254
186,48,0.45754
186,49,0.0197828
186,50,0.0197828
186,51,0.0158812
186,52,0.326399
186,53,0.268569
186,54,0.0219641
186,55,0.0267855
186,56,0.0764968
186,57,0.319944
186,58,0.0756766
186,59,0.607799
186,60,0.278314
186,61,0.575242
186,62,0.214637
186,63,0.0465339
186,64,0.0500932
186,65,0.0500932
186,66,0.178053
186,67,0.0575915
186,68,0.362683
186,69,0.601618
186,70,0.407432
186,71,0.0718269
186,72,0.0783114
186,73,0.200252
186,74,0.418202
186,75,0.0872633
186,76,0.289461
186,77,0.0941765
186,78,0.730852
186,79,0.216573
186,80,0.115064
186,81,0.210773
186,82,0.606169
186,83,0.767166
186,84,0.943521
186,85,0.18161
186,86,0.200801
186,87,0.463308
186,88,0.765004
186,89,0.659111
186,90,0.49042
186,91,0.449673
186,92,0.631459
186,93,1
186,94,0.562716
186,95,0.744414
186,96,0.443876
186,97,1
186,98,0.808159
186,99,1
186,100,0.963618
186,101,0.48491
186,102,0.376148
186,103,0.37927
186,104,0.899389
186,105,0.928797
186,106,0.436589
186,107,0.397593
186,108,0.963377
186,109,0.401956
186,110,0.680587
186,111,1
186,112,0.585218
186,113,0.401437
186,114,0.826818
186,115,0.550876
186,116,0.393325
186,117,0.978121
186,118,0.983075
186,119,1
186,120,0.578591
186,121,0.391262
186,122,0.415583
186,123,1
186,124,0.3535
186,125,0.843555
186,126,0.705695
186,127,0.643372
186,128,0.753374
186,129,0.332944
186,130,0.558022
186,131,0.518945
186,132,0.612604
186,133,0.657324
186,134,0.481636
186,135,0.291892
186,136,0.367637
186,137,0.69737
186,138,0.423029
186,139,0.246591
186,140,0.768847
186,141,0.880796
186,142,0.241023
186,143,0.238907
186,144,0.236669
186,145,0.533861
186,146,0.485699
186,147,0.229271
186,148,0.328532
186,149,0.294167
186,150,0.222395
186,151,0.749455
186,152,0.539088
186,153,0.338109
186,154,0.731049
186,155,0.782357
186,156,0.203766
186,157,0.348698
186,158,0.353449
186,159,0.780887
186,160,0.639668
186,161,0.188358
186,162,0.287269
186,163,0.254224
186,164,0.558679
186,165,0.801742
186,166,0.592135
186,167,0.166775
186,168,0.570195
186,169,0.159474
186,170,0.189065
186,171,0.454578
186,172,0.150359
186,173,0.240079
186,174,0.598508
186,175,0.137159
186,176,0.751888
186,177,0.27912
186,178,0.502064
186,179,0.352721
186,180,0.793974
186,181,0.786977
186,182,0.336342
186,183,0.572405
186,184,0.359931
186,185,0.300452
186,186,0
186,187,0.592023
186,188,0.675024
186,189,0.865625
186,190,0.14127
186,191,0.647561
186,192,0.692976
186,193,0.209793
186,194,0.11566
186,195,0.123419
186,196,0.931282
186,197,0.101233
186,198,0.864429
186,199,0.101233
187,0,0.768078
187,1,0.00489801
187,2,0.00500163
187,3,0.00489801
187,4,0.00500163
187,5,0.304446
187,6,0.00489801
187,7,0.250368
187,8,0.296194
187,9,0.209142
187,10,0.00572827
187,11,0.00572827
187,12,0.115032
187,13,0.00572827
187,14,0.186303
187,15,0.00572827
187,16,0.176401
187,17,0.511337
187,18,0.331599
187,19,0.00599075
187,20,0.375323
187,21,0.472502
187,22,0.498137
187,23,0.0682993
187,24,0.00661631
187,25,0.00628661
187,26,0.1889
187,27,0.00698032
187,28,0.00661631
187,29,0.0623657
187,30,0.00737909
187,31,0.48407
187,32,0.170403
187,33,0.0721722
187,34,0.00737909
187,35,0.490409
187,36,0.00737909
187,37,0.0200004
187,38,0.153648
187,39,0.497189
187,40,0.0087879
187,41,0.470253
187,42,0.00990783
187,43,0.176452
187,44,0.00990783
187,45,0.300116
187,46,0.330751
187,47,0.260782
187,48,0.230972
187,49,0.0896065
187,50,0.53685
187,51,0.0267956
187,52,0.0208543
187,53,0.460733
187,54,0.525957
187,55,0.10286
187,56,0.507794
187,57,0.153505
187,58,0.16147
187,59,0.0322107
187,60,0.0351451
187,61,0.302481
187,62,0.584785
187,63,0.293727
187,64,0.0465339
187,65,0.0465339
187,66,0.244507
187,67,0.0776515
187,68,0.373854
187,69,0.061521
187,70,0.0655635
187,71,0.483173
187,72,0.0739648
187,73,0.211131
187,74,0.133319
187,75,0.0827465
187,76,0.0872633
187,77,0.0895503
187,78,0.67853
187,79,0.684041
187,80,0.502801
187,81,0.68285
187,82,0.191658
187,83,0.146643
187,84,0.613509
187,85,0.173405
187,86,0.514528
187,87,0.572565
187,88,0.778079
187,89,0.219302
187,90,0.649375
187,91,0.866388
187,92,0.815482
187,93,0.625563
187,94,0.540992
187,95,1
187,96,0.873135
187,97,0.323358
187,98,0.433853
187,99,0.562157
187,100,0.352994
187,101,0.764765
187,102,0.369183
187,103,0.372696
187,104,0.37927
187,105,0.669426
187,106,0.514178
187,107,0.394229
187,108,0.77579
187,109,0.40023
187,110,1
187,111,0.402859
187,112,1
187,113,0.451824
187,114,0.400696
187,115,0.777147
187,116,0.651548
187,117,0.918429
187,118,0.389106
187,119,0.398446
187,120,0.980299
187,121,0.920337
187,122,0.36543
187,123,0.704602
187,124,0.439426
187,125,0.602656
187,126,0.596537
187,127,0.326826
187,128,0.584157
187,129,0.859758
187,130,0.552066
187,131,0.700512
187,132,0.426476
187,133,0.663868
187,134,0.856371
187,135,0.419926
187,136,0.252036
187,137,0.250899
187,138,0.574186
187,139,0.668368
187,140,0.268058
187,141,0.53944
187,142,0.833323
187,143,0.241023
187,144,0.773684
187,145,0.236669
187,146,0.738085
187,147,0.231846
187,148,0.748357
187,149,0.227944
187,150,0.446653
187,151,0.560379
187,152,0.65409
187,153,0.482986
187,154,0.213413
187,155,0.210264
187,156,0.207047
187,157,0.624939
187,158,0.200427
187,159,0.487287
187,160,0.428081
187,161,0.56362
187,162,0.188358
187,163,0.184821
187,164,0.229441
187,165,0.17766
187,166,0.291753
187,167,0.388653
187,168,0.242252
187,169,0.163126
187,170,0.159474
187,171,0.611851
187,172,0.590188
187,173,0.150359
187,174,0
187,175,0.371494
187,176,0.146801
187,177,0.695266
187,178,0.766097
187,179,0.0984985
187,180,0.79556
187,181,0.45889
187,182,0.826107
187,183,0.687385
187,184,0.173475
187,185,0.249427
187,186,0.877641
187,187,0
187,188,0.39389
187,189,0.106831
187,190,0.162373
187,191,0.1036
187,192,0.72564
187,193,0.913676
187,194,0.421827
187,195,0.747541
187,196,0.311439
187,197,0.616299
187,198,0.195392
187,199,0.856863
188,0,0.176313
188,1,0.00478027
188,2,0.00482443
188,3,0.350769
188,4,0.586177
188,5,0.00478027
188,6,0.360146
188,7,0.177626
188,8,0.289171
188,9,0.234012
188,10,0.133105
188,11,0.537759
188,12,0.164549
188,13,0.00530137
188,14,0.514108
188,15,0.00530137
188,16,0.00549865
188,17,0.00549865
188,18,0.00549865
188,19,0.332225
188,20,0.00549865
188,21,0.00572827
188,22,0.408057
188,23,0.00549865
188,24,0.00599075
188,25,0.00572827
188,26,0.381457
188,27,0.226588
188,28,0.451427
188,29,0.00599075
188,30,0.0911704
188,31,0.469496
188,32,0.00698032
188,33,0.235027
188,34,0.222427
188,35,0.00698032
188,36,0.00661631
188,37,0.00661631
188,38,0.443981
188,39,0.281617
188,40,0.00781301
188,41,0.0087879
188,42,0.229391
188,43,0.203095
188,44,0.104941
188,45,0.158857
188,46,0.53562
188,47,0.452614
188,48,0.376828
188,49,0.0158812
188,50,0.203545
188,51,0.0125923
188,52,0.211006
188,53,0.0310937
188,54,0.0177551
188,55,0.548498
188,56,0.287894
188,57,0.578795
188,58,0.21041
188,59,0.180752
188,60,0.612224
188,61,0.0336597
188,62,0.0990385
188,63,0.039817
188,64,0.43641
188,65,0.0431072
188,66,0.245894
188,67,0.474931
188,68,0.223298
188,69,0.153368
188,70,0.221351
188,71,0.313058
188,72,0.615228
188,73,0.0718269
188,74,0.0739648
188,75,0.188939
188,76,0.549887
188,77,0.0849951
188,78,0.113247
188,79,0.398987
188,80,0.267281
188,81,0.786751
188,82,0.585614
188,83,0.130873
188,84,0.292446
188,85,0.811304
188,86,0.957985
188,87,0.18161
188,88,0.849125
188,89,0.604585
188,90,0.659438
188,91,0.890685
188,92,0.774967
188,93,0.26188
188,94,0.275231
188,95,0.599262
188,96,0.313737
188,97,0.828066
188,98,0.424984
188,99,0.868869
188,100,0.343813
188,101,0.951533
188,102,0.472163
188,103,0.365353
188,104,1
188,105,0.697882
188,106,0.593001
188,107,0.879947
188,108,0.883631
188,109,0.87544
188,110,0.429725
188,111,0.401956
188,112,0.780016
188,113,1
188,114,0.402221
188,115,1
188,116,0.96218
188,117,0.396799
188,118,0.393325
188,119,0.798245
188,120,0.864805
188,121,0.78768
188,122,0.62324
188,123,0.564599
188,124,0.858742
188,125,0.731853
188,126,1
188,127,1
188,128,0.415964
188,129,0.316926
188,130,0.741682
188,131,0.536945
188,132,0.285173
188,133,1
188,134,0.516702
188,135,0.991086
188,136,0.502755
188,137,0.894651
188,138,0.652549
188,139,0.24961
188,140,0.544426
188,141,0.856824
188,142,0.244869
188,143,0.243012
188,144,0.74086
188,145,0.304164
188,146,0.236669
188,147,0.493387
188,148,0.389457
188,149,0.230572
188,150,0.227944
188,151,0.225217
188,152,0.624038
188,153,0.574532
188,154,0.494095
188,155,0.346873
188,156,0.210264
188,157,0.426692
188,158,0.289283
188,159,0.512322
188,160,0.669297
188,161,0.195321
188,162,0.19186
188,163,0.71577
188,164,0.184821
188,165,0.525556
188,166,0.722244
188,167,0.504353
188,168,0.461177
188,169,0.432951
188,170,0.738832
188,171,0.159474
188,172,0.387756
188,173,0.154
188,174,0.168125
188,175,0.120155
188,176,0.379887
188,177,0.360612
188,178,0.751888
188,179,0
188,180,0.568588
188,181,0.122501
188,182,0.259293
188,183,0.420392
188,184,0
188,185,0
188,186,0.000973812
188,187,0.348664
188,188,0
188,189,0.656684
188,190,0.522721
188,191,0.103527
188,192,0.520469
188,193,0.687437
188,194,0.272046
188,195,0.420821
188,196,0.836308
188,197,0.963533
188,198,0.30551
188,199,0.504657
189,0,0.572613
189,1,0.504384
189,2,0.00476487
189,3,0.423562
189,4,0.0145612
189,5,0.182308
189,6,0.00477759
189,7,0.37085
189,8,0.00500163
189,9,0.400292
189,10,0.353415
189,11,0.00500163
189,12,0.119418
189,13,0.00500163
189,14,0.275305
189,15,0.00500163
189,16,0.00513588
189,17,0.319019
189,18,0.00513588
189,19,0.00513588
189,20,0.00513588
189,21,0.193488
189,22,0.0571584
189,23,0.498042
189,24,0.00549865
189,25,0.325148
189,26,0.00530137
189,27,0.00572827
189,28,0.297037
189,29,0.228672
189,30,0.231636
189,31,0.00572827
189,32,0.124523
189,33,0.00599075
189,34,0.00599075
189,35,0.535685
189,36,0.204999
189,37,0.00599075
189,38,0.307201
189,39,0.383171
189,40,0.00698032
189,41,0.0663689
189,42,0.00781301
189,43,0.272215
189,44,0.0794403
189,45,0.377811
189,46,0.305653
189,47,0.0918342
189,48,0.101251
189,49,0.389249
189,50,0.484679
189,51,0.487389
189,52,0.016799
189,53,0.0158812
189,54,0.401818
189,55,0.295741
189,56,0.0187498
189,57,0.0208543
189,58,0.444403
189,59,0.434871
189,60,0.411677
189,61,0.117327
189,62,0.0336597
189,63,0.0366667
189,64,0.191544
189,65,0.039817
189,66,0.0431072
189,67,0.0465339
189,68,0.326427
189,69,0.0537806
189,70,0.689964
189,71,0.533532
189,72,0.266755
189,73,0.0676254
189,74,0.275048
189,75,0.0739648
189,76,0.694595
189,77,0.0805183
189,78,0.375068
189,79,0.267889
189,80,0.0941765
189,81,0.33114
189,82,0.239667
189,83,0.394902
189,84,0.763614
189,85,0.134764
189,86,0.154478
189,87,0.930968
189,88,0.314394
189,89,0.189254
189,90,0.814906
189,91,0.226659
189,92,0.590808
189,93,0.996516
189,94,0.551301
189,95,0.275267
189,96,0.308553
189,97,0.89937
189,98,0.39612
189,99,0.982815
189,100,0.967931
189,101,0.408376
189,102,0.824177
189,103,0.517385
189,104,0.529657
189,105,0.372696
189,106,0.570751
189,107,0.447872
189,108,0.616405
189,109,1
189,110,0.8865
189,111,0.687394
189,112,0.603882
189,113,0.402407
189,114,1
189,115,0.447233
189,116,0.407418
189,117,0.399509
189,118,0.402954
189,119,0.72733
189,120,0.401981
189,121,0.384322
189,122,0.844209
189,123,0.934282
189,124,1
189,125,0.357867
189,126,1
189,127,0.345233
189,128,1
189,129,0.326826
189,130,0.317173
189,131,0.870144
189,132,0.49287
189,133,0.758522
189,134,0.273892
189,135,0.818913
189,136,0.908798
189,137,0.553507
189,138,0.252036
189,139,0.303322
189,140,0.464031
189,141,0.713062
189,142,0.764496
189,143,0.84249
189,144,0.7251
189,145,0.715488
189,146,0.238907
189,147,0.236669
189,148,0.235506
189,149,0.27493
189,150,0.454014
189,151,0.227944
189,152,0.283487
189,153,0.222395
189,154,0.219484
189,155,0.243661
189,156,0.29837
189,157,0.755663
189,158,0.430197
189,159,0.270181
189,160,0.202103
189,161,0.483367
189,162,0.195321
189,163,0.384505
189,164,0.213049
189,165,0.263181
189,166,0.203402
189,167,0.17766
189,168,0.174047
189,169,0.298073
189,170,0.492823
189,171,0.378783
189,172,0.161301
189,173,0.355299
189,174,0.178918
189,175,0
189,176,0.0623257
189,177,0.411116
189,178,0
189,179,0.121786
189,180,0
189,181,0.546113
189,182,0.425439
189,183,0.383343
189,184,0.816911
189,185,0.517342
189,186,0.849219
189,187,0.435905
189,188,0.517523
189,189,0
189,190,0.535009
189,191,0.93855
189,192,0.667998
189,193,0.212864
189,194,0.212625
189,195,0.240186
189,196,0.602598
189,197,0.646347
189,198,0.611486
189,199,0.905053
190,0,0.644847
190,1,0.00488465
190,2,0.170047
190,3,0.00488465
190,4,0.00481775
190,5,0.00488465
190,6,0.245329
190,7,0.00476487
190,8,0.00482443
190,9,0.00482443
190,10,0.0529092
190,11,0.251511
190,12,0.00482443
190,13,0.00482443
190,14,0.00482443
190,15,0.409467
190,16,0.00489801
190,17,0.403575
190,18,0.325206
190,19,0.219834
190,20,0.00489801
190,21,0.00500163
190,22,0.158823
190,23,0.00489801
190,24,0.0699901
190,25,0.366989
190,26,0.00500163
190,27,0.00530137
190,28,0.0211829
190,29,0.466635
190,30,0.00549865
190,31,0.00530137
190,32,0.540794
190,33,0.151919
190,34,0.00549865
190,35,0.00572827
190,36,0.190585
190,37,0.50102
190,38,0.20765
190,39,0.528699
190,40,0.00628661
190,41,0.00698032
190,42,0.176043
190,43,0.076258
190,44,0.00698032
190,45,0.383652
190,46,0.00828249
190,47,0.00932957
190,48,0.182996
190,49,0.0125923
190,50,0.570725
190,51,0.52772
190,52,0.0150017
190,53,0.134159
190,54,0.547276
190,55,0.368988
190,56,0.016799
190,57,0.0187498
190,58,0.4714
190,59,0.36553
190,60,0.0267855
190,61,0.498242
190,62,0.484875
190,63,0.0336597
190,64,0.0899317
190,65,0.0366667
190,66,0.039817
190,67,0.0431072
190,68,0.0482973
190,69,0.643319
190,70,0.0537806
190,71,0.0556709
190,72,0.061521
190,73,0.34646
190,74,0.507222
190,75,0.0697135
190,76,0.191808
190,77,0.0761266
190,78,0.450432
190,79,0.0849951
190,80,0.0895503
190,81,0.492932
190,82,0.857852
190,83,0.312175
190,84,0.107812
190,85,0.872994
190,86,0.147913
190,87,0.494206
190,88,0.16613
190,89,0.17387
190,90,0.316721
190,91,0.316934
190,92,1
190,93,0.233873
190,94,0.424077
190,95,0.513615
190,96,0.426238
190,97,0.802674
190,98,0.618435
190,99,0.537883
190,100,0.798224
190,101,0.664521
190,102,0.828097
190,103,0.863789
190,104,0.357259
190,105,0.609515
190,106,1
190,107,0.733432
190,108,0.696186
190,109,0.817786
190,110,0.769551
190,111,0.816686
190,112,0.468668
190,113,0.756607
190,114,0.402859
190,115,0.675807
190,116,0.714897
190,117,0.447005
190,118,0.399509
190,119,0.896175
190,120,0.530585
190,121,0.517803
190,122,0.384322
190,123,0.499841
190,124,0.686687
190,125,0.531094
190,126,0.927166
190,127,1
190,128,0.345233
190,129,0.411345
190,130,0.402334
190,131,0.855256
190,132,0.905596
190,133,0.296189
190,134,0.533477
190,135,1
190,136,0.460647
190,137,0.487162
190,138,0.531274
190,139,0.938464
190,140,0.250899
190,141,0.24961
190,142,0.529202
190,143,0.325516
190,144,0.608555
190,145,0.543934
190,146,0.778612
190,147,0.238907
190,148,0.780808
190,149,0.78792
190,150,0.802142
190,151,0.230572
190,152,0.227944
190,153,0.80621
190,154,0.447255
190,155,0.646131
190,156,0.216488
190,157,0.233745
190,158,0.530354
190,159,0.291369
190,160,0.546483
190,161,0.202103
190,162,0.198737
190,163,0.393035
190,164,0.19186
190,165,0.579963
190,166,0.386049
190,167,0.308473
190,168,0.17766
190,169,0.174047
190,170,0.289097
190,171,0.217847
190,172,0.164951
190,173,0.161301
190,174,0.483694
190,175,0.657686
190,176,0.421033
190,177,0.411494
190,178,0
190,179,0.373175
190,180,0.382154
190,181,0
190,182,0.692205
190,183,0.712827
190,184,0
190,185,0.357257
190,186,0.584157
190,187,0.367917
190,188,0.834679
190,189,0.359028
190,190,0
190,191,0.906729
190,192,0.61156
190,193,0.42122
190,194,0.176542
190,195,0.195324
190,196,0.453975
190,197,0.930798
190,198,0.75382
190,199,0.938243
191,0,0.175597
191,1,0.496429
191,2,0.0159652
191,3,0.180678
191,4,0.00497758
191,5,0.0547049
191,6,0.00509583
191,7,0.00481775
191,8,0.00476487
191,9,0.585507
191,10,0.00476487
191,11,0.29757
191,12,0.155155
191,13,0.00476487
191,14,0.136948
191,15,0.00476487
191,16,0.00478027
191,17,0.59495
191,18,0.00478027
191,19,0.370574
191,20,0.469128
191,21,0.0416871
191,22,0.280646
191,23,0.0822335
191,24,0.456171
191,25,0.452398
191,26,0.272471
191,27,0.00500163
191,28,0.390552
191,29,0.0338897
191,30,0.00513588
191,31,0.578718
191,32,0.00530137
191,33,0.259694
191,34,0.137547
191,35,0.0134119
191,36,0.00513588
191,37,0.462463
191,38,0.0526312
191,39,0.00572827
191,40,0.437033
191,41,0.237618
191,42,0.485071
191,43,0.00698032
191,44,0.514867
191,45,0.0167193
191,46,0.362092
191,47,0.00828249
191,48,0.00932957
191,49,0.417805
191,50,0.0111753
191,51,0.0087879
191,52,0.0133574
191,53,0.287408
191,54,0.341987
191,55,0.0158812
191,56,0.147738
191,57,0.0235874
191,58,0.0541181
191,59,0.0219641
191,60,0.481544
191,61,0.343348
191,62,0.0280857
191,63,0.0307985
191,64,0.0352004
191,65,0.532058
191,66,0.266842
191,67,0.164491
191,68,0.442014
191,69,0.0465339
191,70,0.412137
191,71,0.323908
191,72,0.459635
191,73,0.354472
191,74,0.061521
191,75,0.430273
191,76,0.0697135
191,77,0.590457
191,78,0.741363
191,79,0.294599
191,80,0.486155
191,81,0.823183
191,82,0.639156
191,83,0.824166
191,84,0.592753
191,85,0.450957
191,86,0.122952
191,87,0.213292
191,88,0.150499
191,89,0.527701
191,90,0.633928
191,91,0.88892
191,92,0.321765
191,93,0.219302
191,94,0.233873
191,95,0.781456
191,96,0.982549
191,97,0.806869
191,98,0.340246
191,99,0.802202
191,100,0.938927
191,101,1
191,102,0.467311
191,103,0.715387
191,104,0.766466
191,105,0.521188
191,106,0.424759
191,107,0.856073
191,108,0.37934
191,109,0.394108
191,110,0.390127
191,111,1
191,112,0.397682
191,113,1
191,114,0.989158
191,115,1
191,116,0.70516
191,117,1
191,118,0.401437
191,119,0.699802
191,120,0.645585
191,121,1
191,122,0.575992
191,123,0.943939
191,124,1
191,125,0.649458
191,126,0.654946
191,127,0.910681
191,128,0.353664
191,129,0.8748
191,130,0.578882
191,131,0.327061
191,132,0.822618
191,133,0.875669
191,134,0.684446
191,135,0.401696
191,136,0.278494
191,137,0.910719
191,138,0.25584
191,139,0.350812
191,140,0.252036
191,141,0.250899
191,142,0.24961
191,143,0.255695
191,144,0.246591
191,145,0.244869
191,146,0.243012
191,147,0.597652
191,148,0.795493
191,149,0.31128
191,150,0.235506
191,151,0.238442
191,152,0.230572
191,153,0.48216
191,154,0.225217
191,155,0.222395
191,156,0.219484
191,157,0.506435
191,158,0.755307
191,159,0.210264
191,160,0.269464
191,161,0.235328
191,162,0.257999
191,163,0.198737
191,164,0.195321
191,165,0.19186
191,166,0.389363
191,167,0.237395
191,168,0.801912
191,169,0.454207
191,170,0.614991
191,171,0.170417
191,172,0.701264
191,173,0.820029
191,174,0.110904
191,175,0
191,176,0.687764
191,177,0.384475
191,178,0.506383
191,179,0.682499
191,180,0
191,181,0.751888
191,182,0.113979
191,183,0.209465
191,184,0.469531
191,185,0.328415
191,186,0.412563
191,187,0.674413
191,188,0.0750358
191,189,0.411547
191,190,0.117241
191,191,0
191,192,0.58951
191,193,0.877273
191,194,0.590024
191,195,0.802348
191,196,0.112056
191,197,0.665807
191,198,0.367848
191,199,0.529796
192,0,0.637373
192,1,0.00540529
192,2,0.00523865
192,3,0.379634
192,4,0.486457
192,5,0.00540529
192,6,0.00540529
192,7,0.524062
192,8,0.00481775
192,9,0.413485
192,10,0.261443
192,11,0.00481775
192,12,0.485797
192,13,0.229651
192,14,0.111427
192,15,0.00481775
192,16,0.00477759
192,17,0.560168
192,18,0.353399
192,19,0.590747
192,20,0.00477759
192,21,0.00476487
192,22,0.00477759
192,23,0.287591
192,24,0.00478027
192,25,0.317131
192,26,0.0843982
192,27,0.00482443
192,28,0.00478027
192,29,0.459517
192,30,0.332828
192,31,0.00482443
192,32,0.458088
192,33,0.00489801
192,34,0.393161
192,35,0.315929
192,36,0.00489801
192,37,0.548758
192,38,0.217017
192,39,0.270918
192,40,0.34272
192,41,0.00572827
192,42,0.481648
192,43,0.204193
192,44,0.475395
192,45,0.00661631
192,46,0.42642
192,47,0.00737909
192,48,0.00828249
192,49,0.167065
192,50,0.00990783
192,51,0.00781301
192,52,0.361549
192,53,0.0111753
192,54,0.0111753
192,55,0.438953
192,56,0.501162
192,57,0.155769
192,58,0.0177551
192,59,0.0197828
192,60,0.0297852
192,61,0.391554
192,62,0.0255231
192,63,0.0280857
192,64,0.469681
192,65,0.0307985
192,66,0.0336597
192,67,0.0366667
192,68,0.0414448
192,69,0.310935
192,70,0.574195
192,71,0.54888
192,72,0.621274
192,73,0.506358
192,74,0.208305
192,75,0.546202
192,76,0.0655635
192,77,0.0968311
192,78,0.698203
192,79,0.318138
192,80,0.739603
192,81,0.0827465
192,82,0.794754
192,83,0.582103
192,84,0.101696
192,85,0.0988665
192,86,0.49376
192,87,0.118977
192,88,0.572709
192,89,0.596468
192,90,0.448325
192,91,0.18161
192,92,0.446509
192,93,0.855976
192,94,0.413332
192,95,0.35103
192,96,0.24808
192,97,0.489711
192,98,0.621093
192,99,0.288131
192,100,0.300466
192,101,0.56484
192,102,0.323404
192,103,0.328705
192,104,0.392955
192,105,0.648148
192,106,0.979637
192,107,0.609755
192,108,1
192,109,0.924843
192,110,1
192,111,0.960031
192,112,0.956538
192,113,1
192,114,0.692315
192,115,0.401099
192,116,1
192,117,0.402896
192,118,0.402569
192,119,0.819191
192,120,0.933546
192,121,0.831798
192,122,0.89116
192,123,0.389257
192,124,0.664363
192,125,0.378688
192,126,0.672023
192,127,0.659225
192,128,0.664758
192,129,0.353664
192,130,0.764207
192,131,0.712867
192,132,0.605248
192,133,0.735824
192,134,0.683949
192,135,0.820469
192,136,0.289669
192,137,0.472677
192,138,0.267075
192,139,0.256226
192,140,0.253018
192,141,0.252036
192,142,0.741985
192,143,0.915674
192,144,0.248172
192,145,0.246591
192,146,0.885897
192,147,0.243012
192,148,0.27519
192,149,0.239981
192,150,0.634403
192,151,0.235506
192,152,0.65958
192,153,0.330221
192,154,0.227944
192,155,0.225217
192,156,0.423805
192,157,0.695743
192,158,0.652274
192,159,0.213413
192,160,0.758712
192,161,0.304498
192,162,0.562929
192,163,0.275891
192,164,0.198737
192,165,0.195321
192,166,0.19186
192,167,0.188358
192,168,0.640006
192,169,0.2789
192,170,0.17766
192,171,0.174047
192,172,0.490157
192,173,0.168597
192,174,0.655078
192,175,0.479235
192,176,0.0924606
192,177,0.679332
192,178,0.642598
192,179,0.514212
192,180,0
192,181,0.448334
192,182,0.696273
192,183,0.721623
192,184,0
192,185,0.0858595
192,186,0.0776197
192,187,0.624172
192,188,0.0164463
192,189,0
192,190,0.816773
192,191,0.016887
192,192,0
192,193,0.519589
192,194,0.6101
192,195,0.507563
192,196,0.67277
192,197,0.978374
192,198,0.737262
192,199,0.989296
193,0,0.789158
193,1,0.00580698
193,2,0.005595
193,3,0.467639
193,4,0.492192
193,5,0.0574884
193,6,0.44791
193,7,0.265574
193,8,0.422281
193,9,0.383645
193,10,0.154512
193,11,0.174814
193,12,0.475039
193,13,0.00497758
193,14,0.0546617
193,15,0.3634
193,16,0.00488465
193,17,0.280098
193,18,0.557917
193,19,0.00488465
193,20,0.374691
193,21,0.588081
193,22,0.519165
193,23,0.416554
193,24,0.103703
193,25,0.125267
193,26,0.00481775
193,27,0.00476487
193,28,0.110068
193,29,0.00477759
193,30,0.00478027
193,31,0.00476487
193,32,0.00482443
193,33,0.099618
193,34,0.00478027
193,35,0.00482443
193,36,0.516701
193,37,0.551021
193,38,0.347378
193,39,0.307825
193,40,0.305937
193,41,0.00530137
193,42,0.00530137
193,43,0.146665
193,44,0.0575599
193,45,0.284237
193,46,0.00599075
193,47,0.358376
193,48,0.00737909
193,49,0.0087879
193,50,0.398825
193,51,0.00698032
193,52,0.010523
193,53,0.294903
193,54,0.475985
193,55,0.275924
193,56,0.011865
193,57,0.0133574
193,58,0.455718
193,59,0.318664
193,60,0.0197828
193,61,0.0208543
193,62,0.0231123
193,63,0.124999
193,64,0.157484
193,65,0.0280857
193,66,0.260262
193,67,0.0933779
193,68,0.0382241
193,69,0.039817
193,70,0.0431072
193,71,0.521804
193,72,0.353063
193,73,0.128209
193,74,0.117118
193,75,0.0575915
193,76,0.061521
193,77,0.453429
193,78,0.672503
193,79,0.247832
193,80,0.740393
193,81,0.538039
193,82,0.407383
193,83,0.0895503
193,84,0.314759
193,85,0.353966
193,86,0.751584
193,87,0.601294
193,88,0.620645
193,89,0.672912
193,90,0.39442
193,91,0.941225
193,92,0.781485
193,93,0.491672
193,94,0.511373
193,95,0.383181
193,96,0.735678
193,97,0.24808
193,98,0.895656
193,99,0.925776
193,100,0.633959
193,101,0.300466
193,102,0.819384
193,103,0.335496
193,104,0.5787
193,105,0.33891
193,106,0.502991
193,107,0.733236
193,108,0.99917
193,109,0.441121
193,110,0.37934
193,111,0.968811
193,112,0.390127
193,113,0.82493
193,114,1
193,115,0.669519
193,116,0.401099
193,117,1
193,118,0.402896
193,119,1
193,120,0.755385
193,121,0.812667
193,122,0.994436
193,123,0.550527
193,124,0.389257
193,125,0.482398
193,126,0.89681
193,127,0.980698
193,128,0.612571
193,129,0.702161
193,130,0.800915
193,131,0.345445
193,132,0.680859
193,133,0.473149
193,134,0.317173
193,135,0.306872
193,136,0.562386
193,137,0.628792
193,138,0.63477
193,139,0.360088
193,140,0.861765
193,141,0.650955
193,142,0.252036
193,143,0.835975
193,144,0.25288
193,145,0.248172
193,146,0.278356
193,147,0.350398
193,148,0.815454
193,149,0.435004
193,150,0.239981
193,151,0.356425
193,152,0.235506
193,153,0.233094
193,154,0.711178
193,155,0.227944
193,156,0.259596
193,157,0.4343
193,158,0.219484
193,159,0.720733
193,160,0.21496
193,161,0.643963
193,162,0.735102
193,163,0.578819
193,164,0.202103
193,165,0.198737
193,166,0.610511
193,167,0.540571
193,168,0.562498
193,169,0.226483
193,170,0.181253
193,171,0.435589
193,172,0.175856
193,173,0.172233
193,174,0.157873
193,175,0.0590206
193,176,0
193,177,0.544863
193,178,0.534459
193,179,0
193,180,0.126429
193,181,0
193,182,0.469283
193,183,0.347424
193,184,0.00149278
193,185,0.373995
193,186,0.700229
193,187,0.479375
193,188,0.0365723
193,189,0.833829
193,190,0.440295
193,191,0.277071
193,192,0.788402
193,193,0
193,194,0.420408
193,195,0.103252
193,196,0.101147
193,197,0.57408
193,198,0.878944
193,199,0.75197
194,0,0.308881
194,1,0.00629461
194,2,0.484836
194,3,0.591149
194,4,0.015326
194,5,0.00629461
194,6,0.0706909
194,7,0.381143
194,8,0.00523865
194,9,0.00523865
194,10,0.176632
194,11,0.168882
194,12,0.251044
194,13,0.255917
194,14,0.00523865
194,15,0.00523865
194,16,0.433052
194,17,0.371654
194,18,0.619622
194,19,0.0303237
194,20,0.506099
194,21,0.602134
194,22,0.531529
194,23,0.00509583
194,24,0.406561
194,25,0.00497758
194,26,0.00497758
194,27,0.438631
194,28,0.530613
194,29,0.00488465
194,30,0.196221
194,31,0.00481775
194,32,0.0831401
194,33,0.0332644
194,34,0.00477759
194,35,0.450056
194,36,0.0766509
194,37,0.218636
194,38,0.189337
194,39,0.408184
194,40,0.465795
194,41,0.00500163
194,42,0.00500163
194,43,0.0719872
194,44,0.352028
194,45,0.143693
194,46,0.214565
194,47,0.136113
194,48,0.00661631
194,49,0.200703
194,50,0.53634
194,51,0.00628661
194,52,0.171272
194,53,0.434282
194,54,0.0087879
194,55,0.0111753
194,56,0.010523
194,57,0.221955
194,58,0.0141605
194,59,0.0158812
194,60,0.407857
194,61,0.377387
194,62,0.0208543
194,63,0.0231123
194,64,0.0255231
194,65,0.146486
194,66,0.0280857
194,67,0.3013
194,68,0.0351451
194,69,0.366238
194,70,0.132394
194,71,0.0414448
194,72,0.52826
194,73,0.503283
194,74,0.18553
194,75,0.314668
194,76,0.0836649
194,77,0.0595418
194,78,0.0635284
194,79,0.409385
194,80,0.519882
194,81,0.0739648
194,82,0.626406
194,83,0.168859
194,84,0.820484
194,85,0.0895503
194,86,0.601959
194,87,0.0988665
194,88,0.737386
194,89,0.85329
194,90,0.222778
194,91,0.619687
194,92,0.701576
194,93,0.622609
194,94,0.967758
194,95,0.96937
194,96,0.219302
194,97,0.233873
194,98,0.700789
194,99,0.418845
194,100,0.939923
194,101,0.288131
194,102,0.477166
194,103,0.831425
194,104,1
194,105,1
194,106,0.477389
194,107,0.485597
194,108,1
194,109,0.667993
194,110,1
194,111,0.924606
194,112,0.810621
194,113,0.995739
194,114,0.394313
194,115,0.809045
194,116,0.398967
194,117,1
194,118,0.994606
194,119,1
194,120,0.968632
194,121,0.401558
194,122,0.697371
194,123,0.70299
194,124,0.917029
194,125,0.660035
194,126,0.653064
194,127,1
194,128,0.770305
194,129,0.368802
194,130,0.425843
194,131,0.604669
194,132,0.389903
194,133,0.768888
194,134,0.327061
194,135,0.32117
194,136,0.610723
194,137,0.59948
194,138,0.624463
194,139,0.573374
194,140,0.267857
194,141,0.578763
194,142,0.283895
194,143,0.65796
194,144,0.35434
194,145,0.34241
194,146,0.248172
194,147,0.319952
194,148,0.245747
194,149,0.243957
194,150,0.242034
194,151,0.239981
194,152,0.237803
194,153,0.624519
194,154,0.394943
194,155,0.801831
194,156,0.227944
194,157,0.225217
194,158,0.726103
194,159,0.703885
194,160,0.217996
194,161,0.21496
194,162,0.211847
194,163,0.270983
194,164,0.682215
194,165,0.390694
194,166,0.516785
194,167,0.227249
194,168,0.19186
194,169,0.188358
194,170,0.781047
194,171,0.181253
194,172,0.6959
194,173,0.175856
194,174,0.526959
194,175,0
194,176,0.336055
194,177,0
194,178,0.366092
194,179,0.600843
194,180,0.010023
194,181,0.648805
194,182,0.65469
194,183,0.262277
194,184,0.449117
194,185,0.233453
194,186,0.258418
194,187,0.7551
194,188,0.319004
194,189,0.212798
194,190,0.693829
194,191,0.552254
194,192,0.468663
194,193,0.119523
194,194,0
194,195,0.102587
194,196,0.373379
194,197,0.714711
194,198,0.770867
194,199,0.79067
195,0,0.826415
195,1,0.00686176
195,2,0.423246
195,3,0.00686176
195,4,0.601537
195,5,0.00686176
195,6,0.553342
195,7,0.00604045
195,8,0.316523
195,9,0.005595
195,10,0.496537
195,11,0.186747
195,12,0.005595
195,13,0.382648
195,14,0.0594243
195,15,0.42801
195,16,0.025365
195,17,0.469746
195,18,0.00540529
195,19,0.00540529
195,20,0.00540529
195,21,0.15346
195,22,0.00540529
195,23,0.520239
195,24,0.00509583
195,25,0.00523865
195,26,0.585945
195,27,0.0374164
195,28,0.551175
195,29,0.363246
195,30,0.00488465
195,31,0.40053
195,32,0.429223
195,33,0.598238
195,34,0.431717
195,35,0.371685
195,36,0.00488465
195,37,0.322505
195,38,0.574976
195,39,0.284159
195,40,0.371862
195,41,0.423486
195,42,0.00482443
195,43,0.00500163
195,44,0.164031
195,45,0.237123
195,46,0.455494
195,47,0.528267
195,48,0.04998
195,49,0.00698032
195,50,0.00698032
195,51,0.311943
195,52,0.162904
195,53,0.00781301
195,54,0.188056
195,55,0.18829
195,56,0.0510607
195,57,0.141947
195,58,0.0125923
195,59,0.0141605
195,60,0.0158812
195,61,0.016799
195,62,0.0187498
195,63,0.0208543
195,64,0.0231123
195,65,0.0231123
195,66,0.483837
195,67,0.0280857
195,68,0.327007
195,69,0.467987
195,70,0.529123
195,71,0.110701
195,72,0.315565
195,73,0.0448038
195,74,0.222554
195,75,0.0500932
195,76,0.439355
195,77,0.121854
195,78,0.0595418
195,79,0.0635284
195,80,0.236799
195,81,0.146992
195,82,0.72033
195,83,0.0805183
195,84,0.477022
195,85,0.375678
195,86,0.536257
195,87,0.0941765
195,88,0.0988665
195,89,0.607006
195,90,0.465866
195,91,0.366935
195,92,0.903958
195,93,0.697915
195,94,0.536206
195,95,0.189278
195,96,0.74926
195,97,0.470089
195,98,0.449609
195,99,0.503504
195,100,0.35713
195,101,0.38851
195,102,1
195,103,1
195,104,0.530279
195,105,0.592521
195,106,0.328705
195,107,0.33891
195,108,1
195,109,0.487389
195,110,0.525317
195,111,0.536758
195,112,0.889761
195,113,0.472026
195,114,0.620804
195,115,0.56412
195,116,1
195,117,0.398967
195,118,0.713417
195,119,1
195,120,1
195,121,0.402684
195,122,0.589193
195,123,0.989611
195,124,0.993144
195,125,1
195,126,0.391307
195,127,0.72272
195,128,0.570159
195,129,0.558085
195,130,0.368984
195,131,0.837103
195,132,0.841037
195,133,1
195,134,0.759064
195,135,0.327061
195,136,0.487122
195,137,0.899418
195,138,0.356909
195,139,0.335084
195,140,0.279272
195,141,0.681205
195,142,0.663387
195,143,0.868751
195,144,0.936988
195,145,0.250899
195,146,0.24961
195,147,0.743731
195,148,0.247399
195,149,0.70012
195,150,0.68251
195,151,0.242034
195,152,0.74373
195,153,0.237803
195,154,0.746638
195,155,0.533101
195,156,0.230572
195,157,0.72065
195,158,0.225217
195,159,0.397043
195,160,0.22095
195,161,0.217996
195,162,0.21496
195,163,0.211847
195,164,0.208663
195,165,0.75459
195,166,0.202103
195,167,0.414205
195,168,0.58832
195,169,0.278819
195,170,0.714387
195,171,0.761819
195,172,0.183041
195,173,0.387794
195,174,0.479791
195,175,0
195,176,0.334343
195,177,0
195,178,0.59823
195,179,0.59499
195,180,0.587067
195,181,0.414045
195,182,0.707584
195,183,0.489604
195,184,0.635959
195,185,0.627585
195,186,0.207211
195,187,0.773341
195,188,0.560526
195,189,0.501264
195,190,0.461663
195,191,0.833829
195,192,0.815386
195,193,0.799728
195,194,0
195,195,0
195,196,0.0597893
195,197,0.774426
195,198,0.163195
195,199,0.667721
196,0,0.535823
196,1,0.30917
196,2,0.243591
196,3,0.176565
196,4,0.439015
196,5,0.00717308
196,6,0.00717308
196,7,0.526923
196,8,0.450835
196,9,0.062975
196,10,0.413686
196,11,0.329665
196,12,0.00580698
196,13,0.0810059
196,14,0.271697
196,15,0.629598
196,16,0.005595
196,17,0.094116
196,18,0.00984384
196,19,0.005595
196,20,0.005595
196,21,0.630297
196,22,0.482697
196,23,0.005595
196,24,0.497765
196,25,0.318761
196,26,0.00540529
196,27,0.569115
196,28,0.100094
196,29,0.00523865
196,30,0.242128
196,31,0.00509583
196,32,0.590854
196,33,0.00497758
196,34,0.168984
196,35,0.36451
196,36,0.00497758
196,37,0.499862
196,38,0.23323
196,39,0.00477759
196,40,0.00477759
196,41,0.00478027
196,42,0.425087
196,43,0.165613
196,44,0.425782
196,45,0.0486437
196,46,0.137418
196,47,0.00530137
196,48,0.479061
196,49,0.495938
196,50,0.00661631
196,51,0.00549865
196,52,0.477381
196,53,0.00737909
196,54,0.00737909
196,55,0.338926
196,56,0.470714
196,57,0.00990783
196,58,0.276558
196,59,0.0133574
196,60,0.236322
196,61,0.0158812
196,62,0.0177551
196,63,0.215586
196,64,0.10815
196,65,0.542048
196,66,0.0242987
196,67,0.460762
196,68,0.445011
196,69,0.611926
196,70,0.620452
196,71,0.0366667
196,72,0.0414448
196,73,0.464827
196,74,0.352221
196,75,0.0482973
196,76,0.0519211
196,77,0.0537806
196,78,0.0575915
196,79,0.061521
196,80,0.0655635
196,81,0.414533
196,82,0.0739648
196,83,0.0783114
196,84,0.680239
196,85,0.166285
196,86,0.645337
196,87,0.627428
196,88,0.553524
196,89,0.3923
196,90,0.112674
196,91,0.269507
196,92,0.76926
196,93,0.500798
196,94,0.946734
196,95,0.340672
196,96,0.502943
196,97,0.37677
196,98,0.246481
196,99,0.380627
196,100,0.413525
196,101,0.283023
196,102,0.545615
196,103,0.820861
196,104,0.301653
196,105,0.31339
196,106,1
196,107,0.400144
196,108,0.51863
196,109,0.356508
196,110,0.555714
196,111,0.679957
196,112,1
196,113,0.739437
196,114,0.734141
196,115,0.924588
196,116,1
196,117,0.548566
196,118,0.706758
196,119,0.789554
196,120,1
196,121,0.851196
196,122,1
196,123,0.894866
196,124,0.399058
196,125,1
196,126,0.393964
196,127,0.888412
196,128,0.45199
196,129,0.442939
196,130,0.372929
196,131,0.783974
196,132,0.628656
196,133,0.637223
196,134,0.484447
196,135,0.615858
196,136,0.755364
196,137,0.37387
196,138,0.848934
196,139,0.296303
196,140,0.541305
196,141,0.274243
196,142,0.5692
196,143,0.366606
196,144,0.733383
196,145,0.251486
196,146,0.250273
196,147,0.609768
196,148,0.409622
196,149,0.552812
196,150,0.244869
196,151,0.248547
196,152,0.241023
196,153,0.238907
196,154,0.236669
196,155,0.371109
196,156,0.231846
196,157,0.229271
196,158,0.226593
196,159,0.273473
196,160,0.25743
196,161,0.219484
196,162,0.216488
196,163,0.750868
196,164,0.636536
196,165,0.289464
196,166,0.269513
196,167,0.303921
196,168,0.589682
196,169,0.193596
196,170,0.354936
196,171,0.186593
196,172,0.255353
196,173,0.181253
196,174,0.308854
196,175,0
196,176,0
196,177,0.448103
196,178,0.542992
196,179,0.390599
196,180,0.112875
196,181,0
196,182,0
196,183,0.448139
196,184,0.102217
196,185,0
196,186,0
196,187,0.297527
196,188,0.0633301
196,189,0.286955
196,190,0.795634
196,191,0.548638
196,192,0.643222
196,193,0
196,194,0.542517
196,195,0.523529
196,196,0
196,197,0.475484
196,198,0.103609
196,199,0.104511
197,0,0.230932
197,1,0.00784707
197,2,0.256037
197,3,0.229934
197,4,0.402027
197,5,0.361202
197,6,0.00784707
197,7,0.582993
197,8,0.560998
197,9,0.639186
197,10,0.422147
197,11,0.243936
197,12,0.0310809
197,13,0.532753
197,14,0.266241
197,15,0.00629461
197,16,0.00604045
197,17,0.34848
197,18,0.00604045
197,19,0.320899
197,20,0.559932
197,21,0.309352
197,22,0.229484
197,23,0.202543
197,24,0.0162998
197,25,0.226603
197,26,0.00580698
197,27,0.556026
197,28,0.005595
197,29,0.005595
197,30,0.587762
197,31,0.00540529
197,32,0.0876562
197,33,0.168565
197,34,0.513571
197,35,0.00509583
197,36,0.00523865
197,37,0.00523865
197,38,0.00509583
197,39,0.00488465
197,40,0.00488465
197,41,0.485919
197,42,0.320039
197,43,0.0540027
197,44,0.360861
197,45,0.00482443
197,46,0.0947877
197,47,0.537079
197,48,0.00530137
197,49,0.323863
197,50,0.200984
197,51,0.50061
197,52,0.00698032
197,53,0.00661631
197,54,0.0406843
197,55,0.342805
197,56,0.345159
197,57,0.163015
197,58,0.256499
197,59,0.40814
197,60,0.332706
197,61,0.21429
197,62,0.0158812
197,63,0.0177551
197,64,0.0197828
197,65,0.0197828
197,66,0.0219641
197,67,0.0242987
197,68,0.0280857
197,69,0.118347
197,70,0.133607
197,71,0.0336597
197,72,0.0382241
197,73,0.039817
197,74,0.313438
197,75,0.0448038
197,76,0.205331
197,77,0.0500932
197,78,0.0537806
197,79,0.245154
197,80,0.617186
197,81,0.411143
197,82,0.206018
197,83,0.0739648
197,84,0.650559
197,85,0.708897
197,86,0.0849951
197,87,0.470513
197,88,0.35477
197,89,0.599415
197,90,0.361321
197,91,0.16949
197,92,0.294125
197,93,0.573122
197,94,0.434346
197,95,0.522705
197,96,0.673254
197,97,0.893484
197,98,0.969062
197,99,0.863387
197,100,0.446588
197,101,0.529573
197,102,0.268649
197,103,0.855921
197,104,0.78105
197,105,0.812933
197,106,1
197,107,0.341943
197,108,0.995814
197,109,1
197,110,0.898411
197,111,0.907214
197,112,0.792114
197,113,0.372696
197,114,0.382335
197,115,0.668657
197,116,0.390048
197,117,0.394229
197,118,0.397593
197,119,0.79059
197,120,1
197,121,0.787412
197,122,1
197,123,0.402221
197,124,0.422566
197,125,0.530733
197,126,0.929969
197,127,1
197,128,0.411743
197,129,0.867923
197,130,0.91792
197,131,0.792507
197,132,0.36543
197,133,0.941581
197,134,0.541954
197,135,0.973486
197,136,0.622596
197,137,0.407824
197,138,0.316188
197,139,0.448479
197,140,0.325673
197,141,0.868215
197,142,0.273892
197,143,0.912538
197,144,0.253449
197,145,0.252546
197,146,0.361094
197,147,0.250273
197,148,0.24961
197,149,0.452675
197,150,0.647445
197,151,0.244869
197,152,0.243012
197,153,0.480697
197,154,0.238907
197,155,0.236669
197,156,0.804391
197,157,0.231846
197,158,0.229271
197,159,0.226593
197,160,0.553167
197,161,0.222395
197,162,0.668168
197,163,0.721786
197,164,0.695248
197,165,0.210264
197,166,0.58504
197,167,0.216585
197,168,0.408638
197,169,0.672359
197,170,0.607525
197,171,0.691804
197,172,0.513043
197,173,0.752608
197,174,0.425573
197,175,0.369343
197,176,0
197,177,0
197,178,0.521182
197,179,0.0273816
197,180,0.394283
197,181,0.281119
197,182,0.122091
197,183,0.550331
197,184,0
197,185,0.410553
197,186,0
197,187,0
197,188,0.467417
197,189,0.28697
197,190,0.143826
197,191,0.240968
197,192,0.403023
197,193,0.0461598
197,194,0.202097
197,195,0.340936
197,196,0.369768
197,197,0
197,198,0.102587
197,199,0.779742
198,0,0.954768
198,1,0.582444
198,2,0.265854
198,3,0.561325
198,4,0.275982
198,5,0.201186
198,6,0.344371
198,7,0.0075018
198,8,0.281194
198,9,0.500321
198,10,0.00686176
198,11,0.612655
198,12,0.186096
198,13,0.374876
198,14,0.00686176
198,15,0.00686176
198,16,0.519427
198,17,0.623662
198,18,0.125329
198,19,0.600531
198,20,0.255724
198,21,0.560108
198,22,0.00656866
198,23,0.608305
198,24,0.0442264
198,25,0.00629461
198,26,0.00629461
198,27,0.416565
198,28,0.372506
198,29,0.00604045
198,30,0.192301
198,31,0.360225
198,32,0.00540529
198,33,0.005595
198,34,0.230452
198,35,0.3492
198,36,0.282231
198,37,0.005595
198,38,0.00540529
198,39,0.00509583
198,40,0.00509583
198,41,0.00488465
198,42,0.00488465
198,43,0.20757
198,44,0.507015
198,45,0.139373
198,46,0.508184
198,47,0.333144
198,48,0.0751912
198,49,0.00549865
198,50,0.265086
198,51,0.00489801
198,52,0.00628661
198,53,0.465379
198,54,0.00599075
198,55,0.232258
198,56,0.00698032
198,57,0.00781301
198,58,0.00932957
198,59,0.508421
198,60,0.0119343
198,61,0.544387
198,62,0.226719
198,63,0.139193
198,64,0.0177551
198,65,0.0177551
198,66,0.0197828
198,67,0.332336
198,68,0.0870734
198,69,0.0267855
198,70,0.600757
198,71,0.179038
198,72,0.0996808
198,73,0.0366667
198,74,0.0382241
198,75,0.0414448
198,76,0.358683
198,77,0.0465339
198,78,0.0500932
198,79,0.0537806
198,80,0.130448
198,81,0.478583
198,82,0.0655635
198,83,0.439648
198,84,0.409768
198,85,0.0739648
198,86,0.139417
198,87,0.670707
198,88,0.288892
198,89,0.603782
198,90,0.661721
198,91,0.783981
198,92,0.630513
198,93,0.361689
198,94,0.393298
198,95,0.784392
198,96,0.657574
198,97,0.723258
198,98,0.577682
198,99,0.211922
198,100,0.226659
198,101,0.615576
198,102,0.802968
198,103,0.57732
198,104,0.832081
198,105,0.989215
198,106,0.968741
198,107,0.561267
198,108,1
198,109,1
198,110,0.753267
198,111,0.51558
198,112,0.86197
198,113,1
198,114,0.376148
198,115,0.516431
198,116,0.385058
198,117,0.559341
198,118,0.394229
198,119,0.722314
198,120,0.40023
198,121,1
198,122,0.620189
198,123,1
198,124,0.619148
198,125,1
198,126,0.886316
198,127,0.396799
198,128,0.804554
198,129,0.451072
198,130,0.46694
198,131,0.824764
198,132,1
198,133,0.36543
198,134,0.357867
198,135,0.72462
198,136,1
198,137,0.335574
198,138,0.326105
198,139,0.973365
198,140,0.306613
198,141,0.714679
198,142,0.299149
198,143,0.724428
198,144,0.51401
198,145,0.300304
198,146,0.252546
198,147,0.554489
198,148,0.641932
198,149,0.24961
198,150,0.248172
198,151,0.739692
198,152,0.244869
198,153,0.452623
198,154,0.574777
198,155,0.537582
198,156,0.315285
198,157,0.25144
198,158,0.637671
198,159,0.229271
198,160,0.520038
198,161,0.225217
198,162,0.58542
198,163,0.362861
198,164,0.216488
198,165,0.761706
198,166,0.210264
198,167,0.207047
198,168,0.801252
198,169,0.200427
198,170,0.197035
198,171,0.193596
198,172,0.6917
198,173,0.188358
198,174,0.338185
198,175,0.0244406
198,176,0.226857
198,177,0.404914
198,178,0.637567
198,179,0
198,180,0.661037
198,181,0
198,182,0
198,183,0
198,184,0.378254
198,185,0.507826
198,186,0.630723
198,187,0
198,188,0
198,189,0.466441
198,190,0
198,191,0.67897
198,192,0.617937
198,193,0.812975
198,194,0.275998
198,195,0.829497
198,196,0.809527
198,197,0.474558
198,198,0
198,199,0.982879
199,0,0.805637
199,1,0.412733
199,2,0.69487
199,3,0.551411
199,4,0.287608
199,5,0.00937642
199,6,0.255247
199,7,0.665446
199,8,0.532055
199,9,0.0075018
199,10,0.621175
199,11,0.0075018
199,12,0.0075018
199,13,0.0075018
199,14,0.0075018
199,15,0.158221
199,16,0.33307
199,17,0.591842
199,18,0.00717308
199,19,0.401228
199,20,0.00717308
199,21,0.638317
199,22,0.550606
199,23,0.531614
199,24,0.356831
199,25,0.448371
199,26,0.00686176
199,27,0.2369
199,28,0.292157
199,29,0.365922
199,30,0.218437
199,31,0.13608
199,32,0.0658873
199,33,0.214358
199,34,0.00604045
199,35,0.00580698
199,36,0.482246
199,37,0.535737
199,38,0.627775
199,39,0.322058
199,40,0.00540529
199,41,0.560809
199,42,0.416342
199,43,0.0941822
199,44,0.58334
199,45,0.581916
199,46,0.559981
199,47,0.20968
199,48,0.472921
199,49,0.00513588
199,50,0.00513588
199,51,0.510171
199,52,0.00572827
199,53,0.00549865
199,54,0.353412
199,55,0.517296
199,56,0.567539
199,57,0.549146
199,58,0.087141
199,59,0.193355
199,60,0.251512
199,61,0.0111753
199,62,0.0125923
199,63,0.0141605
199,64,0.216717
199,65,0.0158812
199,66,0.0177551
199,67,0.056271
199,68,0.0231123
199,69,0.0242987
199,70,0.0267855
199,71,0.119365
199,72,0.0322107
199,73,0.554152
199,74,0.611015
199,75,0.600174
199,76,0.528664
199,77,0.583637
199,78,0.231882
199,79,0.422481
199,80,0.0537806
199,81,0.596859
199,82,0.37721
199,83,0.186489
199,84,0.0676254
199,85,0.182669
199,86,0.167059
199,87,0.0783114
199,88,0.209093
199,89,0.722357
199,90,0.560364
199,91,0.096514
199,92,0.856049
199,93,0.710116
199,94,0.118959
199,95,0.550112
199,96,0.199728
199,97,0.248387
199,98,0.18161
199,99,0.573929
199,100,0.383116
199,101,0.271517
199,102,0.241055
199,103,0.430948
199,104,0.26188
199,105,0.275231
199,106,0.429258
199,107,0.300425
199,108,1
199,109,1
199,110,0.918198
199,111,0.343813
199,112,0.9343
199,113,0.585424
199,114,0.793651
199,115,1
199,116,1
199,117,0.385058
199,118,1
199,119,0.423438
199,120,1
199,121,0.859905
199,122,0.501257
199,123,1
199,124,0.671773
199,125,0.67134
199,126,0.682611
199,127,0.91658
199,128,0.944145
199,129,0.762164
199,130,0.477449
199,131,0.384322
199,132,0.984893
199,133,0.543822
199,134,0.651855
199,135,0.357867
199,136,0.586518
199,137,0.962784
199,138,0.335574
199,139,0.543302
199,140,0.82362
199,141,0.898523
199,142,0.693722
199,143,0.568124
199,144,0.289738
199,145,0.281733
199,146,0.405548
199,147,0.252546
199,148,0.254152
199,149,0.334263
199,150,0.299853
199,151,0.248172
199,152,0.246591
199,153,0.575688
199,154,0.243012
199,155,0.418184
199,156,0.238907
199,157,0.428887
199,158,0.234314
199,159,0.770717
199,160,0.230572
199,161,0.420598
199,162,0.225217
199,163,0.816762
199,164,0.806419
199,165,0.398508
199,166,0.811056
199,167,0.265257
199,168,0.246562
199,169,0.203766
199,170,0.72188
199,171,0.197035
199,172,0.702524
199,173,0.373238
199,174,0.350138
199,175,0
199,176,0.473701
199,177,0
199,178,0
199,179,0
199,180,0.18431
199,181,0.314295
199,182,0
199,183,0.264261
199,184,0.0107541
199,185,0.0893927
199,186,0
199,187,0.202171
199,188,0.694608
199,189,0.140161
199,190,0.170935
199,191,0
199,192,0.772867
199,193,0.284617
199,194,0
199,195,0.813453
199,196,0.847687
199,197,0
199,198,0.313138
199,199,0
